Ticker,Company,GICS Sector,Sector,Industry,Currency,As Of,Price,Market Cap,Shares Out,Cash,Total Debt,Net Debt (Debt - Cash),Total Assets,Total Liabilities,NTA,NTA / Share,"Book Value (Total, Yahoo)",Book Value / Share (Yahoo),"Book Value (Total, Assets-Liab)",Book Value / Share (Assets-Liab),DCF Price (5yr),Residual Income Price,Asset Based Price,SOTP Price,Dividend Discount Price,Earnings Power Value (EPV) Price,Option Pricing Value,DCF Estimate,DCF Premium/(Discount),Residual Income Premium/(Discount),Asset Based Premium/(Discount),SOTP Premium/(Discount),Dividend Discount Premium/(Discount),EPV Premium/(Discount),Option Pricing Premium/(Discount),Undervalued Methods Count,Margin of Safety,MOS Buy Price,FCF (Yahoo),Revenue Growth (Yahoo),Growth Input Used,Beta,Risk Free Rate,Market Risk Premium,Cost of Equity,WACC,Terminal Growth Rate,Valuation Period (yrs),Tax Rate,FCF Yield,Trailing PE,Forward PE,P/B,EV/EBITDA,Net Debt/EBITDA,ROA,ROE,Gross Margin,Operating Margin,Profit Margin,Debt/Equity,Current Ratio,Quick Ratio,Held % Insiders,Held % Institutions,Short % Float,Dividend Rate (Yahoo),Dividend Yield (Yahoo),Payout Ratio (Yahoo),5Y Avg Dividend Yield (Yahoo),Ex-Dividend Date (Yahoo),Last Dividend Value (Yahoo),Last Dividend Date (Yahoo),"Dividend Yield (Latest, Calc)",Dividend Yield Δ% (Yahoo→Calc),Reverse DCF Implied Growth,PEG Ratio,Enterprise Value (Yahoo/Calc),Return 1m,Return 3m,Return 6m,Return 12m,SMA20,SMA50,SMA200,% from SMA20,% from SMA50,% from SMA200,% Dist SMA200D,SMA200W,% Dist SMA200W,"MACD (12,26)",MACD Signal (9),"MACD Hist (12,26,9)",ADX14,Stoch %K (14),Stoch %D (3),"BB %B (20,2)","BB Width (20,2)",Support D1,Support D2,Resistance D1,Resistance D2,Support D1 %,Support D2 %,Resistance D1 %,Resistance D2 %,R:R (D),Support W1,Support W2,Resistance W1,Resistance W2,Support W1 %,Support W2 %,Resistance W1 %,Resistance W2 %,R:R (W),Support M1,Support M2,Resistance M1,Resistance M2,Support M1 %,Support M2 %,Resistance M1 %,Resistance M2 %,R:R (M),52W High,52W Low,% From 52W High,% From 52W Low,RSI14,ATR (14),ATR% (14),"Vol (20d, ann)","Vol (60d, ann)",Max Drawdown (1y),Avg Vol 20d,Avg $Vol 20d,Beta vs Benchmark (1y),Data Quality Score,_v_dcf,_v_fcf,_v_mos,_v_pb,_q_roe,_q_pm,_q_nd,_r_vol,_r_atr,_r_mdd,_liq,Liquidity Bonus,Value Score,Quality Score,Risk Score,Screener Score
1GOV,VanEck 1-5 Year Australian Government Bond ETF,Unknown,,Spotlight ETP List,AUD,2026-08-14,51.31999969482422,,,,,,,,,,,,,,,,,,,,17.429197027206953,,,,,,,,-0.6603819732881888,0,0.25,,,,0.05,,0.04,0.06,,,0.02,5,0.3,,,,,,,,,,,,,,,,,,,,,,,0.115,2026-08-03,,,,,,0.002048103021637049,0.016842284525107942,0.013576537966250024,0.00988569663268457,51.221123695373535,51.18323616027832,50.706164569854735,0.0023208482875414216,0.003062799542777439,0.012500168137543843,0.012500168137543843,,,0.04600728380892605,0.040347542443003426,0.0056597413659226214,18.935698325134016,82.4341248201732,84.77238360809862,0.8539547346994019,0.006556907027991657,51.103382854932136,50.51509115582972,51.41466522216797,,0.00460882931344962,0.01606756903596517,0.0014543254647091093,,0.3155520341065907,,,,,,,,,,,,,,,,,,,51.41466522216797,49.905546192119346,-0.001452213473674191,0.02874337763875756,61.590013938784,0.05679815929173809,0.0011063139681131277,0.014655986359573391,0.022282581638315445,0.0,2427.6,124344.39988288879,0.05178707481428858,0.23076923076923078,,,,,,,,0.9570446735395189,0.9537671232876712,0.5008532423208191,0.3247422680412371,3.25,,,81.94,
28BB,Betashares 2028 Fixed Term Corporate Bond Active ETF,Unknown,,Spotlight ETP List,AUD,2026-08-14,24.860000610351562,,,,,,,,,,,,,,,,,,,,8.442904351342015,,,,,,,,-0.6603819732881889,0,0.25,,,,0.05,,0.04,0.06,,,0.02,5,0.3,,,,,,,,,,,,,,,,,,,,,,,0.084354,2026-08-03,,,,,,0.004611541417160581,0.018443852674217887,0.021043421489572722,0.02579730126328328,24.791705417633057,24.738016967773437,24.446788930892943,0.0027547597701742532,0.004931019440120643,0.016902493027886045,0.016902493027886045,,,0.03470071263581076,0.03191294757908985,0.0027877650567209103,34.677754762464936,93.50704033486483,84.84976078135126,0.8826688104561778,0.007198809244187568,24.77001375233156,24.542505630075226,,,0.0036197448033260054,0.01277131828163083,,,,,,,,,,,,,,,,,,,,,,24.8700008392334,24.210067749023438,-0.00040210006209806526,0.02684556144434347,65.87726326937529,0.024303333510243823,0.0009776079208994087,0.017198024875882463,0.0185905804991935,0.0,320.4,7943.262415809631,0.022447167843061784,0.23076923076923078,,,,,,,,0.9536082474226804,0.9606164383561644,0.5008532423208191,0.07731958762886598,0.77,,,81.95,
29BB,Betashares 2029 Fixed Term Corporate Bond Active ETF,Unknown,,Spotlight ETP List,AUD,2026-08-14,24.700000762939453,,,,,,,,,,,,,,,,,,,,8.388565518889727,,,,,,,,-0.6603819732881888,0,0.25,,,,0.05,,0.04,0.06,,,0.02,5,0.3,,,,,,,,,,,,,,,,,,,,,,,0.085699,2026-08-03,,,,,,0.004292039207201226,0.017902308712091086,0.014948527660430866,0.017592283660408325,24.638941955566406,24.593938598632814,24.343146448135375,0.002478142425237362,0.004312532695049276,0.014659334016840386,0.014659334016840386,,,0.03739437180420424,0.0336090257572866,0.0037853460469176384,44.65100259058322,100.0,100.0,0.7601126081208661,0.009527190716129194,24.677135970916403,24.47931024972325,,,0.0009257000533116168,0.00893483831576764,,,,,,,,,,,,,,,,,,,,,,24.700000762939453,24.04709594122687,0.0,0.027151088152529423,69.8941119051131,0.014550346450214904,0.000589082834039691,0.020483022272174925,0.01747582309335221,0.0,283.8,6992.531726989746,0.05509174953984451,0.23076923076923078,,,,,,,,0.9484536082474226,0.9794520547945206,0.5008532423208191,0.061855670103092786,0.62,,,82.19,
30BB,Betashares 2030 Fixed Term Corporate Bond Active ETF,Unknown,,Spotlight ETP List,AUD,2026-08-14,24.56999969482422,,,,,,,,,,,,,,,,,,,,8.344414812666002,,,,,,,,-0.6603819732881889,0,0.25,,,,0.05,,0.04,0.06,,,0.02,5,0.3,,,,,,,,,,,,,,,,,,,,,,,0.090429,2026-08-03,,,,,,0.003679033511818419,0.023555497146647397,0.016171760963642035,0.014279003105780674,24.54443187713623,24.497948112487794,24.231666383743285,0.003486219769058163,0.005390290144809962,0.016438521838124664,0.016438521838124664,,,0.034708462440189436,0.033638736109480524,0.0010697263307089117,35.03641435166129,100.0,86.34797266097348,0.8321626053330997,0.010495521509900341,24.570634018711644,24.341117845601744,,,0.002410277875669646,0.011728839829804783,,,,,,,,,,,,,,,,,,,,,,24.6299991607666,23.786758422851562,0.0,0.035450006382750754,63.3648902653504,0.030246287824270468,0.0012280263440873403,0.03219847705145956,0.022200127631487487,0.0,410.05,10064.444291219712,0.04708367942883647,0.23076923076923078,,,,,,,,0.9312714776632303,0.9486301369863014,0.5008532423208191,0.08934707903780069,0.89,,,80.65,
31BB,BetaShares 2031 Fixed Term Corporate Bond Active ETF,Unknown,,Spotlight ETP List,AUD,2026-08-14,25.31999969482422,,,,,,,,,,,,,,,,,,,,8.599128332699857,,,,,,,,-0.660381973288189,0,0.25,,,,0.05,,0.04,0.06,,,0.02,5,0.3,,,,,,,,,,,,,,,,,,,,,,,0.111792,2026-07-01,,,,,,-0.0019708767345349987,0.018522259572805844,,,25.279999923706054,25.289579963684083,,0.0015822694319178598,0.0012028563220036759,,,,,0.0024460802336214726,-0.0037375680658337162,0.006183648299455189,26.94471134635764,100.0,96.2962178047161,0.7151636704792182,0.007353794571331407,25.250718394915264,24.93884237897872,25.450000762939453,,0.0027362283074243805,0.015053606652428721,0.005134323447160567,,1.8764236278198292,,,,,,,,,,,,,,,,,,,25.450000762939453,24.849632757070953,-0.005108096825857222,0.018928526725185524,61.48086906589722,0.012541616102998253,0.0004953244966097667,0.015239760292347753,0.027542829908123463,0.0,136.15,3441.8719896125795,0.02683926935122492,0.23076923076923078,,,,,,,,0.9553264604810997,0.9828767123287672,0.5008532423208191,0.041237113402061855,0.41,,,82.59,
5GOV,VanEck 5-10 Year Australian Government Bond ETF,Unknown,,Spotlight ETP List,AUD,2026-08-14,51.689998626708984,,,,,,,,,,,,,,,,,,,,17.554855334339134,,,,,,,,-0.6603819732881888,0,0.25,,,,0.05,,0.04,0.06,,,0.02,5,0.3,,,,,,,,,,,,,,,,,,,,,,,0.125,2026-08-03,,,,,,-0.00047370265449475646,0.02385777853944182,0.007221835416949318,-0.004107178126510513,51.58414993286133,51.702093505859374,51.21668371200562,0.0037966865149556828,0.0015068108108362566,0.010998663452300272,0.010998663452300272,,,0.015210567425413046,-0.002336670900173735,0.01754723832558678,12.978595371661537,83.46489842688642,72.40964252295174,0.8165696739703364,0.0119932097959308,51.74157706441304,51.121941268727,52.14795205074424,52.7275241265001,0.0007420184586638852,0.012708720086586519,0.007106088839740965,0.018299060825433484,9.576700898433897,,,,,,,,,,,,,,,,,,,52.7275241265001,49.81713826070282,-0.01797022262850778,0.03940131021420834,54.84788821953499,0.14068073398469066,0.002716893343012956,0.045996709560834174,0.04268817490448666,0.0,36526.65,1884196.1901451494,0.14371987529995545,0.23076923076923078,,,,,,,,0.8814432989690721,0.9058219178082192,0.5008532423208191,0.7955326460481099,7.96,,,77.34,
8IH,8I Holdings Ltd,Unknown,,Spotlight LIC List,AUD,2026-08-14,0.013000000268220901,4655804.0,358138783.0,12983421.0,0.0,-12983421.0,13562415.0001,,,,13091754.975372992,0.036554977,,,0.21897907165751293,0.03369863047028554,,0.17518325732601037,,0.13281885225236556,0.004415034438346199,Undervalued,15.844543626111866,1.5922022903848234,,12.475634900889494,,9.21683457784592,-0.6603819732881889,3,0.25,0.1642343037431347,1753509.0,,0.05,0.189,0.04,0.06,0.05134,0.05134,0.02,5,0.3,0.3766286123728576,,,0.35562873,31.721,48.696898547354444,-0.01679,-0.03081,0.99783,1.9631101,-0.27657,15.992,6.422,6.418,0.51478,0.0,,,,0.0,,2017-08-11,0.0023,2017-11-07,,,-0.1,,-8457330.0,0.0,-0.07142858093186266,-0.18750002182787184,0.30000005587935563,0.013000000268220901,0.012460000179708004,0.015045000151731073,0.0,0.04333869026682091,-0.1359255475497536,-0.1359255475497536,,,0.00013557826076341685,0.00016532775187573978,-2.974949111232293e-05,64.86080146979093,,,,0.0,0.012000000104308128,0.010999999940395355,0.014000000432133675,0.014999999664723873,0.07692308794464563,0.15384617588929125,0.07692308794464563,0.15384610424909467,1.0,,,,,,,,,,,,,,,,,,,0.05000000074505806,0.009999999776482582,-0.739999998509884,0.30000005587935563,86.41586487751546,1.821510696722148e-05,0.0014011620454923487,0.0,0.1693533715612785,0.0,16529.5,214.8835044335574,0.0059021432519898,0.9230769230769231,0.90625,0.9489795918367347,0.90625,0.9696969696969697,0.08163265306122448,0.045454545454545456,0.02941176470588236,0.9948453608247423,0.9452054794520548,0.5008532423208191,0.013745704467353952,0.14,92.54,6.29,83.42,64.53
A200,Betashares Australia 200 ETF,Unknown,,Spotlight ETP List,AUD,2026-08-14,153.44000244140625,,,,,,,,,,,,,,,,,,,,52.110990847805866,,,,,,,,-0.6603819732881889,0,0.25,,,,0.05,,0.04,0.06,,,0.02,5,0.3,,,,,,,,,,,,,,,,,,,,,,,0.98188,2026-07-01,,,,,,0.03154687481560581,0.07304249075318814,0.03703014144448358,0.055133238677785856,150.72100067138672,148.19866485595702,145.15102111816407,0.008817632409890086,0.025987671343356222,0.04752968239870281,0.04752968239870281,,,1.7423945207018505,1.6699342459191486,0.0724602747827019,20.0187378365496,59.12210600786592,73.62775162807614,0.6146021565321708,0.07694124331259757,151.51300687788475,149.4002818450594,155.02999877929688,,0.003531707748077258,0.017426643561437163,0.01959878768647359,,5.549379814098042,,,,,,,,,,,,,,,,,,,155.02999877929688,137.058412429726,-0.0192220586402857,0.10938103219106288,57.7087947011623,1.3614333219766572,0.008953852644864634,0.10461377235204102,0.10814855811225153,0.0,133067.7,20056096.901039887,0.9699652532819687,0.23076923076923078,,,,,,,,0.6718213058419245,0.5702054794520548,0.5008532423208191,0.9845360824742269,9.85,,,59.51,
A300,Global X Australia 300 ETF,Unknown,,Spotlight ETP List,AUD,2026-08-14,53.22999954223633,,,,,,,,,,,,,,,,,,,,18.077867406404906,,,,,,,,-0.6603819732881889,0,0.25,,,,0.05,,0.04,0.06,,,0.02,5,0.3,,,,,,,,,,,,,,,,,,,,,,,0.561275,2026-07-02,,,,,,0.030338417519298222,0.06916926458488315,0.039649682005461706,,52.51999988555908,51.68587242126465,50.611886520385745,0.008758561646602825,0.02503831434678938,0.046789661177651265,0.046789661177651265,,,0.5740007615456619,0.5573339293094856,0.016666832236176377,23.78875790574921,59.74574079462063,70.68293669315061,0.6170905088977513,0.07480163617916535,52.83895849901993,52.32189722272929,53.93000030517578,,0.0026621563691022194,0.012421712442303622,0.01793130938368734,,6.735633410495139,,,,,,,,,,,,,,,,,,,53.93000030517578,47.89714056737127,-0.017615441453062264,0.10612030101704306,56.90923012646371,0.40492383484165717,0.007642956556065025,0.11612534954853411,0.11179481762855914,0.0,1193.65,62690.4978633976,0.9627500820363675,0.23076923076923078,,,,,,,,0.6168384879725086,0.654109589041096,0.5008532423208191,0.24398625429553264,2.44,,,59.14,
AAA,Betashares Australian High Interest Cash ETF,Unknown,,Spotlight ETP List,AUD,2026-08-14,50.13999938964844,,,,,,,,,,,,,,,,,,,,17.028447652043813,,,,,,,,-0.660381973288189,0,0.25,,,,0.05,,0.04,0.06,,,0.02,5,0.3,,,,,,,,,,,,,,,,,,,,,,,0.18893,2026-08-03,,,,,,0.003773978116301091,0.01125807396077616,0.021695386725252952,0.04072779711846031,50.0691032409668,49.94074691772461,49.323290843963626,0.0018154230965123919,0.004390261324058953,0.0169637708500725,0.0169637708500725,,,0.06052498406199902,0.06022422519989826,0.00030075886210076397,99.99782752347393,100.0,97.41107163330594,0.9493910465534111,0.004039740245017506,,,,,,,,,,,,,,,,,,,,,,,,,,,,50.15999984741211,48.17782974243164,0.0,0.04114278529310167,97.5012608577658,0.015594453166403602,0.0003108942028277969,0.002408838509807625,0.0029862727713360826,0.0,297559.15,14898519.801644327,0.0011595102392454129,0.23076923076923078,,,,,,,,0.9896907216494846,0.9914383561643836,0.5008532423208191,0.9707903780068728,9.71,,,84.35,
AASF,Airlie Australian Share Fund - Active ETF,Unknown,,Spotlight ETP List,AUD,2026-08-14,3.9600000381469727,,,,,,,,,,,,,,,,,,,,1.3448873987341716,,,,,,,,-0.6603819732881888,0,0.25,,,,0.05,,0.04,0.06,,,0.02,5,0.3,,,,,,,,,,,,,,,,,,,,,,,0.18,2026-07-01,,,,,,0.028645868742994463,0.08845414817783892,0.09711560097959326,0.02885379701211055,3.9080000281333924,3.8360930061340333,3.664297877550125,0.010747190186276567,0.029693503616190053,0.07796914434385593,0.07796914434385593,,,0.050656059743714454,0.04963745605929315,0.0010186036844213042,29.19114202702406,59.09095342493663,70.00755955450713,0.6222584263866655,0.08790551705848386,3.9200000762939453,3.8381768473088664,4.039999961853027,,0.007594929374080014,0.028309670639225088,0.02278478812224004,,3.0,,,,,,,,,,,,,,,,,,,4.039999961853027,3.371149924618287,-0.022277206687900897,0.17170702460851595,57.357919296572796,0.03954265161454951,0.010010797756252524,0.12114010576772678,0.12214506798075353,0.0,45685.9,178540.49848529935,0.8315913142966638,0.23076923076923078,,,,,,,,0.5824742268041236,0.5034246575342466,0.5008532423208191,0.3711340206185567,3.71,,,53.82,
ABG,Abacus Group,Real Estate,,Spotlight A-REITS  List,AUD,2026-08-14,0.9100000262260437,831101632.0,893657633.0,23830000.0,955443968.0,931613968.0,,1025060000.0,,,1572837434.08,1.76,,,-0.8350869573086194,1.6848727677820077,,-0.6680695658468956,1.323140252866804,0.0514174978482307,0.30905241321458526,Overvalued,-1.917677948617096,0.8515084826640278,,-1.7341423588936768,0.45400023597157163,-0.9434972567402338,-0.6603819732881889,2,0.25,-0.6263152179814645,24068250.0,-0.13,-0.1,0.967,0.04,0.06,0.09802,0.09802,0.02,5,0.3,0.028959454624196912,,,0.5284091,11.36,6.004060013920755,0.03714,0.051149998,0.81463,0.57598,0.33758,60.743,1.727,0.851,0.58746,0.09454001,,0.09,0.091400005,0.9465,0.0801,2026-06-30,0.0425,2026-06-30,0.0989010960507863,0.08206882538776987,0.2,,1762715904.0,-0.0326087287502157,-0.08049931319434156,-0.18176597391663352,-0.2211067313343037,0.9312500029802322,0.9416666567325592,1.0193498563766479,-0.04429532043311313,-0.05486726185776769,-0.1268944807051291,-0.1268944807051291,,,-0.007945239204003363,-0.003915171307995359,-0.004030067896008004,26.59395244993489,10.526302580692116,5.977901149040985,-0.09570338118658277,0.0743580141258913,,,0.8980902609119897,0.9100000262260437,,,0.009090197019259318,0.022471956014182424,,,,,,,,,,,,,,,,,,,,1.19815993309021,0.8799999952316284,-0.25719433515068413,0.01136362558800319,30.432592551045786,0.0198192584594232,0.022268830087619516,0.22498274082427575,0.24383727535059618,0.0,788535.4,734323.5936000186,0.4444868767286402,1.0,0.11458333333333333,0.4387755102040816,0.11458333333333333,0.898989898989899,0.41836734693877553,0.5,0.38235294117647056,0.21993127147766323,0.10787671232876717,0.5008532423208191,0.6460481099656358,6.46,29.03,43.75,27.62,39.55
ACDC,Global X Battery Tech & Lithium ETF,Unknown,,Spotlight ETP List,AUD,2026-08-14,132.52999877929688,,,,,,,,,,,,,,,,,,,,45.00957666554354,,,,,,,,-0.6603819732881889,0,0.25,,,,0.05,,0.04,0.06,,,0.02,5,0.3,,,,,,,,,,,,,,,,,,,,,,,16.336863,2026-07-02,,,,,,0.001592291835784465,-0.13458138467978165,0.019308175330449595,0.4000194558334387,126.09949989318848,136.05156646728517,135.06026210784913,0.04750610787335674,-0.029118151538131243,-0.021992151678090655,-0.021992151678090655,,,-0.9235792235349152,-2.6748271106943813,1.751247887159466,24.15419279498653,96.00748946734161,97.79152651577247,0.8323211850843135,0.1429523906557564,131.86000061035156,129.52498647213102,132.67053545560188,133.99766745168566,0.0017412047385535975,0.019418653470155492,0.004395027131549126,0.014442207333514843,2.5241300085135503,,,,,,,,,,,,,,,,,,,164.5125438013358,92.2816079412032,-0.1970825246164719,0.4313794404411673,53.28794379645775,2.9121155758054984,0.022046450575683336,0.3523212959815667,0.3541069950052951,0.0,12406.6,1564466.0553748321,1.444319899971517,0.23076923076923078,,,,,,,,0.07388316151202745,0.11643835616438358,0.5008532423208191,0.7766323024054983,7.77,,,21.26,
ACQ,Acorn Capital Investment Fund Limited,Unknown,,Spotlight LIC List,AUD,2026-08-14,0.8899999856948853,79781984.0,90149139.0,120272000.0,0.0,-120272000.0,,1058000.0,,,113137169.445,1.255,,,15.882798475486554,1.4192607947698352,,12.706238780389244,1.8041237113402062,4.935649908116072,0.30226003891523706,Undervalued,16.845841270531867,0.5946750759346575,,13.276673016425494,1.0271053262226748,4.545674143199524,-0.6603819732881889,4,0.25,11.912098856614916,24319000.0,3.164,0.25,0.48,0.04,0.06,0.0688,0.0688,0.02,5,0.3,0.3048181905328401,,,0.7051793,,,0.18113,0.20868999,1.0,0.96471,0.65696,,22.183,22.136,0.14929,0.10058,,0.07,0.0791,0.22659999,0.07200000000000001,2026-04-16,0.035,2026-04-16,0.07865168665743978,-0.005667678161317598,-0.1,,-40752740.0,0.022988483697581552,-0.0430107754301452,-0.057287041047857756,0.12627334164250703,0.877999997138977,0.8903999960422516,0.9065571594238281,0.013667412978372484,-0.00044924792132117197,-0.018263794573599612,-0.018263794573599612,,,0.0019492395082809644,-0.0015687638074047719,0.0035180033156857362,18.038113299561413,80.0,86.66666666666667,0.7102998911698262,0.06499010961130466,0.8870942322879691,0.8790575931349763,0.8981863307791019,0.9085369390174213,0.003264891520922214,0.012294823298637953,0.009198140691906888,0.02082803777582415,2.8172883028311904,,,,,,,,,,,,,,,,,,,1.011518317109339,0.7761891513759037,-0.120134583189479,0.14662770552414428,52.26148325490841,0.012223383114731208,0.013734138551909704,0.1658844687322357,0.22430295541960427,0.0,48489.25,42573.56136127114,0.6156900686288027,1.0,0.9375,0.9285714285714286,0.9375,0.7474747474747474,0.9183673469387755,0.7348484848484849,,0.3745704467353952,0.3544520547945206,0.5008532423208191,0.19415807560137457,1.94,91.58,,40.74,
ADEF,Apostle Dundas Global Equity Fund - Class D Active ETF,Unknown,,Spotlight ETP List,AUD,2026-08-14,6.300000190734863,,,,,,,,,,,,,,,,,,,,2.139593633061408,,,,,,,,-0.6603819732881889,0,0.25,,,,0.05,,0.04,0.06,,,0.02,5,0.3,,,,,,,,,,,,,,,,,,,,,,,0.0161,2026-06-29,,,,,,0.03273319229047211,0.12175998525685272,0.09081481206710729,0.03377878244984478,6.176000022888184,6.0920889282226565,5.983498814105988,0.02169687814034238,0.035769506506606374,0.05456692460669221,0.05456692460669221,,,0.07188571621503037,0.06127576094933939,0.01060995526569098,40.96085747174299,89.65509870530474,89.8034662184855,0.7830860575689585,0.07664410719011543,6.283344745635986,6.230718020428074,6.35127980368478,6.408652305603027,0.0042242785079666945,0.012564488600699357,0.006541974846208201,0.015634289020299133,1.5486608740097256,,,,,,,,,,,,,,,,,,,6.472842067823723,5.425618117494756,-0.02515774729831033,0.16300111915969895,68.37856030558285,0.030204377774877538,0.004786747709790403,0.12254777537648572,0.1190539913515002,0.0,16423.55,101431.84517590523,0.27655594955095986,0.23076923076923078,,,,,,,,0.5687285223367697,0.7996575342465754,0.5008532423208191,0.30412371134020616,3.04,,,60.61,
AEBD,Betashares Ethical Australian Bond ETF,Unknown,,Spotlight ETP List,AUD,2026-08-14,50.029998779296875,,,,,,,,,,,,,,,,,,,,16.991089461819122,,,,,,,,-0.6603819732881889,0,0.25,,,,0.05,,0.04,0.06,,,0.02,5,0.3,,,,,,,,,,,,,,,,,,,,,,,0.207715,2026-08-03,,,,,,0.0011580122820225025,0.025697575375830173,0.008333698165928993,0.0021663701098177945,49.8884916305542,49.960269622802734,49.45709796905518,0.0038387650987468103,0.0023965484805410497,0.012594832442236248,0.012594832442236248,,,0.03281878507591074,0.013483910766799084,0.019334874309111655,11.329594042071003,89.82369880729397,83.91221595543217,0.8389377796910001,0.011325869610187427,49.96082373532191,49.461909082409136,50.31538391113281,50.654794031376646,0.0023797542207531514,0.012342107149490385,0.00470012123546218,0.011477479618731344,1.9750448153316742,,,,,,,,,,,,,,,,,,,50.65479644481657,48.303942911708255,-0.011347288985517179,0.03676840465369002,55.71848848564433,0.13897198305065644,0.00277499956009346,0.040051990035218026,0.036629190936147776,0.0,1390.75,69382.41973519325,0.13288411259897717,0.23076923076923078,,,,,,,,0.9003436426116839,0.9006849315068494,0.5008532423208191,0.25601374570446733,2.56,,,78.06,
AESG,iShares Global Aggregate Bond ESG (AUD Hedged) ETF,Unknown,,Spotlight ETP List,AUD,2026-08-14,96.72000122070312,,,,,,,,,,,,,,,,,,,,32.84785595813916,,,,,,,,-0.6603819732881889,0,0.25,,,,0.05,,0.04,0.06,,,0.02,5,0.3,,,,,,,,,,,,,,,,,,,,,,,1.496305,2026-03-29,,,,,,0.00020657688466929613,0.013609747670067396,-0.004565288464796757,0.020291107661112973,96.5939998626709,96.78480026245117,96.48869995117188,0.002339688101482773,0.00036368760670679734,0.0034335600315891224,0.0034335600315891224,,,-0.0005363332454209058,-0.028388948666604796,0.02785261542118389,7.774202592401483,77.77767312184463,68.52519540713257,0.7687311380688873,0.008706427242841569,96.72614994016004,95.88816946596923,97.54000091552734,98.15013599385622,0.0009693219888451827,0.009624356866268459,0.0074364926975063255,0.013738239033511502,7.671849790971843,,,,,,,,,,,,,,,,,,,98.15013599385622,94.66210664810535,-0.013552057626443514,0.022795742912637307,52.829346989259555,0.2607396810256198,0.0026930353423617946,0.04223100383399564,0.036439750079884696,0.0,8380.3,809486.6970491408,0.11838799413257488,0.23076923076923078,,,,,,,,0.8917525773195876,0.910958904109589,0.5008532423208191,0.6666666666666666,6.67,,,77.93,
AFI,Australian Foundation Investment Company Limited,Unknown,,Spotlight LIC List,AUD,2026-08-14,6.840000152587891,8307583488.0,1227117155.0,90084000.0,0.0,-90084000.0,,1840222000.0,,,8178735838.075,6.665,,,2.431809759261334,6.48083552631579,,1.9454478074090673,7.9411764705882355,2.904128408352339,2.3229873545303863,Overvalued,-0.6444722653491072,-0.0525094471140051,,-0.7155778122792857,0.1609906861747245,-0.5754198328119083,-0.6603819732881888,1,0.25,1.8238573194460006,92166752.0,0.089,0.089,0.4,0.04,0.06,0.064,0.064,0.02,5,0.3,0.011094291394498954,,,1.015754,25.785,-0.2811777297949062,0.01963,0.0346,1.0,0.93278,0.86087,,4.512,4.512,0.03354,0.023359999,,0.27,0.039100002,1.1315,0.034300000000000004,2026-08-04,0.17,2026-08-04,0.03947368332994063,0.009557066773056202,0.2,,8260944384.0,0.009204643144060887,0.04725911125345639,0.010673717272134953,-0.043527243305804486,6.737063980102539,6.635144023895264,6.6575607848167415,0.0048887766126681775,0.020324495827911182,0.016888947730856918,0.016888947730856918,,,0.038391128700236976,0.03395755654889154,0.004433572151345433,25.242947728411306,67.8571124466326,86.90475582265985,0.6350423799290543,0.036201795430713,6.726108907591758,6.663167626403496,6.803097025938686,6.889567239793829,0.006483171855009187,0.015780259205908777,0.004888780665497556,0.017661338139465053,0.7540723545250874,,,,,,,,,,,,,,,,,,,7.1258498567046455,6.171982305163224,-0.04993788571665114,0.09689231857696878,53.23239061733285,0.09010304251999361,0.013309164368367175,0.13705558577288698,0.1697493524283851,0.0,670486.9,4517113.143120613,0.40775274568312064,1.0,0.3958333333333333,0.2755102040816326,0.3958333333333333,0.24242424242424243,0.2857142857142857,0.8939393939393939,0.7941176470588236,0.4914089347079038,0.3715753424657534,0.5008532423208191,0.9054982817869416,9.05,34.44,54.44,46.43,52.49
AGGG,iShares Core Global Aggregate Bond (AUD Hedged) ETF,Unknown,,Spotlight ETP List,AUD,2026-08-14,99.70999908447266,,,,,,,,,,,,,,,,,,,,33.8633131325051,,,,,,,,-0.6603819732881888,0,0.25,,,,0.05,,0.04,0.06,,,0.02,5,0.3,,,,,,,,,,,,,,,,,,,,,,,0.70873,2026-03-29,,,,,,0.0028101041851869013,0.006243656577375356,-0.0023962208904636517,,99.60299949645996,99.74039947509766,,0.0031826217492236797,0.001800661465091613,,,,,0.0013388816737034404,-0.027254939247263566,0.028593820920967006,23.84723130903544,95.83346578927849,76.25360944794134,0.8595169495595156,0.008852494306939138,99.30932829930232,,100.20884719261757,,0.006111588078799461,,0.0028908029320003437,,0.4730035622047687,,,,,,,,,,,,,,,,,,,100.56999969482422,98.81999969482422,-0.0064631751799871795,0.01113133452254722,55.07128993299976,0.16579106811453284,0.0016592381020084923,0.03692280969260799,0.03779041576467155,0.0,908.35,90474.3845926094,-0.003764441845155042,0.23076923076923078,,,,,,,,0.9089347079037801,0.9383561643835616,0.5008532423208191,0.29381443298969073,2.94,,,79.39,
AGVT,Betashares Australian Government Bond ETF,Unknown,,Spotlight ETP List,AUD,2026-08-14,40.7599983215332,,,,,,,,,,,,,,,,,,,,13.842830198735836,,,,,,,,-0.6603819732881889,0,0.25,,,,0.05,,0.04,0.06,,,0.02,5,0.3,,,,,,,,,,,,,,,,,,,,,,,0.170099,2026-08-03,,,,,,-0.00024353540136567986,0.025386373449845623,0.006764875385508962,-0.0026390018500142,40.68686695098877,40.806639709472655,40.357660942077636,0.003026392335653938,8.238031463236872e-05,0.011208291577219809,0.011208291577219809,,,-0.002738722833342422,-0.011904880030612505,0.009166157197270083,10.140137757469029,70.12689669059904,62.97118443138976,0.7325498305379035,0.013013952014730226,40.76563003776112,40.305725341617794,41.13327473718442,41.638826733480556,0.0010872662101632552,0.012356677645280739,0.007921424969737434,0.02030936859345423,7.285635197426044,,,,,,,,,,,,,,,,,,,41.64365598005418,39.14599789518914,-0.02001876605556563,0.042507627026321826,52.703260003191374,0.16617013938922995,0.0040717994069459544,0.05637331670145541,0.047039666542616675,0.0,68113.0,2771304.568632698,0.14824247268237167,0.23076923076923078,,,,,,,,0.8539518900343642,0.8339041095890412,0.5008532423208191,0.845360824742268,8.45,,,74.3,
AGX1,Antipodes Global Value Active ETF,Unknown,,Spotlight ETP List,AUD,2026-08-14,6.429999828338623,,,,,,,,,,,,,,,,,,,,2.1837438534576474,,,,,,,,-0.6603819732881889,0,0.25,,,,0.05,,0.04,0.06,,,0.02,5,0.3,,,,,,,,,,,,,,,,,,,,,,,0.785133,2026-07-01,,,,,,0.045307478573769266,0.07297786478576929,0.043728887231980984,0.15656438721970756,6.2544999599456785,6.185383691787719,6.142380208969116,0.032856356146347965,0.04439762511804379,0.05170956833868212,0.05170956833868212,,,0.07811382577402082,0.0565915977510617,0.021522228022959118,24.266737080042557,97.50005960470162,88.25759562580963,0.865524430010383,0.08988826313309517,6.429106381551085,6.3023936334572,6.46999979019165,,0.00478229975440518,0.024397276123698217,0.0015479492237814485,,0.3236830193162958,,,,,,,,,,,,,,,,,,,6.46999979019165,5.549988553630701,-0.0015455567803629444,0.16396637141187598,65.37724976342032,0.0705865160355251,0.010926705204133804,0.15139488653988423,0.13645234034662673,0.0,78856.5,493207.9760914564,0.5338183451448749,0.23076923076923078,,,,,,,,0.42611683848797255,0.452054794520548,0.5008532423208191,0.5618556701030928,5.62,,,45.5,
AINF,Global X AI Infrastructure ETF,Unknown,,Spotlight ETP List,AUD,2026-08-14,18.600000381469727,,,,,,,,,,,,,,,,,,,,6.316895426393683,,,,,,,,-0.6603819732881889,0,0.25,,,,0.05,,0.04,0.06,,,0.02,5,0.3,,,,,,,,,,,,,,,,,,,,,,,0.616427,2026-07-02,,,,,,0.023728816846909417,0.047165726689066156,0.13063547478221205,0.43914858433186477,17.35900001525879,17.719823875427245,16.245157690048217,0.04383897824216132,0.02258357456707527,0.11540935366442828,0.11540935366442828,,,0.18569833164739435,0.019286110896358948,0.1664122207510354,17.289436169937396,82.79571509680136,92.37588233507824,0.7817612946057827,0.15558907160579757,17.989999771118164,17.749353810318844,18.34146618472773,18.889999389648438,0.007174451550452264,0.02045513309867127,0.012222148743769031,0.04249439926889183,1.7035655837690575,,,,,,,,,,,,,,,,,,,19.25876191210242,12.33915570519071,-0.059129505731799425,0.4684960034673087,56.408446073329,0.47474572404568843,0.02620009393254385,0.3419526599393694,0.3455774964638453,0.0,82190.55,1426745.7587041284,1.2511513344027576,0.23076923076923078,,,,,,,,0.07903780068728528,0.07534246575342463,0.5008532423208191,0.7577319587628866,7.58,,,20.47,
AIQ,Alternative Investment Trust,Unknown,,Spotlight LIC List,AUD,2026-08-14,1.3700000047683716,46587400.0,34005400.0,85656000.0,0.0,-85656000.0,42860000.0,,,,54680683.2,1.608,,,5.79268659326359,1.5768915279560214,,4.634149274610873,4.950495049504951,5.7304589363254435,0.46527669821460627,Undervalued,3.2282383745268457,0.15101570983032905,,2.3825906996214767,2.613500023557986,3.1828167272848313,-0.6603819732881888,4,0.25,4.344514944947693,2293625.0,,0.05,0.069,0.04,0.06,0.04414,0.04414,0.02,5,0.3,0.04923273245555665,,,0.85199004,,,0.038680002,0.02394,1.0,1.3870101,0.32830003,,452.468,452.468,0.4748,0.03196,,0.07,0.0511,0.0,,2026-07-27,0.035778,2026-07-27,0.05109489033310991,-9.999348121502858e-05,-0.1,,-12585255.0,-0.01587654040197306,0.005211843425678486,0.01590959739196318,-0.13036201037809192,1.378276288509369,1.3734293508529662,1.3684280025959015,-0.00600480746131693,-0.002496922089559872,0.001148764983972983,0.001148764983972983,,,-0.00012545856219037255,0.0019278649372986769,-0.002053323499489049,46.94252919050381,0.0,27.126499144543185,0.39276438250246015,0.05599639001896666,1.36315411139264,1.346164604023304,1.3753903605403857,1.3890027371959552,0.0049970024466452845,0.01739810267307081,0.003934566243250075,0.013870607563097406,0.7873852945362332,,,,,,,,,,,,,,,,,,,1.6680368231619236,1.2773191928863525,-0.17867520324197317,0.07255885012781227,46.87634936607844,0.015945461077786154,0.011639022644005086,0.22963787899976845,0.172950473850463,0.0,12015.9,16561.230055099724,-0.13062081438857015,0.9230769230769231,0.7291666666666666,0.5408163265306123,0.7291666666666666,0.5151515151515151,0.23469387755102042,0.48484848484848486,,0.20446735395189009,0.43493150684931503,0.5008532423208191,0.11512027491408934,1.15,65.13,,35.1,
ALFA,VanEck Australian Long Short Complex ETF,Unknown,,Spotlight ETP List,AUD,2026-08-14,23.5,,,,,,,,,,,,,,,,,,,,7.981023627727559,,,,,,,,-0.6603819732881889,0,0.25,,,,0.05,,0.04,0.06,,,0.02,5,0.3,,,,,,,,,,,,,,,,,,,,,,,0.2,2026-07-01,,,,,,0.02060013405252814,-0.02505080357569045,0.017676022209370812,0.06877270416259229,22.714999866485595,22.88658763885498,22.563389644622802,0.0033018291649831166,-0.00422023260311899,0.010043316827555993,0.010043316827555993,,,0.1066439830846555,0.039541288689903795,0.06710269439475171,23.689639260512866,40.83344724435982,76.73170494475463,0.5523380737241654,0.06308656261184795,22.608518621647587,22.404074690282545,22.833182425293433,23.107830294168686,0.007963242061833745,0.016934015346259074,0.001894756824545318,0.013946001135296033,0.2379378662399973,,,,,,,,,,,,,,,,,,,24.783268744585477,20.352021433681834,-0.0804279633005881,0.11979053234538872,49.1057116193168,0.3185724269292302,0.013978605271234526,0.1635417294977106,0.14644874212281048,0.0,3618.5,82194.22701687813,0.9886702317071376,0.23076923076923078,,,,,,,,0.3797250859106529,0.3407534246575342,0.5008532423208191,0.27491408934707906,2.75,,,40.63,
ALI,Argo Global Listed Infrastructure Limited,Unknown,,Spotlight LIC List,AUD,2026-08-14,2.630000114440918,489818656.0,188391792.0,472057984.0,0.0,-472057984.0,,,,,484732080.816,2.573,,,4.4318371399271275,2.5229180401722178,,3.5454697119417022,3.35820895522388,4.582886473459553,0.8931954491182619,Undervalued,0.6851091053542565,-0.04071561582097633,,0.3480872842834053,0.27688547874370095,0.7425423095214492,-0.6603819732881889,3,0.25,3.3238778549453456,23282750.0,-0.665,-0.1,0.28,0.04,0.06,0.0568,0.0568,0.02,5,0.3,0.047533407955780274,,,1.0104935,,,0.04004,0.036229998,1.0,0.8652,0.45169,,64.514,64.514,0.041690003,0.10199001,,0.09,0.0346,1.0215,0.0377,2026-02-27,0.045,2026-02-26,0.03422053083033119,-0.010967317042451073,-0.1,,-9837145.0,0.00772200061362871,0.03162052356155143,0.1122317282826617,0.1373539507011312,2.5959999442100523,2.55899995803833,2.4506641376018523,0.005392893369276619,0.01992963575372264,0.06501737837070332,0.06501737837070332,,,0.016450558962062267,0.01499193683793318,0.001458622124129087,32.746647584667635,55.55540838384267,70.37036055892283,0.6642622795144554,0.032830990688900316,2.5999999046325684,2.5619999408721923,2.6533334255218506,,0.0038314141245931695,0.01839078779804725,0.016602885888022004,,4.333357175213981,,,,,,,,,,,,,,,,,,,2.6600000858306885,2.2729940636649677,-0.01879706357951072,0.1482651612769592,55.20737186001889,0.03441459579918018,0.013185669418548639,0.134537491571615,0.142385826481023,0.0,59248.05,153807.93449455439,0.08734891599121837,1.0,0.6145833333333334,0.5204081632653061,0.6145833333333334,0.2525252525252525,0.30612244897959184,0.5454545454545454,,0.5034364261168385,0.3784246575342466,0.5008532423208191,0.3539518900343643,3.54,55.01,,47.14,
ALPH,Schroder Global Equity Alpha Fund - Active ETF,Unknown,,Spotlight ETP List,AUD,2026-08-14,11.90999984741211,,,,,,,,,,,,,,,,,,,,4.044850646316073,,,,,,,,-0.6603819732881888,0,0.25,,,,0.05,,0.04,0.06,,,0.02,5,0.3,,,,,,,,,,,,,,,,,,,,,,,0.0426,2026-07-01,,,,,,0.044736863679613714,0.1069104458826804,0.10588643883923421,0.09194089259859939,11.4770001411438,11.33597240447998,11.051687979698182,0.0377276031143412,0.0506376888060589,0.0776634184108922,0.0776634184108922,,,0.14923036219956387,0.10089891954300834,0.048331442656555534,45.268725926712484,100.0,100.0,0.9658296031216576,0.08099013643941398,11.48813535407897,11.387400415742572,,,0.035421032639627176,0.04387904604239699,,,,,,,,,,,,,,,,,,,,,,11.90999984741211,9.962664604187012,0.0,0.19546329426835163,84.48255323983852,0.049028128816198696,0.004116551590624233,0.10415119645704263,0.08795723058711624,0.0,2033.45,23337.905937008858,0.3603546669518489,0.23076923076923078,,,,,,,,0.6769759450171822,0.8287671232876712,0.5008532423208191,0.140893470790378,1.41,,,66.21,
ALTB,iShares 15+ Year Australian Government Bond ETF,Unknown,,Spotlight ETP List,AUD,2026-08-14,93.5199966430664,,,,,,,,,,,,,,,,,,,,31.761076718013413,,,,,,,,-0.6603819732881889,0,0.25,,,,0.05,,0.04,0.06,,,0.02,5,0.3,,,,,,,,,,,,,,,,,,,,,,,1.042582,2026-07-01,,,,,,-0.006263230966077393,0.021352877496173983,-0.015408296629430551,-0.02805546056315611,93.41749954223633,94.29900451660156,94.00352088928223,0.0020606531865927646,-0.007306587272919662,-0.0041862291455461165,-0.0041862291455461165,,,-0.20146039857958442,-0.2510713307177752,0.04961093213819079,9.377978281542681,53.64241756687113,48.164484875202334,0.6318780122248792,0.015625449245313873,92.54889089838204,91.01549349835962,94.03895086212886,95.03355779386327,0.011335431097649007,0.027716131770915076,0.0045823122420732085,0.015207319455505748,0.4042468436002924,,,,,,,,,,,,,,,,,,,99.64347208859778,90.70289763135865,-0.060550594552561954,0.03205082808719273,48.98490613086296,0.5877048189886658,0.006278226847096894,0.08944773894368482,0.07899774157381316,0.0,38913.95,3635243.906311607,0.26554179383704535,0.23076923076923078,,,,,,,,0.7663230240549828,0.7448630136986301,0.5008532423208191,0.8780068728522337,8.78,,,68.13,
ALX,Atlas Arteria,Unknown,,Spotlight Infra  List,AUD,2026-08-14,4.960000038146973,7223862272.0,1453493469.0,274400000.0,1721699968.0,1447299968.0,7655800000.0,,,,5812520382.531,3.999,,,-0.9396198790889635,3.8421706188548295,,-0.7516959032711709,9.528346831824678,-1.2721246859002167,1.6845054254459824,Overvalued,-1.1894394902948429,-0.2253688328014122,,-1.151551592235874,0.9210376529320377,-1.256476749217017,-0.660381973288189,1,0.25,-0.7047149093167226,3187500.0,0.081,0.081,0.533,0.04,0.06,0.07198,0.07198,0.02,5,0.3,0.00044124595403138936,,,1.2428106,174.555,29.17943483870968,-0.0017499999,0.02994,0.61375,-0.25818002,1.62188,29.673,2.173,2.152,0.68083,0.40842,,0.4,0.0805,2.2346,0.068,2026-03-25,0.2,2026-03-24,0.08064516067008695,0.0018032381377260814,0.2,,8657943552.0,-0.01972394045047099,0.031120251698781853,0.1329176884961547,0.033426484884809815,5.033000016212464,5.060400009155273,4.722688002586365,-0.012517430124751594,-0.017864243696164572,0.05236674272572017,0.05236674272572017,,,-0.0246752644213597,-0.014025441087569868,-0.010649823333789832,28.966988484903307,39.08037283189789,37.54784358131427,0.20907992656178412,0.04302704167785802,4.965567263881717,4.926902451573037,5.0,5.03000020980835,0.0008918564380386092,0.008671497070013284,0.0060362597736030804,0.012072519547206161,6.768196669497794,,,,,,,,,,,,,,,,,,,5.235000133514404,4.157522056793491,-0.05062088568560397,0.19542355333282035,41.75867466634624,0.07512683972025785,0.015116064968155835,0.10323363256726979,0.10284970601827213,0.0,1741794.6,8766452.250038782,0.37798289355213754,1.0,0.21875,0.20408163265306123,0.21875,0.11111111111111116,0.25510204081632654,0.9848484848484849,0.08823529411764708,0.6838487972508591,0.29452054794520544,0.5008532423208191,0.9553264604810997,9.55,20.36,44.9,53.16,45.47
AMH,AMCIL Limited,Unknown,,Spotlight LIC List,AUD,2026-08-14,0.9100000262260437,286215008.0,314522000.0,16890000.0,0.0,-16890000.0,,49391000.0,,,312949390.0,0.995,,,0.09309790166786218,0.9587449012350342,,0.07447832133428975,1.3755158184319118,0.31426444117969615,0.30905241321458526,Overvalued,-0.8976946165002234,0.05356579516941935,,-0.9181556932001786,0.5115558008678938,-0.654654470194891,-0.6603819732881889,2,0.25,0.06982342625089663,817125.0,-0.094,-0.094,0.318,0.04,0.06,0.05908,0.05908,0.02,5,0.3,0.002854934147967531,,,0.9145729,,,0.01277,0.02049,1.0,0.7058,0.70612,,7.828,7.828,0.29487,0.045679998,,0.04,0.0385,1.5982001,0.0319,2026-08-07,0.03,2026-08-07,0.043956042689238355,0.14171539452567156,0.2,,269325024.0,0.005405333421226066,0.056818126144078995,-0.03125003408381888,-0.14609097320049602,0.90083067715168,0.8855258369445801,0.9219507044553756,-0.0009221499829074054,0.01634524777222035,-0.023809004311353577,-0.023809004311353577,,,0.006161122518924311,0.006094986489127919,6.613602979639241e-05,15.92599990196804,53.73128263582554,66.06965139149635,0.4820949386674056,0.05150219626607554,0.8939516545526235,0.8709677463188217,0.9000000355630702,0.9120967983460675,0.006720357517493791,0.03225803400934653,6.600547740161294e-08,0.01344091389820196,9.82172112566836e-06,,,,,,,,,,,,,,,,,,,1.0731396675109863,0.8370968101861791,-0.16133938255625213,0.07514443396095682,51.50773945131699,0.013566864533271702,0.015074294325189874,0.16036849294608624,0.18004118121001156,0.0,153398.5,138186.074629052,0.39990907408202186,1.0,0.2708333333333333,0.21428571428571427,0.2708333333333333,0.4242424242424242,0.21428571428571427,0.7954545454545454,,0.39003436426116833,0.2962328767123288,0.5008532423208191,0.3333333333333333,3.33,26.92,,39.98,
APA,APA Group,Unknown,,Spotlight Infra  List,AUD,2026-08-14,10.079999923706055,13118375936.0,1323751413.0,170000000.0,13223999488.0,13053999488.0,19937000000.0,,,,2790467978.604,2.108,,,-5.97820694198489,2.1322665858830656,,-4.782565553587912,22.036474164133736,0.38623733534985666,3.4233496833442567,Overvalued,-1.5930760900032743,-0.7884656148787839,,-1.4744608720026193,1.1861581677504334,-0.9616828037427355,-0.6603819732881889,1,0.25,-4.483655206488668,204500000.0,-0.004,-0.004,0.272,0.04,0.06,0.05632,0.05632,0.02,5,0.3,0.015588819911678433,,,4.7011385,13.31,6.660203820408163,0.030869998,0.06848,0.97028,0.34139,0.050669998,477.056,0.989,0.624,0.062800005,0.44579,,0.58,0.0585,4.6222,0.0611,2026-06-29,0.305,2026-06-29,0.05753968297519141,-0.016415675637753757,0.2,,26087444480.0,-0.0014910877432473546,0.00561862331603602,0.136017460223816,0.24129799447971334,10.15125002861023,10.13652000427246,9.374817085266113,-0.010466686567351835,-0.009028732537393558,0.07148758049702364,0.07148758049702364,,,-0.025919894188939807,-0.005380926395189116,-0.020538967793750692,13.568709168926777,43.846156103372486,46.41026995356825,0.304521939928205,0.05354404767219211,9.969442560224554,9.852840971632503,10.079999923706055,10.33993836795628,0.007521902986114075,0.01912982610273295,0.0034843053405951194,0.029361701286432583,0.4632212549174557,,,,,,,,,,,,,,,,,,,10.785655143543538,7.931998648735389,-0.0686703827808699,0.2663895344832712,47.029334367134076,0.18043573603702587,0.017962741131565704,0.132798200215402,0.16791790130508727,0.0,2069480.95,21007818.552895825,0.07266169628089118,1.0,0.14583333333333334,0.3163265306122449,0.14583333333333334,0.030303030303030276,0.5204081632653061,0.4015151515151515,0.32352941176470584,0.5103092783505154,0.21232876712328763,0.5008532423208191,0.9862542955326461,9.86,18.54,45.52,43.3,42.69
APW,Aims Property Securities Fund,Real Estate,,Spotlight A-REITS  List,AUD,2026-08-14,3.9200000762939453,174514480.0,44519000.0,1279000.0,0.0,-1279000.0,218644000.0,,,,224598355.0,5.045,,,2.727678520087244,5.014534224814447,,2.182142816069795,,3.4524012876321994,1.3313026906210985,Overvalued,-0.3041636563777694,0.2792178895963948,,-0.4433309251022155,,-0.11928540294923262,-0.6603819732881889,1,0.25,2.045758890065433,5976625.0,-0.846,-0.1,0.137,0.04,0.06,0.04822,0.04822,0.02,5,0.3,0.03424715817277741,,,0.7770069,,,0.026619999,0.041890003,1.0,0.90575,0.79503,,4.951,4.951,0.86755997,0.0,,,,0.0,0.0255,2020-03-30,0.007748,2020-03-29,,,-0.026600162489194196,,173235488.0,0.0,0.22500000558793531,0.22500000558793531,0.1987767887335774,3.937000060081482,3.8802000141143798,3.3963000321388246,-0.0043180044521474725,0.01025721922447076,0.15419722615770204,0.15419722615770204,,,0.002770659718095203,0.015246070875523973,-0.01247541115742877,15.33596369632349,33.333333333333336,30.555555555555554,0.33832238040724627,0.02670749645513063,3.9075000882148743,3.700000047683716,3.9700000286102295,4.0,0.0031887724070885247,0.05612245518582295,0.012755089628354099,0.02040814340536656,4.0,,,,,,,,,,,,,,,,,,,4.199999809265137,3.0,-0.06666660611591368,0.3066666920979817,48.870237470815944,0.024084454357892013,0.006143993339066969,0.0839965881985447,0.48770592628297654,0.0,580.7,2286.2159348893165,0.1043891892173611,1.0,0.4791666666666667,0.45918367346938777,0.4791666666666667,0.6161616161616161,0.336734693877551,0.8484848484848485,,0.788659793814433,0.7517123287671232,0.5008532423208191,0.03264604810996564,0.33,48.69,,69.31,
APZ,Aspen Group,Real Estate,,Spotlight A-REITS  List,AUD,2026-08-14,5.099999904632568,1199794560.0,227665000.0,8077000.0,210283008.0,202206008.0,,,,,575309455.0,2.527,,,5.10568506374824,2.6257556330330973,,4.084548050998592,2.289758534554538,0.7540596825956306,1.7320519038417372,Undervalued,0.0011147371023492317,-0.4851459446797243,,-0.19910821031812062,-0.5510277299270843,-0.8521451575105555,-0.6603819732881889,1,0.25,3.82926379781118,30459376.0,0.375,0.25,0.634,0.04,0.06,0.07804,0.07804,0.02,5,0.3,0.02538715961505943,,,2.0854769,32.386,4.683730380802372,0.03371,0.120170005,0.53167,0.32769,0.48599997,36.795,0.463,0.116,0.18876,0.54667,,0.11,0.0209,0.3765,0.0364,2026-06-29,0.055,2026-06-29,0.02156862785430287,0.03199176336377383,0.2,,1398163584.0,0.020040157526363567,0.11574380871907297,-0.0012467452463919004,0.3218511655213496,5.080000019073486,5.077391624450684,5.1280612993240355,0.0019685302119798465,0.0024832687863762803,-0.0074221317793455865,-0.0074221317793455865,,,0.034841569916035375,0.03685688623854414,-0.002015316322508766,13.030014993375236,48.00004959106445,58.125722743703726,0.5194391825935765,0.10126610018213368,5.065000057220459,4.957824217505453,5.09635401160597,5.2334966053909575,0.00491160994459321,0.02596776642830466,0.0012483023236942617,0.028191836640733596,0.25415339120493796,,,,,,,,,,,,,,,,,,,6.363020643278007,3.7428811302505576,-0.2000654346509083,0.35991498940474065,49.12459190382119,0.176836920372847,0.03474202653666689,0.20802614522339474,0.22936307201954023,0.0,250131.2,1270666.500770874,1.0242342879813104,1.0,0.5208333333333334,0.37755102040816324,0.5208333333333334,0.06060606060606055,0.8163265306122449,0.5606060606060606,0.6176470588235294,0.24226804123711343,0.022260273972602773,0.5008532423208191,0.7336769759450171,7.34,43.18,70.98,26.48,54.68
AQLT,Betashares Australian Quality ETF,Unknown,,Spotlight ETP List,AUD,2026-08-14,36.029998779296875,,,,,,,,,,,,,,,,,,,,12.236437087853767,,,,,,,,-0.6603819732881889,0,0.25,,,,0.05,,0.04,0.06,,,0.02,5,0.3,,,,,,,,,,,,,,,,,,,,,,,0.971508,2026-07-01,,,,,,0.04027827504930315,0.11227882440582237,0.09740436395413399,0.07912545495471068,35.119500160217285,34.37338966369629,33.14973738670349,0.022224159287601575,0.04441260745939646,0.08296488467141083,0.08296488467141083,,,0.5370024349463804,0.47947550855670806,0.057526926389672384,30.1269701772136,82.1101222452815,88.15847670505546,0.7282479843220876,0.09736847996099053,34.779998779296875,34.55457961032418,36.290000915527344,,0.031197846768186488,0.03747693198800734,0.01086349228612991,,0.34821288683319596,,,,,,,,,,,,,,,,,,,36.290000915527344,30.72060646325178,-0.010746745103595967,0.16859677131773942,63.30521377548603,0.3546184745693859,0.009877951518017495,0.14043201455452375,0.12709412017838864,0.0,80788.0,2837234.178943634,0.8860689362820479,0.23076923076923078,,,,,,,,0.4725085910652921,0.511986301369863,0.5008532423208191,0.852233676975945,8.52,,,49.09,
AQTY,VanEck MSCI Australian Quality Plus ETF,Unknown,,Spotlight ETP List,AUD,2026-08-14,20.739999771118164,,,,,,,,,,,,,,,,,,,,7.043677796270567,,,,,,,,-0.6603819732881888,0,0.25,,,,0.05,,0.04,0.06,,,0.02,5,0.3,,,,,,,,,,,,,,,,,,,,,,,0.58,2026-03-31,,,,,,0.027376766196276048,0.04983729967816952,0.006887227797532036,-0.08405135364197647,20.602000045776368,20.24379985809326,20.465280199050902,0.0018444492664613232,0.01957140133435864,0.008537346613296748,0.008537346613296748,,,0.180648986349631,0.19707016572380642,-0.01642117937417542,22.940493295830844,48.148104541612014,57.14420679125525,0.5339548423072876,0.05432065476167787,20.425653797077373,20.208964190580303,20.75125864631857,20.92320489883423,0.010384961187477776,0.020883488944496324,0.005390468021328076,0.013721197556227974,0.5190648211403931,,,,,,,,,,,,,,,,,,,23.067816545635583,18.984701007941155,-0.10524694225758824,0.08719117467348503,54.33282548818729,0.13592197172472234,0.006585367041865862,0.10043338547702926,0.09769617869303035,0.0,8981.05,185027.59251111984,0.6764672144445766,0.23076923076923078,,,,,,,,0.7027491408934707,0.7311643835616438,0.5008532423208191,0.3745704467353952,3.75,,,64.93,
ARF,Arena REIT.,Real Estate,,Spotlight A-REITS  List,AUD,2026-08-14,2.3299999237060547,1333763712.0,406635304.0,22035000.0,475000000.0,452965000.0,1858662000.0,,,,1324411185.128,3.257,,,0.5466901638672049,3.336067121592672,,0.437352131093764,3.587613293051359,1.075367192743034,0.7913099763277207,Overvalued,-0.7653690207003742,0.4317885110856078,,-0.8122952165602993,0.5397482448604409,-0.5384690008776589,-0.6603819732881889,2,0.25,0.41001762290040367,27333876.0,0.12,0.12,0.716,0.04,0.06,0.08296,0.08296,0.02,5,0.3,0.020493791931865065,,,1.0070617,,,0.03513,0.10925,0.91898,0.90772,1.33255,32.333,1.884,0.837,0.02654,0.35193002,,0.19,0.0587,0.4871,0.0452,2026-06-29,0.048125,2026-06-29,0.08154506704780896,0.3891834250052634,0.2,,1931239168.0,-0.3030303074089731,-0.2681937532510418,-0.3325826568054555,-0.37657439716045304,2.9990000128746033,3.1135750722885134,3.2924752962589263,-0.23307771175643077,-0.26129934274372324,-0.3014374458846637,-0.3014374458846637,,,-0.21441829848819838,-0.10636478369710711,-0.10805351479109127,30.561807451661096,9.04976496891065,11.1613767949898,0.03694431845691685,0.5033470510063163,2.200000047683716,,3.0049750081863302,3.068922001448206,0.043478220306857156,,0.3065109002111412,0.3343139413361969,7.0497572818729175,,,,,,,,,,,,,,,,,,,3.8784880320984203,2.200000047683716,-0.40698541976114067,0.04545450112051319,19.500095694474155,0.12279345717947535,0.05338846075010241,0.8833102137882238,0.5442646496749872,0.0,2749214.1,8244893.121295041,0.48334778747743473,1.0,0.34375,0.3469387755102041,0.34375,0.2727272727272727,0.7653061224489796,0.9772727272727273,,0.0017182130584192379,0.0,0.5008532423208191,0.9501718213058419,9.5,33.76,,15.1,
ARG,Argo Investments Limited,Unknown,,Spotlight LIC List,AUD,2026-08-14,9.430000305175781,7103065088.0,752443394.0,88613000.0,2000000.0,-86613000.0,,1210296000.0,,,6960853837.894,9.251,,,3.639211566637611,8.997572886597938,,2.911369253310089,10.81081081081081,4.017487447234141,3.2025980955355746,Overvalued,-0.6140815006506223,-0.04585656464300426,,-0.6912652005204979,0.1464274083721029,-0.5739674106872414,-0.660381973288189,1,0.25,2.7294086749782083,175217120.0,-0.058,-0.058,0.45,0.04,0.06,0.067,0.067,0.02,5,0.3,0.02466781844587259,,,1.0204301,24.994,-0.3085266590856967,0.021540001,0.03777,1.0,0.96454,0.89292,0.029,2.346,2.346,0.03976,0.03115,,0.4,0.0424,1.1223999,0.0375,2026-08-14,0.185,2026-02-12,0.04241781410976781,0.0004201440982974254,0.1635665258051176,,7016452608.0,0.045613854230621254,0.0707084991750968,0.031795104676515695,0.012813423168861693,8.992579793930053,8.842765045166015,8.724983916282653,0.019729631143629023,0.03700596244008736,0.05100481150237979,0.05100481150237979,,,0.1185185987383921,0.09797464109415663,0.020543957644235472,32.67322663133132,74.25488971170344,82.764495553533,0.7263685245453506,0.08715713098035613,9.09296989440918,8.962959193342563,9.197854995727539,,0.008400237867380407,0.022578067745781076,0.0030376138715204146,,0.36161045906997474,,,,,,,,,,,,,,,,,,,9.298515575129308,8.270784915322109,-0.013821076901683327,0.10872186499566538,65.62869744291507,0.09417292793751701,0.010269675807415805,0.09523229774614403,0.11000752096682692,0.0,411112.65,3696963.3094190382,0.4817584901026883,1.0,0.4166666666666667,0.3673469387755102,0.4166666666666667,0.23232323232323238,0.3163265306122449,0.9090909090909091,0.8235294117647058,0.7353951890034365,0.49828767123287676,0.5008532423208191,0.8831615120274914,8.83,38.34,57.02,60.58,58.34
ARMR,Betashares Global Defence ETF,Unknown,,Spotlight ETP List,AUD,2026-08-14,25.479999542236328,,,,,,,,,,,,,,,,,,,,8.65346716515215,,,,,,,,-0.6603819732881889,0,0.25,,,,0.05,,0.04,0.06,,,0.02,5,0.3,,,,,,,,,,,,,,,,,,,,,,,0.467445,2026-07-01,,,,,,0.14221615247835517,0.1557539365580809,0.015347846591514225,0.07639064053296152,23.69749984741211,23.23421001434326,24.408293151855467,0.07437490234873945,0.09579792335333726,0.0430880572465282,0.0430880572465282,,,0.6774066945384263,0.44994651423716747,0.2274601803012588,28.678985481559636,93.40658112241547,93.7750851422204,0.8732864048003779,0.19924353363073308,25.188909311984748,25.012832641601562,25.612892090369687,25.78038854197635,0.01064767408625864,0.01756349013947169,0.006005224328160963,0.012584032561850745,0.5639940027757806,,,,,,,,,,,,,,,,,,,28.748267196981917,21.76444525851311,-0.11438143697420744,0.1697977495895071,72.8129894471258,0.4145633504698308,0.016282928726523854,0.20751064454908788,0.25952541714732613,0.0,24742.85,586343.6840995407,0.6198453048960585,0.23076923076923078,,,,,,,,0.24742268041237114,0.2534246575342466,0.5008532423208191,0.5996563573883161,6.0,,,32.5,
ASAO,abrdn Sustainable Asian Opportunities Active ETF,Unknown,,Spotlight ETP List,AUD,2026-08-14,1.3849999904632568,,,,,,,,,,,,,,,,,,,,0.4703709637570084,,,,,,,,-0.6603819732881889,0,0.25,,,,0.05,,0.04,0.06,,,0.02,5,0.3,,,,,,,,,,,,,,,,,,,,,,,0.185791,2026-07-01,,,,,,0.010752678064499088,0.16159106218286978,0.25906723782723096,0.4289414372511602,1.3484999895095826,1.3620144128799438,1.1756143844127656,0.045606212525209244,0.03523131127518009,0.19937284309915282,0.19937284309915282,,,0.0043303766202342775,-0.003924848085346573,0.00825522470558085,18.692368108234266,100.0,100.0,0.8892402479216401,0.11716725793060935,1.4049999713897705,1.3799999952316284,1.4199999570846558,1.434999942779541,0.003546095992902228,0.021276575957413366,0.007092191985804456,0.01773047996451114,2.0,,,,,,,,,,,,,,,,,,,1.690000057220459,0.9710817933082581,-0.16568052137203826,0.45198888120211267,60.58317002361891,0.020806548511523137,0.014756417733384198,0.3731642502065677,0.4361272520157195,0.0,196.2,264.5756979417801,0.24707302948530024,0.23076923076923078,,,,,,,,0.061855670103092786,0.3167808219178082,0.5008532423208191,0.015463917525773196,0.15,,,25.73,
ASIA,Betashares Asia Technology Tigers ETF,Unknown,,Spotlight ETP List,AUD,2026-08-14,20.65999984741211,,,,,,,,,,,,,,,,,,,,7.016508380044419,,,,,,,,-0.6603819732881889,0,0.25,,,,0.05,,0.04,0.06,,,0.02,5,0.3,,,,,,,,,,,,,,,,,,,,,,,0.314537,2026-07-01,,,,,,0.024185575793806757,0.05448324052264253,0.33483131536634225,0.6813440334371677,19.680500030517578,20.946128044128418,17.16740881919861,0.05434312989121226,-0.009363451026138336,0.2086856099561698,0.2086856099561698,,,-0.0842210460343118,-0.3076624383165973,0.2234413922822855,20.54578828194658,92.91784840309563,92.79816579490831,0.8432953241813311,0.15829848548274353,20.559999465942383,20.397926437964088,20.76285326619393,23.184320844905628,0.009156652243740588,0.016967400580043947,0.0006194345153700676,0.11731666722436761,0.0676485792931044,,,,,,,,,,,,,,,,,,,23.840323296447508,12.066411531026686,-0.12962589718353368,0.7196496196607394,54.8672337722144,0.7306277427101472,0.03521097555229625,0.5431850931976955,0.5147301391655013,0.0,195135.35,3840361.2616300583,1.3962619312534161,0.23076923076923078,,,,,,,,0.02405498281786944,0.018835616438356184,0.5008532423208191,0.8883161512027491,8.88,,,16.58,
ASUS,Ausbil Active Sustainable Equity Fund - Active ETF,Unknown,,Spotlight ETP List,AUD,2026-08-14,19.670000076293945,,,,,,,,,,,,,,,,,,,,6.680286611332123,,,,,,,,-0.6603819732881889,0,0.25,,,,0.05,,0.04,0.06,,,0.02,5,0.3,,,,,,,,,,,,,,,,,,,,,,,0.255235,2026-07-01,,,,,,0.016012368603781413,,,,19.357000160217286,19.069096794128416,,0.01616985656279213,0.031511890083360194,,,,,0.16079982940379267,0.13051073638427663,0.030289093019516045,68.21838121708389,100.0,100.0,0.7859169554840526,0.05655438144763719,19.360000610351562,18.859670162200928,,,0.015760013459074185,0.041196233398576226,,,,,,,,,,,,,,,,,,,,,,19.670000076293945,17.3173770904541,0.0,0.13585330928300254,73.46841281499243,0.060538018569248155,0.0030776826809577836,0.137643640766713,0.12966669137456896,0.0,84.0,1625.988013458252,0.11077953121866063,0.23076923076923078,,,,,,,,0.4896907216494846,0.886986301369863,0.5008532423208191,0.02577319587628866,0.26,,,59.24,
ATEC,Betashares S&P/ASX Australian Technology ETF,Unknown,,Spotlight ETP List,AUD,2026-08-14,23.760000228881836,,,,,,,,,,,,,,,,,,,,8.069324392405031,,,,,,,,-0.6603819732881888,0,0.25,,,,0.05,,0.04,0.06,,,0.02,5,0.3,,,,,,,,,,,,,,,,,,,,,,,0.352069,2026-07-01,,,,,,0.06796120590897625,0.17064920355105828,0.1712072385759531,-0.2395981639750463,22.736499881744386,22.576469039916994,23.048976564407347,0.06436790573777551,0.07191256170980176,0.04993819119541909,0.04993819119541909,,,0.46737636181418196,0.30974991465083385,0.15762644716334812,20.250758251454805,98.54549061168323,88.91165870538786,0.8661786902230746,0.17578277342835777,24.095337198876102,23.399999618530273,24.6427287681248,24.917051883252068,0.004324940527424931,0.03305789748710766,0.01829454509205445,0.02963021064903132,4.230010788829741,,,,,,,,,,,,,,,,,,,32.837319573886376,18.382482741430508,-0.2630336130667523,0.3164707457278011,65.42957163089434,0.48675665704511956,0.020113910814025762,0.2853574886630422,0.29131128817251883,0.0,189115.95,4299834.774810977,1.210085014855536,0.23076923076923078,,,,,,,,0.134020618556701,0.148972602739726,0.5008532423208191,0.9003436426116839,9.0,,,24.78,
ATOM,Global X Uranium ETF,Unknown,,Spotlight ETP List,AUD,2026-08-14,21.110000610351562,,,,,,,,,,,,,,,,,,,,7.169336751172725,,,,,,,,-0.6603819732881889,0,0.25,,,,0.05,,0.04,0.06,,,0.02,5,0.3,,,,,,,,,,,,,,,,,,,,,,,1.718441,2026-07-02,,,,,,0.0935551541487658,-0.077094627873867,-0.12361272698556058,0.1079526165552791,19.47775011062622,20.312591361999512,22.990635080337526,0.08020694361659486,0.03581077079553019,-0.08484472734197934,-0.08484472734197934,,,0.2590187912898294,-0.08638157637967614,0.34540036766950555,22.60399035839386,91.73556063948179,93.57209688137205,0.8519774152323751,0.22787525604062506,20.73766127222199,20.56786971515535,21.176877975463867,21.559777263577562,0.014369754284669632,0.02243969485873762,0.006505563402115127,0.02470419797684646,0.45272614083983226,,,,,,,,,,,,,,,,,,,29.189759120763014,17.642785596975497,-0.27919922776747597,0.19255549526908222,60.22075615164718,0.536947450636,0.025520314984384687,0.3727102829284089,0.44158707226080873,0.0,42448.55,826802.2494584228,2.1820380483797424,0.23076923076923078,,,,,,,,0.06357388316151202,0.08390410958904104,0.5008532423208191,0.6701030927835051,6.7,,,19.98,
AUDS,Betashares Strong Australian Dollar Complex ETF,Unknown,,Spotlight ETP List,AUD,2026-08-14,6.53000020980835,,,,,,,,,,,,,,,,,,,,2.217705785682824,,,,,,,,-0.6603819732881889,0,0.25,,,,0.05,,0.04,0.06,,,0.02,5,0.3,,,,,,,,,,,,,,,,,,,,,,,0.549865,2026-07-01,,,,,,0.024999975785613415,-0.003859566044102314,0.015949980699832222,0.21844776148484768,6.452250003814697,6.364694137573242,6.174389901161194,0.016699591445021422,0.030685811601430135,0.062453140762268156,0.062453140762268156,,,0.054211928825562694,0.0423353493460996,0.011876579479463092,13.812614510534077,93.10345394574578,87.93108551171208,0.8340878759330234,0.04998562548366572,6.532423826022653,6.449999809265137,6.579999923706055,6.667964024203164,0.004203676371558646,0.016768313181996168,0.0030487776068545925,0.01645793938496253,0.7252645868464327,,,,,,,,,,,,,,,,,,,7.126558274944816,5.182117938995361,-0.07949957192620616,0.26589167209330333,60.754464739191114,0.05824393468370684,0.008878648657278535,0.13201694446390497,0.1540115823482055,0.0,9219.55,59486.84152266979,0.7931773219418922,0.23076923076923078,,,,,,,,0.5189003436426116,0.5753424657534247,0.5008532423208191,0.23711340206185566,2.37,,,52.76,
AUI,Australian United Investment Company Limited,Unknown,,Spotlight LIC List,AUD,2026-08-14,11.789999961853027,2533733376.0,217674671.0,20648000.0,90132000.0,69484000.0,,324397000.0,,,2326289208.9769998,10.687,,,3.8338652279989263,10.433340439173158,,3.0670921823991413,9.577464788732394,2.551406266435049,4.004096521976853,Overvalued,-0.6748205902965618,-0.1150686621772172,,-0.7398564722372494,-0.187662016987224,-0.7835957358193201,-0.6603819732881889,0,0.25,2.875398920999195,27953624.0,0.104,0.104,0.425,0.04,0.06,0.0655,0.0655,0.02,5,0.3,0.011032583090542199,,,1.0891738,25.857,1.1898047072320825,0.022249999,0.040209997,1.0,0.97429,0.86049,6.815,0.296,0.24,0.39843,0.05474,,0.34,0.0292,0.8894,0.0359,2026-02-27,0.17,2026-02-26,0.02883799839695355,-0.01239731517282364,0.2,,1510022144.0,0.04757627617927951,0.09065423217941415,0.04006547282510575,0.05719043296067672,11.46500005722046,11.186300010681153,11.02212275505066,0.01788050746187131,0.04324039808971114,0.058779722893796515,0.058779722893796515,,,0.1623663775491888,0.1454696598502992,0.01689671769888962,39.48466803366931,64.40678240067243,75.14121919417236,0.7635492840021195,0.06784502386175165,11.523064978014414,11.408600938991679,11.75,,0.012590839530327884,0.022399240410740356,0.006855177650646627,,0.5444575505973516,,,,,,,,,,,,,,,,,,,11.880000114440918,10.270000457763672,-0.017676770717510726,0.13631933360547555,63.02791929146032,0.14233228505778037,0.012196425375087142,0.11555744744208188,0.11391089071531552,0.0,65349.85,749236.0339893484,0.4881658508985484,1.0,0.375,0.2653061224489796,0.375,0.1515151515151515,0.32653061224489793,0.8863636363636364,0.6764705882352942,0.6202749140893471,0.410958904109589,0.5008532423208191,0.6512027491408935,6.51,31.97,54.7,53.21,50.61
AUMF,iShares Edge MSCI Australia Multifactor ETF,Unknown,,Spotlight ETP List,AUD,2026-08-14,39.689998626708984,,,,,,,,,,,,,,,,,,,,13.479439013797398,,,,,,,,-0.6603819732881889,0,0.25,,,,0.05,,0.04,0.06,,,0.02,5,0.3,,,,,,,,,,,,,,,,,,,,,,,0.551682,2026-07-01,,,,,,0.028481843207471602,0.0638999598794383,0.013662452761437738,0.045243347076101115,39.08050003051758,38.535078582763674,38.300380115509036,0.007151919233779669,0.02140704153012596,0.027666056881076484,0.027666056881076484,,,0.4263452360081317,0.39682059973327144,0.02952463627486024,17.92237270576547,55.93228375305768,73.05586532127141,0.5969409105100695,0.07377606828890665,39.302514547160044,38.685776317659545,39.59063232576531,39.84889038506957,0.0014605198755103664,0.017129681967400633,0.0058595455243233615,0.012420979856119068,4.011958770691698,,,,,,,,,,,,,,,,,,,40.31800940441585,35.62574231192606,-0.023761311835979626,0.10481910147246043,54.9996632960164,0.3777969964487821,0.009598500777193144,0.11280641079899502,0.12341023098838007,0.0,2299.1,89849.97762016296,1.0048727546962941,0.23076923076923078,,,,,,,,0.6323024054982818,0.529109589041096,0.5008532423208191,0.2920962199312715,2.92,,,56.71,
AUST,Betashares Managed Risk Australian Shares Complex ETF,Unknown,,Spotlight ETP List,AUD,2026-08-14,18.309999465942383,,,,,,,,,,,,,,,,,,,,6.218405887717666,,,,,,,,-0.660381973288189,0,0.25,,,,0.05,,0.04,0.06,,,0.02,5,0.3,,,,,,,,,,,,,,,,,,,,,,,0.245382,2026-07-01,,,,,,0.031674177391187275,0.05799808624636449,0.02515545615014192,0.0353683423702833,18.079500102996825,17.798899040222167,17.597836894989015,0.008877439487098071,0.024782472775377373,0.03649101193294979,0.03649101193294979,,,0.1864623465278079,0.1787812235076926,0.00768112302011531,23.153027372079944,62.1620576689615,72.8528112515705,0.6306129491069304,0.06796752961936695,18.10687278482496,17.924569660173375,18.30528450012207,18.520000457763672,0.0072986287260814724,0.017293317703010683,0.003579206678899213,0.015350915030649859,0.49039440328140066,,,,,,,,,,,,,,,,,,,18.520000457763672,16.928152361146278,-0.015118827198955631,0.07749501433971351,57.743248167646996,0.11009659493011699,0.006035997604805219,0.12947227303119313,0.10226550394181821,0.0,427.9,7736.218094072341,0.6875809837653164,0.23076923076923078,,,,,,,,0.5343642611683849,0.7551369863013698,0.5008532423208191,0.07388316151202749,0.74,,,57.95,
AVNG,Avantis Global Equity Active ETF,Unknown,,Spotlight ETP List,AUD,2026-08-14,11.649999618530273,,,,,,,,,,,,,,,,,,,,3.9565498816386038,,,,,,,,-0.6603819732881889,0,0.25,,,,0.05,,0.04,0.06,,,0.02,5,0.3,,,,,,,,,,,,,,,,,,,,,,,,,,,,,,0.012163282959555488,0.06684977446301232,0.10846806515909302,,11.484499788284301,11.446599979400634,10.77365002632141,0.014410712986803631,0.017769437168738245,0.08134193983170301,0.08134193983170301,,,0.06510703006522256,0.043915194152769205,0.021191835912453355,24.90725927546604,80.4878162245648,80.4878162245648,0.8018805667894565,0.04773647121463842,11.510000069936117,11.417500098546347,11.729999542236328,,0.012017129028182595,0.01995704099544496,0.0068669464657156115,,0.5714298689488342,,,,,,,,,,,,,,,,,,,11.729999542236328,9.920000076293945,-0.006820113114071158,0.174395113803532,64.29255920630021,0.040121460761284165,0.0034439023240367935,0.1412122454461457,0.11296826405551531,0.0,760.0,8728.21983909607,0.38660125195649986,0.23076923076923078,,,,,,,,0.46735395189003437,0.8595890410958904,0.5008532423208191,0.08075601374570447,0.81,,,57.55,
AVSV,Avantis Global Small Cap Value Active ETF,Unknown,,Spotlight ETP List,AUD,2026-08-14,12.34000015258789,,,,,,,,,,,,,,,,,,,,4.190886501445348,,,,,,,,-0.6603819732881888,0,0.25,,,,0.05,,0.04,0.06,,,0.02,5,0.3,,,,,,,,,,,,,,,,,,,,,,,,,,,,,,0.02319806907415045,0.09388843429568272,0.10169494553464764,,12.194999933242798,12.049799938201904,11.154000000953674,0.012710163925824025,0.02491331348299708,0.10722614133170105,0.10722614133170105,,,0.08836046529798658,0.08338655016652116,0.004973915131465417,19.05521103994749,96.55197361281475,89.6553727496846,0.866891944553745,0.03464279909792929,12.329999923706055,12.200000127156576,,,0.0016194702142423494,0.012145769204850785,,,,,,,,,,,,,,,,,,,,,,12.359999656677246,9.949999809265137,-0.0008090028709764052,0.24120609228251255,64.72501411613783,0.06771987326264738,0.005483390378210522,0.08347625540875434,0.09342276877547116,0.0,22611.2,275743.5824905396,0.5744462674718707,0.23076923076923078,,,,,,,,0.7903780068728522,0.7773972602739726,0.5008532423208191,0.4587628865979381,4.59,,,70.03,
AVTE,Avantis Emerging Markets Equity Active ETF,Unknown,,Spotlight ETP List,AUD,2026-08-14,11.720000267028809,,,,,,,,,,,,,,,,,,,,3.980323363750222,,,,,,,,-0.6603819732881889,0,0.25,,,,0.05,,0.04,0.06,,,0.02,5,0.3,,,,,,,,,,,,,,,,,,,,,,,,,,,,,,0.010335907761208851,0.04174061312618327,0.07713491023245211,,11.444499921798705,11.759799938201905,10.970999994277953,0.0249464478473036,-0.0025340903860762154,0.0691823487698695,0.0691823487698695,,,-0.00959734363560294,-0.07008376937877488,0.06048642574317194,14.83264190730472,98.73414818168101,94.75350450136186,0.8422764896598813,0.07288390701941838,11.673333485921225,11.390000343322754,11.8100004196167,12.149999618530273,0.004830866029539518,0.028985440083721715,0.006820194416232594,0.03580563449995431,1.4117953953864253,,,,,,,,,,,,,,,,,,,12.529999732971191,9.84000015258789,-0.06384678434028679,0.19207310572565106,54.31743983703739,0.18299245886365822,0.015600380733584466,0.2701146650462337,0.28952919634116925,0.0,2086.6,23880.093536825178,0.9925211798737953,0.23076923076923078,,,,,,,,0.147766323024055,0.27568493150684936,0.5008532423208191,0.14261168384879724,1.43,,,28.57,
AYLD,Global X S&P/ASX 200 Covered Call ETF,Unknown,,Spotlight ETP List,AUD,2026-08-14,10.510000228881836,,,,,,,,,,,,,,,,,,,,3.569385538473532,,,,,,,,-0.6603819732881889,0,0.25,,,,0.05,,0.04,0.06,,,0.02,5,0.3,,,,,,,,,,,,,,,,,,,,,,,0.238022,2026-07-02,,,,,,0.02551523450328297,0.05174258151600375,0.07502794355544062,0.10829124333502671,10.357000017166138,10.23946439743042,9.871301832199096,0.008979414110732442,0.02056117426293813,0.05862428146796117,0.05862428146796117,,,0.08074271138727696,0.07362010182556598,0.007122609561710971,39.20716491708932,59.37492549412298,73.73107210117884,0.6988483735208829,0.045157091062600616,10.379999876022339,10.248524907422931,10.579999923706055,,0.00669855832731545,0.019279895265029063,0.012440202565904144,,1.8571462631258069,,,,,,,,,,,,,,,,,,,10.579999923706055,9.275941840118804,-0.012287345498900537,0.12657021673728996,61.063552811423435,0.09542725369213398,0.009131794778362259,0.07624429070085031,0.07063421531966088,0.0,49716.65,514915.3449034429,0.4162391585587553,0.23076923076923078,,,,,,,,0.8161512027491409,0.5547945205479452,0.5008532423208191,0.5687285223367697,5.69,,,65.62,
B1SM,Bell Global Emerging Companies Class A Active ETF,Unknown,,Spotlight ETP List,AUD,2026-08-14,6.909999847412109,,,,,,,,,,,,,,,,,,,,2.346760512757016,,,,,,,,-0.6603819732881889,0,0.25,,,,0.05,,0.04,0.06,,,0.02,5,0.3,,,,,,,,,,,,,,,,,,,,,,,,,,,,,,0.04696968897862419,0.09187613420640295,,,6.726500010490417,6.521592321395874,,0.027280136272283206,0.059557161330363595,,,,,0.11383506634888807,0.09884998918552527,0.014985077163362795,50.52393573322543,100.0,100.0,0.840302973103702,0.08016426075704576,6.630000114440918,6.559999942779541,,,0.040520946332011164,0.05065121741842703,,,,,,,,,,,,,,,,,,,,,,6.909999847412109,5.930126190185547,0.0,0.16523656087593364,86.36005368748795,0.02236801675395631,0.003237050252950938,0.1461323887774142,0.24367650307039096,0.0,116.55,783.9735762226582,-0.13478724777246198,0.23076923076923078,,,,,,,,0.44329896907216493,0.8801369863013698,0.5008532423208191,0.018900343642611683,0.19,,,56.98,
BANK,Global X Australian Bank Credit ETF,Unknown,,Spotlight ETP List,AUD,2026-08-14,9.890000343322754,,,,,,,,,,,,,,,,,,,,3.358822400778408,,,,,,,,-0.6603819732881889,0,0.25,,,,0.05,,0.04,0.06,,,0.02,5,0.3,,,,,,,,,,,,,,,,,,,,,,,0.023907,2026-08-04,,,,,,0.002423088233072024,0.01813258567897602,0.01829857682436753,0.0369910017419377,9.865368223190307,9.844285259246826,9.704130663871766,0.0004694870241017668,0.002612137461996289,0.01709264100336605,0.01709264100336605,,,0.011228856368433071,0.011759959563748056,-0.0005311031953149845,27.201754639673496,44.29890447410812,70.02286750545169,0.5710128302548267,0.006611298583891589,9.869670204768948,9.757245674810504,,,3.340230941812372e-05,0.011423932325830161,,,,,,,,,,,,,,,,,,,,,,9.899999618530273,9.517921462163496,-0.003030276174459612,0.03699110407615769,53.083412663041834,0.020791614259722643,0.002106546555298659,0.021603638726367346,0.017738617878592666,0.0,52299.3,515951.8523150969,0.02860072597424816,0.23076923076923078,,,,,,,,0.9450171821305842,0.9297945205479452,0.5008532423208191,0.5721649484536082,5.72,,,80.8,
BAOR,Aoris Int Fund (Class B) (Unhedged) Active ETF,Unknown,,Spotlight ETP List,AUD,2026-08-14,2.309999942779541,,,,,,,,,,,,,,,,,,,,0.7845176222711842,,,,,,,,-0.660381973288189,0,0.25,,,,0.05,,0.04,0.06,,,0.02,5,0.3,,,,,,,,,,,,,,,,,,,,,,,0.206292,2025-07-01,,,,,,0.05454540134461583,0.12077295075481365,0.08920178807208701,-0.06827312274812936,2.272999978065491,2.2150000095367433,2.2269000124931337,0.02067749917767614,0.04740402855709913,0.04180696045056553,0.04180696045056553,,,0.03284553648994004,0.032949044815106986,-0.00010350832516694414,21.37070915737202,88.88888888888889,88.20806100217864,0.7137777510533122,0.0967242805941931,2.309999942779541,2.2450000047683716,2.3333332538604736,2.369999945163727,0.004310340840949625,0.03232755630712219,0.005747121121266167,0.021551729896406097,1.3333333333333335,,,,,,,,,,,,,,,,,,,2.619999885559082,2.009999990463257,-0.11450380359549794,0.1542288279852646,65.47336967959956,0.02179265137170104,0.009393384482231513,0.1499039567131118,0.16293023985819313,0.0,150300.8,341633.71510322567,0.15377417786387362,0.23076923076923078,,,,,,,,0.4329896907216495,0.5376712328767124,0.5008532423208191,0.48625429553264604,4.86,,,47.95,
BBAB,Betashares Geared Short Australian Government Bond Complex ETF,Unknown,,Spotlight ETP List,AUD,2026-08-14,21.579999923706055,,,,,,,,,,,,,,,,,,,,7.328956990530083,,,,,,,,-0.6603819732881889,0,0.25,,,,0.05,,0.04,0.06,,,0.02,5,0.3,,,,,,,,,,,,,,,,,,,,,,,0.850737,2024-07-01,,,,,,0.013672839606091669,-0.030221022732894176,0.041162246836410565,0.15591395478783987,21.558500003814697,21.17819995880127,20.84582489013672,-0.002713547037333064,0.015194872171607532,0.031381589038139035,0.031381589038139035,,,0.10272066883243625,0.12846128901891485,-0.025740620186478602,33.43417273714579,38.70977665661724,65.59137800200988,0.4163026674645156,0.032420950048588956,21.445555369059246,21.202499707539875,21.68800048828125,21.969999313354492,0.0025323084158490245,0.013837222905122088,0.008744208757267474,0.021860433179278705,3.453058364668327,,,,,,,,,,,,,,,,,,,22.200000762939453,18.0,-0.03153156481453956,0.19444444444444442,53.08864261925104,0.07270110754832583,0.0033814468627128293,0.10412512304259586,0.10660629168326351,0.0,783.2,16884.617202987672,-0.31985976559075135,0.23076923076923078,,,,,,,,0.6786941580756014,0.8681506849315068,0.5008532423208191,0.11855670103092783,1.19,,,67.27,
BBFD,Betashares Geared Short US Treasury Bond Currency Hedged Complex ETF,Unknown,,Spotlight ETP List,AUD,2026-08-14,20.850000381469727,,,,,,,,,,,,,,,,,,,,7.081035986495257,,,,,,,,-0.6603819732881889,0,0.25,,,,0.05,,0.04,0.06,,,0.02,5,0.3,,,,,,,,,,,,,,,,,,,,,,,0.22052,2026-07-01,,,,,,0.02356404135790857,0.04752929375031201,0.11747554136929073,0.09314476326457677,20.67849998474121,20.235252838134766,19.28746353149414,0.008293657511669883,0.03038002777886839,0.08101308123922824,0.08101308123922824,,,0.1952474082176252,0.20778429186057984,-0.012536883642954633,25.16711762181773,76.9232179995525,84.61547866636833,0.6578973728275385,0.05252562068102646,20.815701802571613,20.41627192898145,,,0.0016450157443927797,0.02080232347975164,,,,,,,,,,,,,,,,,,,,,,20.969999313354492,17.797893524169922,-0.005722409910063564,0.17148697137416735,60.74770556635017,0.10207743708789305,0.004895800250373787,0.16030432732496946,0.15540947841184935,0.0,428.8,8866.940793457032,-0.3247044048206216,0.23076923076923078,,,,,,,,0.3917525773195877,0.7962328767123288,0.5008532423208191,0.08419243986254296,0.84,,,52.56,
BBOZ,Betashares Australian Equities Strong Bear Complex ETF,Unknown,,Spotlight ETP List,AUD,2026-08-14,19.6200008392334,,,,,,,,,,,,,,,,,,,,6.663305969104525,,,,,,,,-0.6603819732881889,0,0.25,,,,0.05,,0.04,0.06,,,0.02,5,0.3,,,,,,,,,,,,,,,,,,,,,,,1.299093,2022-07-01,,,,,,-0.058713008278376444,-0.1328429084267997,-0.0631135349529004,-0.053377381043657524,20.356000232696534,21.01320007324219,21.79369997024536,-0.015523644800397474,-0.0463137054005448,-0.08046816543828339,-0.08046816543828339,,,-0.48888071630189955,-0.4695948173313123,-0.019285898970587245,18.814921897282918,44.642861704437564,28.904068112889874,0.4102948605102923,0.17305189968718146,20.03333346048991,19.770000457763672,20.297500133514404,20.449999809265137,0.0003327073219975579,0.01347307611919672,0.012849261787585331,0.02045902569895187,38.620315628880704,,,,,,,,,,,,,,,,,,,24.739999771118164,19.040000915527344,-0.1899757032769931,0.0525210058779193,44.72360939811721,0.4249849784696879,0.021206834284144275,0.24416671839455512,0.25436414877814434,0.0,305538.85,6219548.901697831,-2.2239791426213253,0.23076923076923078,,,,,,,,0.18041237113402064,0.13527397260273977,0.5008532423208191,0.936426116838488,9.36,,,26.53,
BBUS,Betashares US Equities Strong Bear Currency Hedged Complex ETF,Unknown,,Spotlight ETP List,AUD,2026-08-14,21.75,,,,,,,,,,,,,,,,,,,,7.386692080981893,,,,,,,,-0.6603819732881888,0,0.25,,,,0.05,,0.04,0.06,,,0.02,5,0.3,,,,,,,,,,,,,,,,,,,,,,,11.254361,2022-07-01,,,,,,-0.06375541959796593,-0.11184751134453697,-0.2532218314958743,5.74213839118595,23.014000034332277,23.36189998626709,23.842674963474273,-0.06839313017843784,-0.0822664018482756,-0.10077201627323396,-0.10077201627323396,,,-0.5589279986456681,-0.37740893994165414,-0.18151905870401397,19.296553143952615,0.0,4.5180612144066785,0.14794918509894947,0.19427062027298755,3.319999933242798,3.2799999713897705,21.600000381469727,22.31999969482422,0.8451492607022584,0.8470149305183335,0.007462679264300777,0.04104473595365428,0.008830013361308306,,,,,,,,,,,,,,,,,,,34.349998474121094,2.7699999809265137,-0.3758369290697269,6.740072448262738,35.016269387793244,0.42940005182789603,0.020027986993087547,0.3293305903044861,0.3046725686141756,0.0,45870.0,1055652.1815748215,-5.20734805988272,0.23076923076923078,,,,,,,,0.09106529209621994,0.1558219178082192,0.5008532423208191,0.7130584192439863,7.13,,,23.02,
BCOM,Global X Bloomberg Commodity Complex ETF,Unknown,,Spotlight ETP List,AUD,2026-08-14,12.569999694824219,,,,,,,,,,,,,,,,,,,,4.268998492124269,,,,,,,,-0.6603819732881889,0,0.25,,,,0.05,,0.04,0.06,,,0.02,5,0.3,,,,,,,,,,,,,,,,,,,,,,,0.720604,2026-07-02,,,,,,0.017973878361331908,-0.023126510890373653,0.1248594383837538,0.20264772439409473,12.368499994277954,12.166461086273193,11.856808834075927,0.0073978286705218554,0.024126896867731285,0.05087298045469879,0.05087298045469879,,,0.0738269915552987,0.05355072300151923,0.020276268553779474,24.212953031865837,59.70151378203531,65.84639945439294,0.6548839441306011,0.04776368985208589,12.349609375,12.260050987965897,12.510000228881836,12.754155920168332,0.008859603756742022,0.016047275246301805,0.004012856386981136,0.02360801614131498,0.45293858474510373,,,,,,,,,,,,,,,,,,,13.188628615428486,9.804269335036702,-0.05524672795995944,0.27087492319490925,56.075083163821105,0.17277404489566453,0.013866295695562386,0.15805948156566527,0.15682117700498072,0.0,20122.65,248886.9964098573,-0.39582124916947026,0.23076923076923078,,,,,,,,0.39862542955326463,0.3476027397260274,0.5008532423208191,0.42955326460481097,4.3,,,41.65,
BDCI,Muzinich BDC Income Fund – Active ETF,Unknown,,Spotlight ETP List,AUD,2026-08-14,20.309999465942383,,,,,,,,,,,,,,,,,,,,6.897641941141291,,,,,,,,-0.6603819732881888,0,0.25,,,,0.05,,0.04,0.06,,,0.02,5,0.3,,,,,,,,,,,,,,,,,,,,,,,0.0017,2026-07-31,,,,,,0.04056083612383632,0.045023407378677716,,,19.87864694595337,19.71568355560303,,0.02169928975356239,0.03014432183714244,,,,,0.13592779756753615,0.06701550948692686,0.06891228808060929,12.298637277960369,87.93092108508421,87.93092108508421,0.8360883384946378,0.06456424477789102,20.23355787604239,19.998279571533203,20.481478691101074,,0.0037637416006916645,0.015348099586703554,0.008443093533618405,,2.2432713053592237,,,,,,,,,,,,,,,,,,,20.512956619262695,18.93675555166565,-0.009894095575170514,0.07251738084330617,59.40864172007867,0.18875733675320716,0.009293812984571086,0.21456768311284571,0.17915577538932112,0.0,1412.6,28080.57667585373,0.11936244112697757,0.23076923076923078,,,,,,,,0.23539518900343648,0.547945205479452,0.5008532423208191,0.15463917525773196,1.55,,,39.32,
BEAR,BetaShares Australian Equities BEAR Complex ETF,Unknown,,Spotlight ETP List,AUD,2026-08-14,7.150000095367432,,,,,,,,,,,,,,,,,,,,2.428268923377948,,,,,,,,-0.660381973288189,0,0.25,,,,0.05,,0.04,0.06,,,0.02,5,0.3,,,,,,,,,,,,,,,,,,,,,,,0.131621,2022-07-01,,,,,,-0.02578019812357779,-0.05526316862687519,-0.012379663387072082,-0.0027777752022684066,7.230250024795533,7.323700008392334,7.377699995040894,-0.006949994299585871,-0.01962125426888628,-0.02679699185859552,-0.02679699185859552,,,-0.06974821535995623,-0.06729109634684079,-0.002457119013115447,16.4181285040317,42.42421177354564,31.02327363778726,0.4031964056270959,0.07179479589170311,7.144166628519694,7.061666647593181,7.208571297781808,7.284444597032335,0.004990696472930163,0.01648094478754653,0.003979313388061216,0.01454662551403983,0.7973463041972699,,,,,,,,,,,,,,,,,,,7.820000171661377,7.039999961853027,-0.08184147433167954,0.019886344779005638,45.337098149660925,0.058814019279085354,0.008191367783457776,0.12922228507846079,0.12227366552078124,0.0,29707.25,214790.8450491071,-0.9952650121311067,0.23076923076923078,,,,,,,,0.5378006872852233,0.6147260273972603,0.5008532423208191,0.4072164948453608,4.07,,,54.59,
BEL,Bentley Capital Limited,Unknown,,Spotlight LIC List,AUD,2026-08-14,0.009999999776482582,913535.0,76127918.0,2433741.0,0.0,-2433741.0,,,,,1294174.6060000001,0.017,,,0.25551973632177594,0.03043812607122453,,0.20441578905742075,,0.12901566875941453,0.0033961801912075667,Undervalued,24.551974203308724,2.043812675156968,,19.44157936264698,,11.901567164313951,-0.6603819732881889,3,0.25,0.19163980224133195,190422.0,262.732,0.25,0.17,0.04,0.06,0.0502,0.0502,0.02,5,0.3,0.20844521556371676,,,0.7058823,-2.893,-4.630854592055165,0.15306,0.88036,1.0,0.88514,1.29833,,2.039,2.039,0.46698,0.26946,,,,0.0,,2018-07-12,0.005,2018-07-12,,,-0.1,,-1520206.0,-0.09090910630285254,-0.33333333333333337,-0.5454545531514263,-0.16666669253673794,0.01119999997317791,0.011179999969899655,0.01672999990172684,-0.10714287496152897,-0.10554563475796352,-0.40227137864774287,-0.40227137864774287,,,-0.00016873769536213633,5.086388518829371e-06,-0.0001738240838809657,34.3827020133138,0.0,0.0,0.17650168038966893,0.33120071563458986,,,0.010999999940395355,0.012000000104308128,,,0.10000001862645191,0.20000003725290383,,,,,,,,,,,,,,,,,,,,0.035999998450279236,0.009999999776482582,-0.7222222164733172,0.0,27.621582559592596,0.00022042608845079976,0.022042609337770688,0.9777750932789145,0.7097017386400444,0.0,38430.65,430.42327896920966,0.03486246015207425,1.0,0.9791666666666666,0.8775510204081632,0.9791666666666666,0.7373737373737373,1.0,0.9696969696969697,0.9117647058823529,0.0,0.11815068493150682,0.5008532423208191,0.01718213058419244,0.17,92.45,97.77,17.98,75.6
BEMG,Betashares MSCI Emerging Markets Complex ETF,Unknown,,Spotlight ETP List,AUD,2026-08-14,37.150001525878906,,,,,,,,,,,,,,,,,,,,12.616810210559764,,,,,,,,-0.6603819732881889,0,0.25,,,,0.05,,0.04,0.06,,,0.02,5,0.3,,,,,,,,,,,,,,,,,,,,,,,,,,,,,,0.012702735694678946,0.04054437565182756,0.10011743129541228,,36.443000411987306,37.40040031433105,34.57832515716553,0.028181016851126284,0.0018609668823625913,0.08362683994653697,0.08362683994653697,,,-0.015368404297340987,-0.2013048681889957,0.18593646389165472,16.86891701485326,68.55896833216866,63.318782505801856,0.8278623574531407,0.08595380412084692,37.38999938964844,37.0049991607666,37.849998474121094,39.09000015258789,0.0021350901640879707,0.012409982513680785,0.010141372859310467,0.04323455775575676,4.749856952126645,,,,,,,,,,,,,,,,,,,40.18000030517578,29.646329879760742,-0.0674464674935199,0.26390016479859546,54.90703049563525,0.9608721312765495,0.025643771016096027,0.32629078307830645,0.2905729493816558,0.0,17115.85,623752.9286015129,0.8963856552192324,0.23076923076923078,,,,,,,,0.09450171821305842,0.07876712328767121,0.5008532423208191,0.6202749140893471,6.2,,,21.25,
BEST,ETFS US Quality ETF,Unknown,,Spotlight ETP List,AUD,2026-08-14,12.75,,,,,,,,,,,,,,,,,,,,4.330129840575592,,,,,,,,-0.6603819732881889,0,0.25,,,,0.05,,0.04,0.06,,,0.02,5,0.3,,,,,,,,,,,,,,,,,,,,,,,0.414068,2026-06-30,,,,,,0.034789669669892165,0.07332267209769716,0.17531687568531673,0.12153120731158129,12.437000179290772,12.248160457611084,11.644893460273742,0.028383032682595344,0.04423843940624095,0.0983355069314964,0.0983355069314964,,,0.1611048376587867,0.1268348671663126,0.0342699704924741,29.391978028375355,100.0,97.41070162774322,0.8256455445193618,0.08715928456656005,12.770000457763672,12.550000190734863,,,0.0015636828888979856,0.018764642051132006,,,,,,,,,,,,,,,,,,,,,,12.789999961853027,10.12834358215332,0.0,0.26279286026489923,72.32998456902618,0.0596004949604348,0.0046599292524000776,0.18644765677100272,0.14434869600779215,0.0,145.95,1815.180176167488,0.09372868232978337,0.23076923076923078,,,,,,,,0.31099656357388317,0.803082191780822,0.5008532423208191,0.027491408934707903,0.27,,,49.1,
BGBL,Betashares Global Shares ETF,Unknown,,Spotlight ETP List,AUD,2026-08-14,86.88999938964844,,,,,,,,,,,,,,,,,,,,29.509410133702872,,,,,,,,-0.6603819732881889,0,0.25,,,,0.05,,0.04,0.06,,,0.02,5,0.3,,,,,,,,,,,,,,,,,,,,,,,0.607346,2026-07-01,,,,,,0.024539204088502853,0.08455779020462328,0.13191294081995864,0.12977022701704666,85.19149971008301,84.62838470458985,80.45818325042724,0.0242806199349328,0.03109615574995006,0.08453855917467679,0.08453855917467679,,,0.7366195429418809,0.5386687524217959,0.19795079052008502,28.60595718827927,98.48872694847374,93.83596198293857,0.898261218523849,0.06096656868808023,86.90999857584636,85.6500015258789,,,0.004011042308223688,0.018450613923181286,,,,,,,,,,,,,,,,,,,,,,87.31999969482422,72.86087314510627,-0.0006870998488712754,0.197624985394391,67.84090012705872,0.6235776025302638,0.007146202008530018,0.09508630435938145,0.09108321628559846,0.0,99834.95,8505089.113981152,0.49918931501153996,0.23076923076923078,,,,,,,,0.7371134020618557,0.6934931506849316,0.5008532423208191,0.9518900343642611,9.52,,,65.53,
BHD,Benjamin Hornigold Limited,Unknown,,Spotlight LIC List,AUD,2026-08-14,0.25,5676481.0,24155241.0,6932089.0,0.0,-6932089.0,6550642.0,,,,6352828.383,0.263,,,0.40339470139764416,0.24683880470588238,,0.32271576111811534,,0.43691400389074986,0.08490450667795277,Undervalued,0.6135788055905766,-0.012644781176470499,,0.29086304447246136,,0.7476560155629994,-0.6603819732881889,2,0.25,0.3025460260482331,102451.0,,0.05,0.375,0.04,0.06,0.0625,0.0625,0.02,5,0.3,0.018048329590110494,,,0.8935361,,,-0.0016,-0.00279,1.0,0.33126,-0.01818,,11.313,11.256,0.45429,0.36834,,,,0.0,,2018-02-08,0.12,2018-02-07,,,-0.1,,-1255607.0,0.19047622764462102,0.42857145289985543,0.31578949019519276,0.3888888336994052,0.24074999913573264,0.21159999966621398,0.19233750104904174,0.03842160289708785,0.18147448201493233,0.2997985241383354,0.2997985241383354,,,0.007442604037126543,0.009414434772000404,-0.0019718307348738605,27.08102710401085,100.0,41.66666045784822,0.7150000214926662,0.17870511188948182,0.23499999940395355,0.20999999344348907,,,0.06000000238418579,0.1600000262260437,,,,,,,,,,,,,,,,,,,,,,0.25,0.17000000178813934,0.0,0.47058821982578447,77.01323271867115,0.0036536689490826073,0.01461467579633043,0.5428210129654972,0.4424214582596089,0.0,32280.3,7771.48219710119,0.11194856804840633,0.9230769230769231,0.6041666666666666,0.336734693877551,0.6041666666666666,0.4545454545454546,0.15306122448979592,0.05303030303030303,,0.02577319587628868,0.3253424657534246,0.5008532423208191,0.07560137457044673,0.76,50.9,,24.32,
BHYB,Betashares Australian Major Bank Hybrids Index ETF,Unknown,,Spotlight ETP List,AUD,2026-08-14,9.8100004196167,,,,,,,,,,,,,,,,,,,,3.3316529845522624,,,,,,,,-0.6603819732881889,0,0.25,,,,0.05,,0.04,0.06,,,0.02,5,0.3,,,,,,,,,,,,,,,,,,,,,,,0.042802,2026-08-03,,,,,,0.0033269887105649154,0.020205490863474784,0.018265441325518994,0.04368607124566681,9.816668224334716,9.78944362640381,9.645153546333313,0.002376766507737882,0.005164392187490874,0.02020150382454511,0.02020150382454511,,,0.009887398870265685,0.010603645810414765,-0.0007162469401490804,25.99268951436367,72.43060658237208,58.645690766271734,0.9265337885033424,0.005572281896066874,9.813836306324177,9.68536488763727,,,0.0026589274245928437,0.01571496570657591,,,,,,,,,,,,,,,,,,,,,,9.859999656677246,9.399553115837431,-0.0020283473413522657,0.04685829542346487,56.722893142259686,0.03106513548280347,0.0031570259147438566,0.03247602059706566,0.0265494649435513,0.0,162180.85,1592075.596790595,-0.0010418548029536433,0.23076923076923078,,,,,,,,0.929553264604811,0.8835616438356164,0.5008532423208191,0.781786941580756,7.82,,,78.94,
BILL,iShares Core Cash ETF,Unknown,,Spotlight ETP List,AUD,2026-08-14,100.47000122070312,,,,,,,,,,,,,,,,,,,,34.12142355830844,,,,,,,,-0.660381973288189,0,0.25,,,,0.05,,0.04,0.06,,,0.02,5,0.3,,,,,,,,,,,,,,,,,,,,,,,0.446905,2026-08-06,,,,,,0.0034530439353654963,0.011034590222196217,0.021016636507170672,0.040529739025139344,100.33087043762207,100.06819900512696,98.83970985412597,0.0015860265684268793,0.00421511392066698,0.016696609207768498,0.016696609207768498,,,0.12133335008482504,0.12241988459472325,-0.001086534509898207,97.27485567242195,95.93881141313902,93.43353545723869,0.8963852463191747,0.004001225028314478,,,,,,,,,,,,,,,,,,,,,,,,,,,,100.5,96.5661849975586,-9.95237435867935e-05,0.04063340460545417,95.28213535455149,0.035755490464183685,0.0003558114362053828,0.0027226157076479726,0.0026683765973315138,0.0,38905.05,3903377.5309192087,-0.0004498369263806639,0.23076923076923078,,,,,,,,0.9879725085910653,0.9863013698630136,0.5008532423208191,0.8900343642611683,8.9,,,84.14,
BKI,BKI Investment Company Limited,Unknown,,Spotlight LIC List,AUD,2026-08-14,1.9700000286102295,1573911808.0,807134229.0,75128000.0,0.0,-75128000.0,,140746000.0,,,1516605216.291,1.879,,,1.2924562126517876,1.847052044084401,,1.0339649701214302,2.531645569620253,1.0513064231825333,0.6690475223388176,Overvalued,-0.34393086605000045,-0.06241014352297464,,-0.4751446928400003,0.28509925525546614,-0.46634192491652116,-0.6603819732881889,1,0.25,0.9693421594888407,41131248.0,0.011,0.011,0.36,0.04,0.06,0.0616,0.0616,0.02,5,0.3,0.026133133883953934,,,1.0377861,,,0.02614,0.04355,1.0,0.96237,0.91082,,27.596,27.577,0.06285,0.12503,,0.08,0.040999997,1.0219,0.0424,2026-08-14,0.0395,2026-02-08,0.04060913646607273,-0.009533184451873747,0.11298912240317803,,1498783744.0,0.0622182194247487,0.11036412569062848,0.1263176312354941,0.10167551718866341,1.85626779794693,1.7955817461013794,1.7112398463487626,0.03433349391085416,0.0692913097682224,0.12199348395335718,0.12199348395335718,,,0.03746128244832514,0.033111504495294534,0.004349777953030605,38.0327969680345,85.4396922306388,90.54886425210032,0.7999479131184434,0.11446485342705708,1.8271320422549469,1.812436531651515,,,0.04836870672159823,0.05602261866529727,,,,,,,,,,,,,,,,,,,,,,1.940000057220459,1.6087381989908396,-0.010309329662834377,0.19348192160108502,67.44033281698134,0.030868097614766582,0.016077134533709556,0.1613885391974376,0.16926161015168,0.0,466879.95,866654.2166920728,0.42595005708149136,1.0,0.4583333333333333,0.3877551020408163,0.4583333333333333,0.21212121212121215,0.3673469387755102,0.9242424242424242,,0.38659793814432986,0.26027397260273977,0.5008532423208191,0.6804123711340206,6.8,41.25,,38.93,
BNDS,BetaShares Western Asset Aus Bond Active ETF,Unknown,,Spotlight ETP List,AUD,2026-08-14,23.190000534057617,,,,,,,,,,,,,,,,,,,,7.875742220822492,,,,,,,,-0.6603819732881889,0,0.25,,,,0.05,,0.04,0.06,,,0.02,5,0.3,,,,,,,,,,,,,,,,,,,,,,,0.099883,2026-08-03,,,,,,0.00043209658548204466,0.02156363255807503,0.010768055893088269,0.006036885547848536,23.10920648574829,23.131870346069334,22.88920018196106,0.0030634465736048,0.002080677367907846,0.012704686966034773,0.012704686966034773,,,0.013890369462796315,0.007831038480491137,0.006059330982305178,14.088907468197185,80.89129615719901,76.9070730450897,0.8127355728606008,0.009795644753755668,23.01199853772356,22.720751988186198,23.229347930173052,,0.007247703418481347,0.019812265355623814,0.002128888021897575,,0.29373277284898247,,,,,,,,,,,,,,,,,,,23.33057810880853,22.370615898675986,-0.0064540965479076284,0.03618069391409562,55.54715517176369,0.06352563458158929,0.0027405363997085397,0.033689854721889706,0.029053313498515605,0.0,38853.6,897875.8651146698,0.09355800775198837,0.23076923076923078,,,,,,,,0.9278350515463918,0.9023972602739726,0.5008532423208191,0.6907216494845361,6.91,,,79.34,
BNKS,Betashares Global Banks ETF - Currency Hedged,Unknown,,Spotlight ETP List,AUD,2026-08-14,14.489999771118164,,,,,,,,,,,,,,,,,,,,4.921065129321746,,,,,,,,-0.6603819732881888,0,0.25,,,,0.05,,0.04,0.06,,,0.02,5,0.3,,,,,,,,,,,,,,,,,,,,,,,0.652592,2026-07-01,,,,,,0.03196021389939685,0.2240440912057644,0.22700071634997343,0.45413018808678696,14.197499895095826,13.72521921157837,12.158348307609558,0.023419604883407663,0.05863516705903837,0.195063619281024,0.195063619281024,,,0.21164425699495304,0.21504595945651606,-0.0034017024615630165,31.18769773789276,94.73684210526316,93.38883073809416,0.9275557907207362,0.05477555301947596,14.390000343322754,14.247499942779541,,,0.009635195610551432,0.019442518608627873,,,,,,,,,,,,,,,,,,,,,,14.569999694824219,9.92605368571147,-0.0027453646321788927,0.46382441532500396,66.56897269889066,0.16984882857102926,0.011689527301615266,0.17206483389605515,0.17468603704824018,0.0,52843.2,750241.3264565277,0.96051838006621,0.23076923076923078,,,,,,,,0.35051546391752575,0.42808219178082196,0.5008532423208191,0.6529209621993127,6.53,,,41.5,
BOND,SPDR S&P/ASX Australian Bond ETF,Unknown,,Spotlight ETP List,AUD,2026-08-14,25.309999465942383,,,,,,,,,,,,,,,,,,,,8.595732074700345,,,,,,,,-0.6603819732881889,0,0.25,,,,0.05,,0.04,0.06,,,0.02,5,0.3,,,,,,,,,,,,,,,,,,,,,,,0.263806,2026-06-29,,,,,,0.002772265141553154,0.025379568896306104,0.013770662064278127,0.012226965020717406,25.226499938964842,25.237174797058106,24.954549036026002,0.003706410167308105,0.0032818609227118767,0.014644650891932676,0.014644650891932676,,,0.023166726954798378,0.01592694346694098,0.0072397834878573965,10.93459268146783,86.3633999167707,78.97703915357032,0.8209965010460459,0.011546574978947902,25.299887272953914,25.050236670432138,,,0.0007943294673268229,0.010654148011195437,,,,,,,,,,,,,,,,,,,,,,25.386091232299805,24.44715567647803,-0.00260345465833256,0.035703295299338356,56.4346272274827,0.06847562528265129,0.002704408614058898,0.042802443572780784,0.03644859935005536,0.0,3537.45,89237.48220909118,0.11209978910626094,0.23076923076923078,,,,,,,,0.8883161512027491,0.9075342465753424,0.5008532423208191,0.29037800687285226,2.9,,,77.69,
BSUB,Australian Major Bank Subordinated Debt ETF,Unknown,,Spotlight ETP List,AUD,2026-08-14,25.700000762939453,,,,,,,,,,,,,,,,,,,,8.728183545601535,,,,,,,,-0.6603819732881889,0,0.25,,,,0.05,,0.04,0.06,,,0.02,5,0.3,,,,,,,,,,,,,,,,,,,,,,,0.115072,2026-08-03,,,,,,0.0044870990125847054,0.015492318730480292,0.024024933728933107,0.055710994320055995,25.646529102325438,25.559215393066406,25.159801740646362,0.002084947261310477,0.005508203898592301,0.02147071856374705,0.02147071856374705,,,0.041934454179177294,0.04137961094876563,0.0005548432304116613,78.8385334321028,91.29426172548746,97.09808724182915,0.8690299228488084,0.005649805428284379,25.45603981332235,25.29805115398878,,,0.009492643672170899,0.01564006214078804,,,,,,,,,,,,,,,,,,,,,,25.709999084472656,24.324713914161087,-0.0003888884437667217,0.05653866489988668,85.1715114409497,0.02324574925957635,0.0009045038353888983,0.007495015060059648,0.009676045489433125,0.0,78603.65,2015910.7972740028,0.0053112669429078,0.23076923076923078,,,,,,,,0.9776632302405498,0.964041095890411,0.5008532423208191,0.8092783505154639,8.09,,,83.12,
BTI,Bailador Technology Investments Limited,Unknown,,Spotlight LIC List,AUD,2026-08-14,1.0700000524520874,158756480.0,151196659.0,95551000.0,0.0,-95551000.0,,36230000.0,,,265954923.181,1.759,,,7.194011021114337,1.8032098524806737,,5.75520881689147,1.947419668938656,3.0387240475148536,0.3633913063953123,Undervalued,5.72337445650403,0.685242770173993,,4.378699565203224,0.8200182929671939,1.839928877153884,-0.6603819732881889,4,0.25,5.395508265835753,19314376.0,0.262,0.25,0.518,0.04,0.06,0.07108,0.07108,0.02,5,0.3,0.12166039458672805,,,0.5969301,,,0.073359996,0.098000005,1.0,0.7617,0.51537,,9.054,9.054,0.20844,0.067779996,,0.08,0.0743,0.4406,,2026-02-13,0.039,2026-02-12,0.07476635147509234,0.006276601279842938,-0.1,,61783656.0,0.04390251447869553,0.13227519635000085,-0.06550212202950223,-0.05000944083580605,1.0414999783039094,0.9898999881744385,1.0609920302033424,0.02736445006421473,0.08091733027027148,0.008490188420188671,0.008490188420188671,,,0.019606599496973853,0.01993019956286241,-0.0003236000658885553,18.882934257435455,90.0000238418238,85.76920616615432,0.8630065944280491,0.07538279051742833,1.0562499463558197,1.0399999618530273,1.0733333826065063,1.094475804218752,0.012850565815167008,0.02803746647517422,0.0031152616738476333,0.022874533240044376,0.24242214067888082,,,,,,,,,,,,,,,,,,,1.238572597503662,0.8650000095367432,-0.13610227239915684,0.23699426665339973,67.9075113874456,0.018938710947104455,0.01769972898945488,0.20591452192478502,0.2008499263152088,0.0,114063.35,118796.97655027123,0.7727396800553776,1.0,0.8125,0.826530612244898,0.8125,0.8484848484848485,0.7040816326530612,0.5757575757575758,,0.2508591065292096,0.2191780821917808,0.5008532423208191,0.3161512027491409,3.16,82.03,,31.79,
BTXX,DigitalX Bitcoin ETF,Unknown,,Spotlight ETP List,AUD,2026-08-14,19.670000076293945,,,,,,,,,,,,,,,,,,,,6.680286611332123,,,,,,,,-0.6603819732881889,0,0.25,,,,0.05,,0.04,0.06,,,0.02,5,0.3,,,,,,,,,,,,,,,,,,,,,,,,,,,,,,-0.023453153654247605,-0.16474607597418056,-0.07295124921844787,-0.5134261784967171,19.936000251770018,19.717599945068358,24.33709991455078,-0.018358775698415486,-0.007485710768822873,-0.19587790806892258,-0.19587790806892258,,,-0.09234865266692438,-0.06947248955748442,-0.022876163109439962,15.37864109314024,26.249910592947572,29.198079737762725,0.18240589536270596,0.05780578238182958,19.40333366394043,19.09000015258789,19.625,19.989999771118164,0.008516404368052602,0.024527314753268806,0.0028104397564363516,0.021461424774831497,0.33000308991657223,,,,,,,,,,,,,,,,,,,42.5,18.3700008392334,-0.5395294189453125,0.06532383237718453,44.09811548247829,0.29284883456390653,0.014964171646939669,0.1950569818368847,0.27356291304920005,0.0,1857.95,37040.091667776105,1.0654304688100034,0.23076923076923078,,,,,,,,0.2938144329896907,0.3013698630136986,0.5008532423208191,0.18041237113402062,1.8,,,35.78,
BUGG,Global X Cybersecurity ETF,Unknown,,Spotlight ETP List,AUD,2026-08-14,14.210000038146973,,,,,,,,,,,,,,,,,,,,4.8259721725302365,,,,,,,,-0.6603819732881889,0,0.25,,,,0.05,,0.04,0.06,,,0.02,5,0.3,,,,,,,,,,,,,,,,,,,,,,,0.416004,2026-07-02,,,,,,0.07345456210049717,0.41909667885879087,0.5951834617716729,0.22098304040987582,13.373000049591065,12.789787368774414,10.709368424415588,0.10371645660265916,0.1540457869469818,0.3782325571348799,0.3782325571348799,,,0.43794130691271604,0.3160716451143273,0.12186966179838876,32.87176532375955,96.23430377994148,94.8571882403899,1.0135876384814602,0.2019450018487998,14.260000228881836,13.770000457763672,,,0.03387533822808607,0.0670731541847112,,,,,,,,,,,,,,,,,,,,,,14.850000381469727,7.712326548753423,-0.006060616180198597,0.9138194078760267,71.25829528706153,0.3095005720221259,0.020968873118071253,0.3258918850872467,0.4220029217461536,0.0,27705.45,370504.9842239428,0.480888315444223,0.23076923076923078,,,,,,,,0.09793814432989689,0.136986301369863,0.5008532423208191,0.5017182130584192,5.02,,,22.86,
BWF,Blackwall Limited,Real Estate,,Spotlight A-REITS  List,AUD,2026-08-14,0.12999999523162842,22267760.0,171290466.0,104000.0,0.0,-104000.0,,,,,42651326.034,0.249,,,-0.0433172511850782,0.17898389290910122,,-0.03465380094806256,0.3503854239663631,-0.037963008406735395,0.044150341853110495,Overvalued,-1.3332096367226582,0.3767992267245502,,-1.2665677093781265,1.6952725909109563,-1.2920231523016177,-0.6603819732881889,2,0.25,-0.032487938388808646,-504500.0,-0.734,-0.1,0.309,0.04,0.06,0.058539999999999995,0.058539999999999995,0.02,5,0.3,-0.0226560731748501,,,0.52208835,-33.483,0.1565086531226486,-0.00759,-0.23911,-1.10596,-0.91475,0.0,,1.342,1.342,0.82629997,0.01616,,0.01,0.0769,0.7576,0.0622,2026-02-19,0.005,2025-09-08,0.07692307974459868,0.00030012671779822576,,,22249760.0,-0.03703711062301529,-0.16129035979478312,-0.31578949019519265,-0.6951884781295603,0.12999999821186065,0.13875,0.1729931803047657,-2.2924863563034137e-08,-0.06306309742970517,-0.24852531757260776,-0.24852531757260776,,,-0.0006106003744411059,-0.001998219244465535,0.001387618870024429,15.354361864034535,19.999976158147774,66.66664679845648,0.49999985792300206,0.16135520875599682,0.125,,0.13500000536441803,0.14000000059604645,0.038461503192516594,,0.03846161781683767,0.07692312100935426,1.000002980235081,,,,,,,,,,,,,,,,,,,0.45361111423147066,0.125,-0.713410912667163,0.039999961853027344,45.87475231761359,0.006013703499292306,0.04625925938364341,0.6520303740119396,0.4605336634489306,0.0,16137.85,2097.9204711432753,0.7707195183929683,1.0,0.19791666666666666,0.14285714285714285,0.19791666666666666,0.9191919191919192,0.01020408163265306,0.23106060606060605,0.7647058823529411,0.0068728522336769515,0.003424657534246589,0.5008532423208191,0.030927835051546393,0.31,25.35,18.96,15.42,21.26
BWP,BWP Group,Real Estate,,Spotlight A-REITS  List,AUD,2026-08-14,3.880000114440918,3069886720.0,785137249.0,54421000.0,980494976.0,926073976.0,,906289000.0,,,3277948014.575,4.175,,,-1.3580152211592722,4.332164659720021,,-1.0864121769274178,4.424778761061947,1.0103565051373367,1.3177179825080256,Overvalued,-1.3500039126557999,0.1165372505006375,,-1.2800031301246397,0.1404068635445202,-0.739598846562683,-0.6603819732881889,2,0.25,-1.0185114158694542,-6959375.0,0.03,0.03,0.549,0.04,0.06,0.07294,0.07294,0.02,5,0.3,-0.0022669810435220227,,,0.9365269,,,0.02803,0.11333,0.93912005,0.86846,1.6222501,32.366,0.684,0.283,0.24128,0.25031,,0.19,0.0496,0.5011,0.049400000000000006,2026-06-29,0.0983,2026-06-29,0.0489690707206017,-0.012720348374965695,,,3763815168.0,-0.0038560679947704513,0.054015536178710244,0.0456944035446063,0.12704204898580684,3.8892500400543213,3.842761082649231,3.739115422964096,-0.0036639557517680332,0.00838951906126395,0.03634136999391813,0.03634136999391813,,,0.010989568942656014,0.017528569558387552,-0.006539000615731538,10.065251389657334,20.588247668761475,20.588247668761465,0.3634532469100934,0.026832976023645354,3.8720335516534043,3.8356906657839898,3.9273160089006427,4.010000228881836,0.0007655350571859746,0.010144344313809095,0.013500905522746503,0.034838768743699594,17.63590758648519,,,,,,,,,,,,,,,,,,,4.010000228881836,3.3429627418518066,-0.033665890567662116,0.159151417240587,50.42669854376534,0.06290101244777067,0.016232519341360174,0.10697586382650615,0.12641374922251614,0.0,847310.25,3295401.423750937,0.4059644042486302,1.0,0.1875,0.1836734693877551,0.1875,0.4040404040404041,0.7857142857142857,0.9924242424242424,,0.6597938144329897,0.25513698630136983,0.5008532423208191,0.865979381443299,8.66,20.8,,51.09,
CAM,Clime Capital Limited,Unknown,,Spotlight LIC List,AUD,2026-08-14,0.6800000071525574,96263152.0,140530150.0,153819232.0,40197772.0,-113621460.0,,35946786.0,,,114813132.55,0.817,,,5.146134287525454,0.83460414210186,,4.116907430020364,2.3105360443622924,2.2082764174667946,0.23094026059316897,Undervalued,6.567844460876489,0.22735901959280022,,5.0542755687011915,2.3978470883220533,2.247465285645754,-0.6603819732881889,4,0.25,3.8596007156440906,7160014.0,21.585,0.25,0.194,0.04,0.06,0.05164,0.05164,0.02,5,0.3,0.07437959230755295,,,0.8384333,,,0.056789998,0.0743,1.0,0.83208,0.5085,34.258,54.312,54.286,0.13147001,0.04048,,0.05,0.0788,0.6761,0.0663,2026-07-01,0.0135,2026-07-01,0.07352941099128922,-0.06688564731866466,-0.1,,-15201187.0,-0.021582713452168112,-0.00904157262838734,0.010165757929776476,0.04240322107285999,0.6817500054836273,0.6769159162044525,0.6723677387833595,-0.0025669208903467133,0.00455609164192472,0.011351330423747363,0.011351330423747363,,,0.0010226119733698358,0.0016889755231996257,-0.0006663635498297899,16.819035374050646,50.0,50.0,0.39741318319180047,0.025021937225578942,0.6751601356387594,0.6691402940843634,0.6816847016598747,0.6907781940051249,0.007117458033661643,0.01597016610877422,0.002477491896466086,0.01585027461646689,0.34808661810844804,,,,,,,,,,,,,,,,,,,0.7009087204933167,0.6273395402164731,-0.029830864889287212,0.08394252802543423,48.768756628790086,0.007428123770405658,0.01092371131216645,0.10054651243117568,0.12237091876449807,0.0,111902.1,76289.25728862941,0.1789716761598251,1.0,0.8333333333333334,0.673469387755102,0.8333333333333334,0.5252525252525253,0.5612244897959183,0.5681818181818182,,0.7010309278350515,0.4537671232876712,0.5008532423208191,0.26288659793814434,2.63,75.46,,57.92,
CD1,Cd Private Equity Fund I,Unknown,,Spotlight LIC List,AUD,2026-08-14,0.27000001072883606,10234330.0,36551180.0,,,0.0,,1252148.0,,,,,,,,,,,,,0.09169687085589512,,,,,,,,-0.6603819732881889,0,0.25,,,,0.05,,0.04,0.06,,,0.02,5,0.3,,,,,,,,,0.0,0.0,0.0,,,,0.30219,0.34427,,,,0.0,,2026-08-05,0.04,2026-08-05,,,,,10234330.0,-0.041843136649372004,-0.09820533874322046,-0.2785642566323543,-0.24685276177355642,0.27951492220163343,0.27885521709918976,0.3337735582888126,-0.034040799674851074,-0.03175557001396845,-0.19106830357362703,-0.19106830357362703,,,-0.0031547742748641028,-0.0011526346410749727,-0.00200213963378913,16.94350530005469,14.53369058354622,9.68912705569748,0.2743416233345775,0.1508510349931409,0.2644527352003545,,0.2729850709438324,0.2773880505962157,0.02054546410389866,,0.011055778134743358,0.027363109532612256,0.538112844705486,,,,,,,,,,,,,,,,,,,0.43334640512245326,0.26417910937913963,-0.37694184712911016,0.022033919954444592,42.203716447629574,0.006228037283684829,0.023066803837795823,0.4742453363232419,0.4240822013365169,0.0,31616.85,8837.381368010714,0.30451294759250624,0.38461538461538464,,,,,,0.23106060606060605,,0.03264604810996563,0.10102739726027399,0.5008532423208191,0.08247422680412371,0.82,,,19.02,
CD2,Cd Private Equity Fund II,Unknown,,Spotlight LIC List,AUD,2026-08-14,0.2800000011920929,15743727.0,52479086.0,,,0.0,,4751996.0,,,,,,,,,,,,,0.09509304788416334,,,,,,,,-0.6603819732881889,0,0.25,,,,0.05,,0.04,0.06,,,0.02,5,0.3,,,,,,,,,0.0,0.0,0.0,,,,0.15642,0.46363,,,,0.0,,2026-08-05,0.03,2026-08-05,,,,,15743727.0,-0.04032257817390994,-0.18107533251236685,-0.35348048414433497,-0.14361566128630454,0.3057353049516678,0.3009088349342346,0.3548571637272835,-0.08417511272910816,-0.06948560930991421,-0.21095012356216702,-0.21095012356216702,,,-0.005441583231860059,-0.0014238320272058973,-0.004017751204654162,18.27087773566417,0.0,3.1835157666028624,0.10120184871623952,0.21107197327305124,0.2780882569783816,,0.2826470677905225,0.28720590472221375,0.006827657877043275,,0.009453809239856415,0.025735369640863922,1.3846342933560107,,,,,,,,,,,,,,,,,,,0.478676479832682,0.2780882569783816,-0.4150537722472495,0.006874595261532113,36.72825817568405,0.009612365059069868,0.03432987506480524,0.5495586433772925,0.484338358010327,0.0,57218.8,17493.807266968488,-0.03174027210220069,0.38461538461538464,,,,,,0.23106060606060605,,0.022336769759450203,0.025684931506849362,0.5008532423208191,0.12199312714776632,1.22,,,16.67,
CD3,Cd Private Equity Fund III,Unknown,,Spotlight LIC List,AUD,2026-08-14,0.7749999761581421,57982876.0,72028420.0,8283176.0,0.0,-8283176.0,,3463176.0,,,115893727.78,1.609,,,-9.270335537266897,1.4536884510114088,,-7.416268429813518,,-3.004946798899114,0.2632039626045289,Overvalued,-12.9617236418795,0.8757270912673903,,-10.569378913503598,,-4.877350827538531,-0.6603819732881889,1,0.25,-6.952751652950173,-5674503.0,,0.05,-0.212,0.04,0.06,0.027280000000000002,0.027280000000000002,0.02,5,0.3,-0.09786515246328933,,,0.5003108,,,-0.04354,-0.071880005,0.0,1.07683,0.0,,62.992,62.891,0.10068,0.50025004,,,,0.0,,2026-08-05,0.12,2026-08-05,,,,,49699704.0,-0.04459555701646256,-0.013270887644438623,-0.12343964795793994,-0.1652389633974255,0.8109062492847443,0.7936250030994415,0.8512806290388107,-0.025781313000747486,-0.004567625298613653,-0.07198637616167913,-0.07198637616167913,,,-0.002525231216088719,0.0033760090532436843,-0.005901240269332404,22.50439511057495,33.80283577518313,28.169018619297393,0.25110387407563356,0.10358262068161657,0.7796249956058131,0.765625,0.7933333217975704,0.8035416776935259,0.013132943759565328,0.030854456703300386,0.0042193674042538135,0.017141336541823562,0.3212811599212594,,,,,,,,,,,,,,,,,,,1.019537108183221,0.73499995470047,-0.22513853089131386,0.07483002741083977,45.24141223163045,0.01807456543229881,0.02287919612830952,0.3194984098074206,0.34153947663857753,0.0,37057.4,30050.077242244486,0.05284395110487907,0.9230769230769231,0.020833333333333332,0.061224489795918366,0.020833333333333332,0.9292929292929293,0.061224489795918366,0.23106060606060605,,0.1030927835051546,0.10616438356164382,0.5008532423208191,0.16666666666666666,1.67,12.38,,22.32,
CDM,Cadence Capital Limited,Unknown,,Spotlight LIC List,AUD,2026-08-14,0.7799999713897705,233170576.0,298936643.0,101020000.0,58470684.0,-42549316.0,,65606632.0,,,324346257.655,1.085,,,5.54457536485347,1.1959319319608688,,4.435660291882776,1.6137708445400751,2.821546479803691,0.26490205111866294,Undervalued,6.108430215676012,0.533246122855631,,4.68674417254081,1.0689370560677425,2.61736741448385,-0.6603819732881889,4,0.25,4.158431523640102,65387200.0,,0.05,0.453,0.04,0.06,0.06718,0.06718,0.02,5,0.3,0.2804264634144919,,,0.71889395,,,0.13430999,0.17628999,1.0,0.80033994,0.56117,18.09,1.321,1.321,0.21617001,0.00566,,0.06,0.0769,0.33330002,0.0821,2026-09-29,0.03,2026-04-15,0.07692307974459867,0.0003001267177980453,-0.1,,189720480.0,0.019480578793626746,0.04666670163472486,0.01127216928041519,0.23864456412365542,0.7865000098943711,0.7646000039577484,0.7434000110626221,-0.0019071629363728304,0.026680646302249533,0.05595912637122269,0.05595912637122269,,,0.005167370017167161,0.0067615927445818635,-0.0015942227274147024,15.787099988372374,71.42862008538785,71.42856331910203,0.41666789309539,0.022886292057344857,0.777812488088828,0.7702040690955331,0.7888690546158322,0.7950000166893005,0.009156099231958564,0.018848352402793523,0.004928698421055123,0.012738840928875715,0.5382967458294828,,,,,,,,,,,,,,,,,,,0.8389286023272557,0.6106274432007267,-0.06428267668024412,0.2855629647290465,54.761806029475856,0.011135078429988045,0.014184812812708949,0.13124352635284606,0.18343482364780575,0.0,240565.2,189204.53218024137,0.6989171454502764,0.9230769230769231,0.8229166666666666,0.8979591836734694,0.8229166666666666,0.7272727272727273,0.8979591836734694,0.6363636363636364,,0.5240549828178694,0.3356164383561644,0.5008532423208191,0.38316151202749144,3.83,83.59,,47.0,
CDO,Cadence Opportunities Fund Limited,Unknown,,Spotlight LIC List,AUD,2026-08-14,2.299999952316284,36561404.0,15759227.0,50407112.0,9295535.0,-41111577.0,,,,,37506960.26,2.38,,,43.44044675935888,2.7806138595166163,,34.752357407487104,5.136986301369862,11.724974564949166,0.781121445242916,Undervalued,17.88715115650801,0.20896257268019308,,14.10972092520641,1.2334723512478794,4.097815133926928,-0.6603819732881889,4,0.25,32.58033506951916,9461788.0,62.974,0.25,0.32,0.04,0.06,0.0592,0.0592,0.02,5,0.3,0.2587917028569253,,,0.97478986,,,0.16783,0.23749,1.0,0.82913,0.55818003,24.923,4.039,4.039,0.52984,0.0,,0.15,0.0647,0.25959998,,2026-09-29,0.075,2026-04-15,0.0652173926564381,0.007996795308162346,-0.1,,-4761475.0,-0.0734694135730235,0.05581389778430412,0.14464237131704327,0.36081664406159253,2.315499997138977,2.26239999294281,2.0649322098493577,-0.01965019057166184,0.0033592591970521557,0.09930968682604657,0.09930968682604657,,,0.004509872429525608,0.00991310578631607,-0.005403233356790462,14.544464826628381,56.25,72.91666666666664,0.32894732763139034,0.11487800979406361,2.259999990463257,2.240000009536743,2.2899999618530273,2.3399999141693115,0.00440528217941891,0.013215846538256729,0.00881056435883782,0.030836975255932368,2.0,,,,,,,,,,,,,,,,,,,2.509999990463257,1.6167174577713013,-0.09561753404327611,0.40407958732367755,46.11023539137313,0.03647452815313331,0.016068074211280838,0.3023691475311806,0.3557882591985123,0.0,11741.05,27186.401241408585,0.2868543156416237,1.0,0.9583333333333334,0.8877551020408163,0.9583333333333334,0.33333333333333337,0.9489795918367347,0.6287878787878788,,0.1202749140893471,0.26369863013698636,0.5008532423208191,0.15120274914089346,1.51,87.47,,27.03,
CDP,Carindale Property Trust,Real Estate,,Spotlight A-REITS  List,AUD,2026-08-14,5.460000038146973,446780960.0,82737213.0,3193000.0,209087008.0,205894008.0,,232304000.0,,,578912279.361,6.997,,,6.034012256685352,7.277531902707244,,4.827209805348282,17.084282460136674,4.690261559454646,1.8543144388018882,Undervalued,0.10513044222124011,0.3328812915497908,,-0.11589564622300778,2.1289894397024174,-0.1409777423652844,-0.6603819732881889,3,0.25,4.525509192514014,15514250.0,0.065,0.065,0.126,0.04,0.06,0.04756,0.04756,0.02,5,0.3,0.03472451019398857,,,0.77175933,,,0.03132,0.08956,0.63273996,0.63486,0.79139,36.118,0.347,0.252,0.04341,0.75785005,,0.3,0.0553,0.4783,0.0636,2026-06-29,0.149415,2026-06-29,0.05494505456117445,-0.0064185431975687995,0.049538393925104174,,652674944.0,-0.0036363601684570312,0.04001100064514307,0.051674701746670104,0.10682850927856924,5.458500027656555,5.493680715560913,5.3276950550079345,0.003938809436291546,-0.002490260573148384,0.02858740271224569,0.02858740271224569,,,-0.00928688853473858,-0.011533038706095964,0.0022461501713573837,20.749932445042983,52.63151290346058,47.36831978530623,0.5750245401863033,0.05250028092822079,5.412129012698544,5.368523179346739,5.486635550959523,5.579351844270237,0.01238522009830534,0.020342488930427956,0.0012108634786389286,0.018129895045793824,0.09776681149207918,,,,,,,,,,,,,,,,,,,5.760000228881836,4.837264982761377,-0.048611145604538386,0.13287157900231472,50.63379230934879,0.07540183739232761,0.013759459330271305,0.2872950892431606,0.2145148174283557,0.0,10590.05,57805.7882178843,0.14769824553332284,1.0,0.53125,0.46938775510204084,0.53125,0.6363636363636364,0.6530612244897959,0.8409090909090909,,0.13058419243986252,0.3527397260273972,0.5008532423208191,0.23367697594501718,2.34,52.32,,29.72,
CETF,VanEck FTSE China A50 ETF,Unknown,,Spotlight ETP List,AUD,2026-08-14,63.209999084472656,,,,,,,,,,,,,,,,,,,,21.46725515752399,,,,,,,,-0.6603819732881888,0,0.25,,,,0.05,,0.04,0.06,,,0.02,5,0.3,,,,,,,,,,,,,,,,,,,,,,,1.19,2026-07-01,,,,,,-0.0236825338971699,-0.008243596354830629,0.04112432615625772,0.05534116920302212,62.863999938964845,63.790710372924806,62.76068515777588,-0.009767115353158884,-0.024152582153697755,-0.008137023305148094,-0.008137023305148094,,,-0.30082312748048423,-0.36492879078183765,0.06410566330135342,9.243344742599309,33.43197369891213,47.140050132780765,0.28718181226674205,0.0458941759498527,61.93740365234493,61.35294936453753,62.83640653242645,63.613604721278,0.005021628074780187,0.014410451975300729,0.009420185259862676,0.021905296727357453,1.8759225334056682,,,,,,,,,,,,,,,,,,,67.80999755859375,57.07022393888679,-0.08199377317171308,0.09076144622561721,44.52863347849196,1.045609146164987,0.01679693407493955,0.17178250145585644,0.18804021864483814,0.0,2354.95,148041.57665626524,0.11958269045776714,0.23076923076923078,,,,,,,,0.3539518900343642,0.24143835616438358,0.5008532423208191,0.3470790378006873,3.47,,,36.99,
CFLO,Betashares Global Cash Flow Kings ETF,Unknown,,Spotlight ETP List,AUD,2026-08-14,21.020000457763672,,,,,,,,,,,,,,,,,,,,7.138771076947064,,,,,,,,-0.6603819732881889,0,0.25,,,,0.05,,0.04,0.06,,,0.02,5,0.3,,,,,,,,,,,,,,,,,,,,,,,0.58078,2026-07-01,,,,,,0.07454367504504078,0.17368918922345267,0.20015860722932222,0.1746436127846971,20.01500015258789,19.584254913330078,18.469856567382813,0.05870598913374492,0.08199166257964619,0.14727477480677864,0.14727477480677864,,,0.4393641079552353,0.3161427343177554,0.12322137363747987,35.109771469326226,96.5517403375912,96.86862190854448,0.9417344562841731,0.13289882258127167,20.149999618530273,19.84000015258789,,,0.04907979656988695,0.0637093132347939,,,,,,,,,,,,,,,,,,,,,,21.260000228881836,16.762517770662054,-0.0032925538132931864,0.26412993703992327,78.23104587746283,0.20786686890648493,0.009809667940894622,0.14260312842237433,0.13244424932413645,0.0,5445.25,108986.67958087921,0.5282595377071604,0.23076923076923078,,,,,,,,0.4587628865979382,0.5136986301369864,0.5008532423208191,0.30927835051546393,3.09,,,48.51,
CGHE,Claremont Global Fund (Hedged) Active ETF,Unknown,,Spotlight ETP List,AUD,2026-08-14,1.4800000190734863,,,,,,,,,,,,,,,,,,,,0.5026346860111802,,,,,,,,-0.6603819732881889,0,0.25,,,,0.05,,0.04,0.06,,,0.02,5,0.3,,,,,,,,,,,,,,,,,,,,,,,0.200187,2026-06-30,,,,,,0.057142888769811995,0.12364346357766398,0.0542827641954835,-0.04048423042215743,1.438999980688095,1.39589542388916,1.4165860790014266,0.02849203539654388,0.060251358192721316,0.0447653277213913,0.0447653277213913,,,0.02428458704718439,0.020902739827932667,0.0033818472192517247,26.180814132745525,100.0,100.0,0.8207042929167421,0.08884207672249882,1.476433588908269,1.4375974190050786,1.4956919175690995,1.5077830700627448,0.0024097500805777498,0.02865040508239498,0.010602633982016182,0.018772331507570728,4.399889460517892,,,,,,,,,,,,,,,,,,,1.5554428100585938,1.2824821472167969,-0.048502452483139225,0.15401218043099996,71.48057803299955,0.008111017673522817,0.00548041727634605,0.13678441913001707,0.3830486684564674,0.0,4665.9,6714.2300098925825,0.14904676931665517,0.23076923076923078,,,,,,,,0.49312714776632305,0.779109589041096,0.5008532423208191,0.06013745704467354,0.6,,,56.69,
CGUN,Claremont Global Fund Active ETF,Unknown,,Spotlight ETP List,AUD,2026-08-14,1.4450000524520874,,,,,,,,,,,,,,,,,,,,0.49074806641224145,,,,,,,,-0.6603819732881889,0,0.25,,,,0.05,,0.04,0.06,,,0.02,5,0.3,,,,,,,,,,,,,,,,,,,,,,,0.028593,2026-06-30,,,,,,0.047101490902214715,0.12665383076406145,0.044896573976051624,-0.11621764387436861,1.4100000083446502,1.3640213656425475,1.4234215581417085,0.02482272617042569,0.05936760878477387,0.015159594982212976,0.015159594982212976,,,0.024116412903229634,0.022549961049307496,0.0015664518539221378,29.05602652432801,83.3333554091195,84.68255840791413,0.7641229556632255,0.09398170677022227,1.434999942779541,1.396120040747755,1.4489980084796037,1.4600000381469727,0.006920490871662418,0.033826996491374293,0.002766751475705468,0.010380612560830766,0.39979121813953755,,,,,,,,,,,,,,,,,,,1.6741801500320435,1.2776637077331543,-0.13689094185925543,0.13097057050780858,69.12787178440318,0.010867136619853564,0.007520509498537815,0.1289152864733501,0.16149019595040506,0.0,12648.2,17833.962105544804,0.17499914870713554,0.23076923076923078,,,,,,,,0.5412371134020619,0.6643835616438356,0.5008532423208191,0.12371134020618557,1.24,,,55.99,
CHC,Charter Hall Group,Real Estate,,Spotlight A-REITS  List,AUD,2026-08-14,23.34000015258789,11301304320.0,472857936.0,224600000.0,515000000.0,290400000.0,3544200000.0,,,,2855589075.5039997,6.039,,,3.260701925848259,6.343417816634319,,2.6085615406786076,5.5782021025531,6.622291753858819,7.9266847952752695,Overvalued,-0.8602955482206062,-0.7282168905242713,,-0.8882364385764849,-0.7610024821728804,-0.7162685642431518,-0.6603819732881889,0,0.25,2.445526444386194,76861264.0,0.637,0.25,1.387,0.04,0.06,0.12322,0.12322,0.02,5,0.3,0.0068010967427872965,,,3.9576087,18.781,0.47051198963058977,0.10746,0.17984,0.76693,0.69982004,0.32497,18.035,3.715,1.902,0.01754,0.73349,,0.52,0.0216,0.4406,0.029500000000000002,2026-06-29,0.2584,2026-06-29,0.022279348611844097,0.03145132462241185,0.2,,11591704576.0,0.04236136115752931,0.22889322319067862,0.02032448705198564,0.06405672217053593,23.284999942779542,22.762966995239257,21.902899713516234,-0.00665667951014981,0.016124091626724457,0.05602452019141224,0.05602452019141224,,,0.30657977272601045,0.3748322921580288,-0.06825251943201838,21.875378697690085,45.12814443416324,56.849773194939964,0.4285271794554482,0.09313581665635369,23.039894261406236,22.84892124993994,23.223130620087776,23.4594921330109,0.0038955859329732703,0.012152093429533195,0.004026435914409598,0.014245265205335138,1.0335892940594067,,,,,,,,,,,,,,,,,,,25.40945112100022,17.981112156755202,-0.08970882327913465,0.28634975184652567,50.15226956263992,0.5903824414348235,0.02552453362973907,0.24334764356862318,0.30478463069898487,0.0,858843.0,19998159.20585661,1.0979630076843079,1.0,0.2916666666666667,0.23469387755102042,0.2916666666666667,0.04040404040404044,0.9081632653061225,0.4772727272727273,0.7352941176470589,0.18384879725085912,0.0821917808219178,0.5008532423208191,0.9828178694158075,9.83,24.94,75.3,25.35,49.98
CIIH,CB Global Infrastructure Income (Hedged) Active ETF,Unknown,,Spotlight ETP List,AUD,2026-08-14,1.4800000190734863,,,,,,,,,,,,,,,,,,,,0.5026346860111802,,,,,,,,-0.6603819732881889,0,0.25,,,,0.05,,0.04,0.06,,,0.02,5,0.3,,,,,,,,,,,,,,,,,,,,,,,0.136949,2026-07-01,,,,,,-0.018062418843727057,0.011252010655547151,0.011702166279038861,0.17183534761622354,1.5057499945163726,1.511826322078705,1.4467447823286057,-0.007139292569915523,-0.011129795178587587,0.03335434350908573,0.03335434350908573,,,-0.008835028442121029,-0.006703364872697695,-0.002131663569423334,16.37647684580401,50.0,30.952380952380974,0.35439698324438135,0.04903258688587563,1.4767837776584851,1.45366202274607,1.4979052884144064,1.51446868002861,0.01218476725871904,0.027650824006991474,0.0019433335362998535,0.013022525216148625,0.15948876946412452,,,,,,,,,,,,,,,,,,,1.5793718149930953,1.2417558431625366,-0.05342111934870297,0.20394038248361768,46.00451453257117,0.011036074526283876,0.007381989626143014,0.11775297714022667,0.11558732080337095,0.0,320169.3,482094.9217193108,0.3089324893479519,0.23076923076923078,,,,,,,,0.6099656357388317,0.6746575342465753,0.5008532423208191,0.5549828178694158,5.55,,,59.34,
CIN,Carlton Investments Limited,Unknown,,Spotlight LIC List,AUD,2026-08-14,35.849998474121094,935132928.0,26341773.0,18481000.0,166000.0,-18315000.0,,236836000.0,,,972617284.4790001,36.923,,,24.680061817632417,36.22125713460257,,19.744049454105934,35.58168316831683,18.26011708880809,12.175305739402443,Overvalued,-0.31157425751501433,0.010355890551835651,,-0.4492594060120115,-0.007484388207099999,-0.4906522213107079,-0.6603819732881889,1,0.25,18.510046363224312,25398124.0,0.027,0.027,0.372,0.04,0.06,0.06232,0.06232,0.02,5,0.3,0.02715990768747692,,,0.96146035,,,0.02289,0.042129997,1.0,0.97608,0.93504995,0.017,73.496,73.496,0.68675005,0.0254,,1.15,0.0324,0.7564,0.0304,2026-02-27,0.47,2026-02-26,0.032078104573146526,-0.009935044038687403,0.11477231683802527,,918178880.0,0.0701492081827193,0.0863635901248816,0.019803998996892336,-0.013753088757018861,34.390499877929685,34.08459991455078,34.46395915985107,0.04243900499765774,0.051794609999710195,0.040217065829299514,0.040217065829299514,,,0.4853219850003896,0.29169264553593904,0.19362933946445055,23.049427443429863,100.0,99.40207989070252,0.9549555431587382,0.09328165275887292,35.6244010925293,35.32662232405353,35.97500038146973,36.478633880615234,0.00629281425924322,0.014599056411267918,0.003486803700671493,0.01753515852861002,0.554092899778488,,,,,,,,,,,,,,,,,,,37.709999084472656,32.70000076293945,-0.04932380417684579,0.09633020298738626,71.36687723766562,0.29270584559175455,0.008164738020924855,0.14018997807246664,0.1280942516385919,0.0,1920.2,66036.63786560058,0.21034832610813467,1.0,0.46875,0.41836734693877553,0.46875,0.3535353535353535,0.35714285714285715,0.9318181818181818,,0.4742268041237113,0.6181506849315068,0.5008532423208191,0.24914089347079038,2.49,44.21,,51.82,
CIP,Centuria Industrial REIT,Real Estate,,Spotlight A-REITS  List,AUD,2026-08-14,3.059999942779541,1891895936.0,624388000.0,20953000.0,1442473984.0,1421520984.0,,1441141000.0,,,2466956988.0,3.951,,,-1.9175466486463955,3.803433310857601,,-1.5340373189171164,2.519264967397748,-0.41207239741497936,1.0392311423050424,Overvalued,-1.6266492433018145,0.2429520856143431,,-1.5013193946414518,-0.17671077957296244,-1.1346641846799104,-0.6603819732881889,1,0.25,-1.4381599864847967,14277125.0,0.062,0.062,0.958,0.04,0.06,0.09748,0.09748,0.02,5,0.3,0.007546464225820928,,,0.76689446,,,0.026180001,0.05649,0.90543,0.65989,0.56736,58.471,0.162,0.075,0.00825,0.51796,,0.17,0.0554,0.7475,0.051399999999999994,2026-06-29,0.042,2026-06-29,0.05555555659441649,0.002807880765640603,0.2,,3313416704.0,0.021739149502721933,0.056843444536581744,-0.018254946038342434,-0.038932550214608064,3.031749987602234,3.0114891004562376,3.0742731046676637,0.007668864269826159,0.014448322690051363,-0.006269136558232025,-0.006269136558232025,,,0.018892919095744976,0.01545913746958757,0.0034337816261574058,13.197378920791767,45.45458486258417,53.862144130757315,0.6514382073054155,0.05064022089458405,3.0401141287264837,3.0048375129699707,3.0935716608642707,3.119999885559082,0.004872647366754228,0.016419820848147346,0.012625726109397844,0.021276535967763622,2.591142998679197,,,,,,,,,,,,,,,,,,,3.4471576849045804,2.792025306160338,-0.11376259921751553,0.09418781413500632,53.619576826592,0.05891059339888022,0.019283336206736054,0.18572468923502417,0.17136040048021303,0.0,1112033.4,3371407.2466632696,0.44348689173693584,1.0,0.13541666666666666,0.24489795918367346,0.13541666666666666,0.6565656565656566,0.47959183673469385,0.6439393939393939,,0.31443298969072164,0.17294520547945202,0.5008532423208191,0.8694158075601375,8.69,22.04,,33.5,
CIVH,CB GLBL Infrastructure Value (Hedged) Active ETF,Unknown,,Spotlight ETP List,AUD,2026-08-14,1.1200000047683716,,,,,,,,,,,,,,,,,,,,0.38037219153665336,,,,,,,,-0.6603819732881889,0,0.25,,,,0.05,,0.04,0.06,,,0.02,5,0.3,,,,,,,,,,,,,,,,,,,,,,,0.134727,2026-07-01,,,,,,-0.017543843138140613,-0.0034951550636315165,0.01662933530702615,0.1437733032506554,1.1354999899864198,1.1351948714256286,1.0976429390907287,-0.01365036138682274,-0.013385249563517276,0.02036824989387087,0.02036824989387087,,,-0.0050517961285410085,-0.0026198916373734067,-0.0024319044911676017,13.355792344141332,10.0,6.666666666666686,0.18595415184153674,0.043466141860709816,1.1126635973347674,1.1035422687257532,1.1222470998764038,1.1299999952316284,0.00655036375211574,0.01469440711834818,0.0020063349093439966,0.008928562875609045,0.3062936632635033,,,,,,,,,,,,,,,,,,,1.1910954517032573,0.9539991617202759,-0.059689126369527945,0.17400522946871222,41.564705297890626,0.007617760322391139,0.006801571687463141,0.12191936841307201,0.12009790618181551,0.0,38689.75,43932.21073757709,0.3389972826698487,0.23076923076923078,,,,,,,,0.5773195876288659,0.714041095890411,0.5008532423208191,0.1958762886597938,1.96,,,58.86,
CLDD,Betashares Cloud Computing ETF,Unknown,,Spotlight ETP List,AUD,2026-08-14,15.300000190734863,,,,,,,,,,,,,,,,,,,,5.196155873467708,,,,,,,,-0.6603819732881889,0,0.25,,,,0.05,,0.04,0.06,,,0.02,5,0.3,,,,,,,,,,,,,,,,,,,,,,,0.422492,2022-07-01,,,,,,0.1943515262687483,0.32700248971216905,0.4893419603001026,0.22578185474164925,14.19749994277954,13.385299987792969,12.409250011444092,0.1318894002177462,0.20057075369843202,0.2950016866453735,0.2950016866453735,,,0.673828964579199,0.5128221651730217,0.16100679940617735,31.371725742660114,99.3006834442174,95.90589755699455,0.9823317275686011,0.273441270145323,14.579999923706055,14.454999923706055,,,0.09271934034933797,0.10049780969431622,,,,,,,,,,,,,,,,,,,,,,16.09000015258789,9.619999885559082,-0.0012430365179614267,0.6704781586273671,76.41970440569277,0.31180687965135345,0.019403042039371,0.33155393531994726,0.3550203112580215,0.0,16051.15,227886.2012065458,0.43892411602536663,0.23076923076923078,,,,,,,,0.0893470790378007,0.16952054794520544,0.5008532423208191,0.41580756013745707,4.16,,,23.28,
CLNE,VanEck Global Clean Energy ETF,Unknown,,Spotlight ETP List,AUD,2026-08-14,8.850000381469727,,,,,,,,,,,,,,,,,,,,3.0056196659535237,,,,,,,,-0.6603819732881889,0,0.25,,,,0.05,,0.04,0.06,,,0.02,5,0.3,,,,,,,,,,,,,,,,,,,,,,,0.07,2026-07-01,,,,,,-0.04357304563258735,-0.12020961312623035,0.05135475380601617,0.3837078919771142,8.656999921798706,9.233030815124511,8.780383241176605,0.014208133566314007,-0.04906634573462221,-4.3677843538203476e-05,-4.3677843538203476e-05,,,-0.14763234682567905,-0.21183216458829007,0.06419981776261102,30.442530667728416,81.02186630728663,76.1231023576394,0.6616382132731464,0.08790083284516505,8.775000095367432,8.69867987040025,8.86748999854033,8.936999300674975,0.0005694348241247458,0.009261943626896042,0.00996472303303042,0.01788150028230742,17.49932145148793,,,,,,,,,,,,,,,,,,,11.022300138301215,6.295619965589094,-0.20343307451212378,0.39462035207991275,48.332362426690466,0.19401847937998656,0.022097777366825708,0.36415875358891364,0.340136707184993,0.0,13939.2,120671.65330993652,0.8112496300391964,0.23076923076923078,,,,,,,,0.06872852233676974,0.113013698630137,0.5008532423208191,0.31958762886597936,3.2,,,20.94,
CLW,Charter Hall Long Wale REIT,Real Estate,,Spotlight A-REITS  List,AUD,2026-08-14,3.6700000762939453,2748277248.0,715697220.0,28172000.0,1903348992.0,1875176992.0,4929568000.0,,,,3350178686.82,4.681,,,0.8383627871417948,4.5756933645989815,,0.6706902297134358,4.212572909915749,0.4117256955484401,1.2463981839431462,Overvalued,-0.7715632780072327,0.24678290721443993,,-0.8172506224057862,0.1478400060878763,-0.8878131643081025,-0.6603819732881888,2,0.25,0.6287720903563461,160469632.0,0.039,0.039,0.862,0.04,0.06,0.09172,0.09172,0.02,5,0.3,0.05838917165900141,,,0.8203375,,,0.035350002,0.06716,0.83766,0.80567,0.62959,57.048,0.297,0.245,0.022739999,0.44856998,,0.26,0.0664,0.814,0.0672,2026-06-29,0.06375,2026-06-29,0.07084468517574373,0.06693802975517664,0.18674049482592636,,4612196352.0,-0.01775957805905526,0.06584582373000303,-0.019660017559426923,-0.14531998148540937,3.7612499833106994,3.6890374851226806,3.6654770386219027,-0.04420071929229619,-0.02549105475118907,-0.01922724089363559,-0.01922724089363559,,,0.016545257412804215,0.04015943960972968,-0.023614182196925466,20.26720902027739,1.6667037539776142,23.333323862809802,-0.06275186398606744,0.07854388784999296,3.577796264666866,3.525328007463008,3.634207010269165,3.6574447575241718,0.0047854697653547,0.01938025607586868,0.010905975339892375,0.01736988273073322,2.2789769603912693,,,,,,,,,,,,,,,,,,,4.365509119668788,3.2424840256833236,-0.17649925127564903,0.10871788423155504,37.08236259247841,0.076293012424421,0.02122197825236588,0.19962034988756294,0.18879969350750536,0.0,1427539.15,5369331.60411287,0.5955800094730392,1.0,0.3229166666666667,0.6020408163265306,0.3229166666666667,0.5656565656565656,0.5102040816326531,0.7196969696969697,,0.27491408934707906,0.13356164383561642,0.5008532423208191,0.9278350515463918,9.28,43.09,,30.74,
CMW,Cromwell Property Group,Real Estate,,Spotlight A-REITS  List,AUD,2026-08-14,0.4300000071525574,1139207040.0,2618866699.0,57400000.0,736600000.0,679200000.0,2270400000.0,,,,1513704952.0219998,0.578,,,0.8497679765185957,0.56036123156195,,0.6798143812148766,0.4147083218136578,0.2220182091029158,0.14603575391521623,Undervalued,0.9762045636829748,0.3031656331185651,,0.5809636509463799,-0.03556205833613933,-0.48367859207000624,-0.6603819732881888,3,0.25,0.6373259823889468,94825000.0,0.707,0.25,1.039,0.04,0.06,0.10233999999999999,0.10233999999999999,0.02,5,0.3,0.08323772296912772,,,0.7525951,10.56,3.9442508710801394,0.03963,0.0687,0.8568,0.73929,0.42238,48.653,1.122,0.479,0.39749,0.19429001,,0.03,0.069,0.7668,0.08470000000000001,2026-06-29,0.0075,2026-06-29,0.06976744069996367,0.011122328984980645,0.12509453257162023,,1818421504.0,-0.023255860695907793,0.02920155431196836,0.0011344834594513298,0.02160609835192351,0.4330000028014183,0.43306000232696534,0.42202891036868095,-0.030023131247881807,-0.03015751944259848,-0.004807546193767553,-0.004807546193767553,,,0.00029931605593275235,0.0014539055327736146,-0.0011545894768408623,8.863039804443783,0.0,35.55559043530453,-0.08371813808518376,0.05143429557691837,0.41791667359119095,0.41447093663663503,0.4265587028615243,0.4310133879359821,0.004960269906741265,0.013164405768972036,0.01561599090314045,0.026222384268711055,3.1482139473736104,,,,,,,,,,,,,,,,,,,0.47000712393736677,0.3664807524194741,-0.10639655125110947,0.1460355942683884,40.26343770249944,0.011129704695761479,0.026499297722017496,0.2029018756624658,0.26850047381908576,0.0,1828379.55,791688.350272056,0.4722884875269482,1.0,0.6458333333333334,0.7142857142857143,0.6458333333333334,0.6767676767676767,0.5408163265306123,0.5227272727272727,0.6470588235294117,0.2594501718213058,0.06506849315068497,0.5008532423208191,0.6632302405498282,6.63,66.95,55.13,28.33,60.38
CNEW,VanEck China New Economy ETF,Unknown,,Spotlight ETP List,AUD,2026-08-14,8.1899995803833,,,,,,,,,,,,,,,,,,,,2.781471496260338,,,,,,,,-0.6603819732881889,0,0.25,,,,0.05,,0.04,0.06,,,0.02,5,0.3,,,,,,,,,,,,,,,,,,,,,,,0.06,2026-07-01,,,,,,0.007434996516193282,-0.006147600946878828,0.023028489290685128,0.03531519347574297,7.810000038146972,7.9278144359588625,7.9405104923248295,0.04097312096426964,0.025503331355106518,0.023863657418404793,0.023863657418404793,,,0.06298580976450019,0.004557430103367292,0.0584283796611329,21.687260166770365,79.72977501011668,84.29845026843746,0.8530024183487334,0.1160703690244749,8.068604877226392,7.94451094792829,8.157125372028803,8.22992718446708,0.007551689587983277,0.022815395313851582,0.003336440000745367,0.012291152351728302,0.4418137109415249,,,,,,,,,,,,,,,,,,,8.507898571314849,7.346376895904541,-0.0444173674270224,0.1066679847277141,57.85767761048937,0.1674605300234169,0.020597850881448946,0.23879707896437982,0.23528209820844448,0.0,34852.4,272197.24532951356,0.34698648319401587,0.23076923076923078,,,,,,,,0.19072164948453607,0.14212328767123283,0.5008532423208191,0.45017182130584193,4.5,,,27.16,
COF,Centuria Office REIT,Real Estate,,Spotlight A-REITS  List,AUD,2026-08-14,0.875,537603328.0,597337000.0,9248000.0,862833024.0,853585024.0,,955054000.0,,,982619365.0,1.645,,,,,,,,,0.29716577337283473,,,,,,,,-0.6603819732881888,0,0.25,,-52577624.0,0.182,0.182,,0.04,0.06,,,0.02,5,0.3,-0.09780003445216767,,,0.54711246,,,0.03428,0.055570003,0.62394,0.62782,0.32013,87.096,2.44,0.258,0.18733999,0.27041999,,0.1,0.1122,1.0978,0.0947,2026-06-29,0.02525,2026-06-29,0.1142857142857143,0.018589253883371674,,,1395715712.0,-0.022598848748059952,-0.038766880356571054,-0.10461984528966528,-0.23080961065820316,0.8927499949932098,0.8916200304031372,0.9622718140482902,-0.03108371393121956,-0.02985579053709464,-0.10108558007360025,-0.10108558007360025,,,-0.0030770834235843703,0.0005224382967307045,-0.0035995217203150746,11.804431459231033,3.8461802979162067,10.805861513638618,0.04617862374674687,0.06849327854021904,0.8512433225959661,,0.8669453392656333,0.8774999976158142,0.01590368414925743,,0.0022489360779683705,0.014450853111279735,0.14140975492608593,,,,,,,,,,,,,,,,,,,1.1835074667430736,0.8512433225959661,-0.26912162885025115,0.016160698798581397,37.491188128276846,0.01892129240614665,0.02187432623992696,0.19342154318607194,0.16787006356121117,0.0,1362451.15,1216328.2573409928,0.35528253546663996,0.8461538461538461,,0.07142857142857142,,0.8686868686868687,0.45918367346938777,0.4696969696969697,,0.2989690721649485,0.125,0.5008532423208191,0.7302405498281787,7.3,,,31.6,
COMP,Betashares Bloomberg Ausbond Composite ETF,Unknown,,Spotlight ETP List,AUD,2026-08-14,50.060001373291016,,,,,,,,,,,,,,,,,,,,17.001278883587645,,,,,,,,-0.6603819732881889,0,0.25,,,,0.05,,0.04,0.06,,,0.02,5,0.3,,,,,,,,,,,,,,,,,,,,,,,0.164545,2026-07-01,,,,,,-0.006743283423997326,,,,50.034499931335446,,,0.0009094105023870203,,,,,,-0.04094730109463285,-0.05845312495380374,0.01750582385917089,33.342965315323326,100.0,91.76898324217206,0.583532889095202,0.010886855611453963,49.943999481201175,,50.36017114954954,,0.0027157017747786406,,0.00559443506891239,,2.0600329244062143,,,,,,,,,,,,,,,,,,,50.439998626708984,49.869998931884766,-0.007137129370651363,0.004211006690751251,53.21836440082033,0.0324076962799402,0.0006471185122809668,0.027431662960783743,,0.0,424.75,21252.15384583473,0.07376812484186708,0.23076923076923078,,,,,,,,0.9347079037800687,0.9777397260273972,0.5008532423208191,0.13402061855670103,1.34,,,81.53,
CORE,Schroder Global Core Fund – Active ETF,Unknown,,Spotlight ETP List,AUD,2026-08-14,12.039999961853027,,,,,,,,,,,,,,,,,,,,4.089001028654805,,,,,,,,-0.6603819732881889,0,0.25,,,,0.05,,0.04,0.06,,,0.02,5,0.3,,,,,,,,,,,,,,,,,,,,,,,0.0801,2026-07-01,,,,,,0.024617993924171522,0.07247801647979135,0.12929139782413324,0.14863002292030347,11.794999885559083,11.759103088378906,11.17161847114563,0.023314948023172466,0.0264388026968283,0.08041638962151754,0.08041638962151754,,,0.09290421811239113,0.062112018943632163,0.03079219916875897,22.706624465806815,100.0,96.44436212231358,0.8809168174314876,0.06120745253618528,11.985000133514404,11.859999656677246,,,0.007042217353680914,0.017398512299633573,,,,,,,,,,,,,,,,,,,,,,12.069999694824219,10.181524518734747,0.0,0.18548059012327078,66.75594046897548,0.06663019787017638,0.005520314793276119,0.09401304025526311,0.09309688961169797,0.0,37312.4,440099.75372993475,0.3544629195408809,0.23076923076923078,,,,,,,,0.7422680412371134,0.773972602739726,0.5008532423208191,0.5395189003436426,5.4,,,67.78,
CPPR,ETFS Global Pure Play Copper Miners ETF,Unknown,,Spotlight ETP List,AUD,2026-08-14,11.029999732971191,,,,,,,,,,,,,,,,,,,,3.7459867439434804,,,,,,,,-0.6603819732881888,0,0.25,,,,0.05,,0.04,0.06,,,0.02,5,0.3,,,,,,,,,,,,,,,,,,,,,,,,,,,,,,0.10461543156550479,0.09340101935678002,,,10.240000009536743,10.133299980163574,,0.05175785622395779,0.06283249078251596,,,,,0.2983334879458983,0.18873788426055862,0.10959560368533969,27.29943657223673,70.90911192671156,82.22221580017147,0.7175614747771487,0.23789991438959512,10.035000324249268,9.75,10.800000190734863,11.149999618530273,0.06824513484440675,0.09470755936954427,0.002785490408179674,0.03528311463465863,0.04081595581180052,,,,,,,,,,,,,,,,,,,11.539999961853027,9.15999984741211,-0.0667243939891412,0.17576426169989734,55.714776148530035,0.2392437016089222,0.022213898926667246,0.34859083529367774,0.4219003636172674,0.0,14337.95,146820.60813673734,2.3184524420759542,0.23076923076923078,,,,,,,,0.07731958762886593,0.1095890410958904,0.5008532423208191,0.34536082474226804,3.45,,,21.24,
CQE,Charter Hall Social Infrastructure REIT,Real Estate,,Spotlight A-REITS  List,AUD,2026-08-14,2.4700000286102295,1016838016.0,371108757.0,38100000.0,801100032.0,763000032.0,2130000000.0,,,,1448066369.8140001,3.902,,,-0.9835694386868588,3.79562533184423,,-0.786855550949487,2.7252324462968907,-0.37836367041576635,0.8388565356947232,Overvalued,-1.398206245868051,0.536690399951079,,-1.318564996694441,0.10333296142926374,-1.1531836704587637,-0.6603819732881889,2,0.25,-0.7376770790151441,29612500.0,0.009,0.009,0.873,0.04,0.06,0.09237999999999999,0.09237999999999999,0.02,5,0.3,0.0291221409251481,,,0.702204,,,0.024719998,0.0626,0.73230004,0.66853994,0.73637,54.892,2.166,1.439,0.11062,0.30271998,,0.17,0.062,0.6967,0.0548,2026-06-29,0.043,2026-06-29,0.06882591013395746,0.11009532474124936,0.2,,1779837952.0,-0.07735854896118777,0.0014899681791156194,-0.13817810214806847,-0.2123114044591229,2.603249967098236,2.615107898712158,2.7190795242786407,-0.06078941164141638,-0.06504816323377405,-0.10079866682404404,-0.10079866682404404,,,-0.020827324016605697,0.0021914043492623596,-0.023018728365868057,17.96935560273482,3.571398160883784,3.60591263838912,0.058248588121421606,0.13760999966679263,2.4413623809814453,2.4255009197159447,2.4651022726353076,2.49058323540084,0.0014877514767569183,0.00797505687494708,0.008221815926942799,0.018643477874285774,5.526336928843224,,,,,,,,,,,,,,,,,,,3.2765799937087063,2.3724529183974785,-0.253795134580144,0.03057890602706781,35.1898140303003,0.07792527542324847,0.03187127916191652,0.37707389314458534,0.28479023717714463,0.0,907832.05,2363313.7542932243,0.6380825723704653,1.0,0.17708333333333334,0.4489795918367347,0.17708333333333334,0.7575757575757576,0.5,0.803030303030303,,0.06013745704467355,0.03767123287671237,0.5008532423208191,0.8316151202749141,8.32,31.67,,18.67,
CQR,Charter Hall Retail REIT,Real Estate,,Spotlight A-REITS  List,AUD,2026-08-14,4.159999847412109,2458601472.0,581229609.0,49100000.0,1293500032.0,1244400032.0,4288300000.0,,,,2854999839.408,4.912,,,5.65121058025645,5.122368796164313,,4.52096846420516,5.160778086542278,2.2359130978028485,1.4128109392995358,Undervalued,0.3584641316205832,0.23133869808934795,,0.0867713052964667,0.2405717009227156,-0.46252087023662136,-0.6603819732881889,4,0.25,4.238407935192337,105487504.0,0.371,0.25,0.673,0.04,0.06,0.08038000000000001,0.08038000000000001,0.02,5,0.3,0.04290549127272303,,,0.86115634,,,0.04183,0.12665,0.80114,0.75738,0.90433,45.308,0.526,0.227,0.02917,0.56692004,,0.26,0.0631,0.42259997,0.0679,2026-06-29,0.064,2026-06-29,0.06250000229248642,-0.00950867999229129,0.1943687293627136,,3604192256.0,0.06958762189763967,0.12148960308108792,0.0692529280371994,0.08917713584032838,4.045000064373016,3.940967149734497,3.8495058631896972,0.025957980055234087,0.053041027161826904,0.07806046876072181,0.07806046876072181,,,0.07877345951760795,0.06986441093007838,0.00890904858752957,33.53784499639214,71.87507450587702,76.6996964527208,0.718788154565631,0.11864435762881949,4.110000133514404,4.0311857755828635,4.239999771118164,,0.009638544803331104,0.028629955916675366,0.021686668357236278,,2.249994039529838,,,,,,,,,,,,,,,,,,,4.239999771118164,3.5036038329741137,-0.02122633976628685,0.18449467839650402,62.46237952013881,0.0833656770866108,0.02008811449900215,0.19855808994708865,0.1863872476162828,0.0,1290786.85,5221232.891341843,0.5715568377827884,1.0,0.5520833333333334,0.5102040816326531,0.5520833333333334,0.48484848484848486,0.8469387755102041,0.9166666666666666,,0.2800687285223368,0.15068493150684936,0.5008532423208191,0.9261168384879725,9.26,53.28,,31.4,
CRED,Betashares Australian Investment Grade Bond ETF,Unknown,,Spotlight ETP List,AUD,2026-08-14,22.790000915527344,,,,,,,,,,,,,,,,,,,,7.739895139691763,,,,,,,,-0.660381973288189,0,0.25,,,,0.05,,0.04,0.06,,,0.02,5,0.3,,,,,,,,,,,,,,,,,,,,,,,0.114178,2026-08-03,,,,,,0.004583751174561668,0.030768045301010405,0.006609918117786551,0.009100631195809061,22.688148403167723,22.700914573669433,22.47225597381592,0.00537069224907083,0.004805308258349905,0.015029354085321689,0.015029354085321689,,,0.028217262566997192,0.018406862598349633,0.009810399968647559,13.273578502325542,92.68263259376947,84.04322840247686,0.8757498076159023,0.014293266796721167,22.72562683127733,22.45403218108591,22.958696367082194,,0.0036989319000655,0.01560575594874376,0.006518934880372545,,1.7623830490788732,,,,,,,,,,,,,,,,,,,22.99960572347843,21.889306610031586,-0.00824389164821615,0.04206130748284442,58.00991184541677,0.07714562482127912,0.0033820967394788976,0.047086956779590856,0.03724546220175732,0.0,101556.7,2304133.4809359834,0.1466875582233408,0.23076923076923078,,,,,,,,0.8762886597938144,0.8664383561643836,0.5008532423208191,0.8247422680412371,8.25,,,76.12,
CRYP,Betashares Crypto Innovators ETF,Unknown,,Spotlight ETP List,AUD,2026-08-14,7.190000057220459,,,,,,,,,,,,,,,,,,,,2.4418536314910213,,,,,,,,-0.6603819732881889,0,0.25,,,,0.05,,0.04,0.06,,,0.02,5,0.3,,,,,,,,,,,,,,,,,,,,,,,,,,,,,,-0.03234504656166992,-0.0888325223269314,0.17704917058865233,0.008426958391001493,7.273499941825866,7.690199966430664,7.418074984550476,-0.012854899874209957,-0.06634419655134738,-0.03209392688907686,-0.03209392688907686,,,-0.1391026525901342,-0.15617058785534715,0.01706793526521294,14.839568591503978,55.88231375472191,48.287496106992705,0.3991975386309153,0.12752565462803697,7.070000171661377,6.986666679382324,7.355000019073486,7.420000076293945,0.01532028681158045,0.026926623061080783,0.024373286200392082,0.033426219177341655,1.590915790295033,,,,,,,,,,,,,,,,,,,10.8100004196167,5.239999771118164,-0.33580022667628984,0.37022903472503055,45.630981541311016,0.19538016736897376,0.02721172312537265,0.5057918330277746,0.4967920385786402,0.0,61922.9,450396.20954768895,2.254239598966073,0.23076923076923078,,,,,,,,0.030927835051546393,0.06335616438356162,0.5008532423208191,0.5412371134020618,5.41,,,18.0,
CUIV,CB GLBL Infrastructure Value Active ETF,Unknown,,Spotlight ETP List,AUD,2026-08-14,1.3250000476837158,,,,,,,,,,,,,,,,,,,,0.44999390158739916,,,,,,,,-0.6603819732881889,0,0.25,,,,0.05,,0.04,0.06,,,0.02,5,0.3,,,,,,,,,,,,,,,,,,,,,,,0.118802,2026-07-01,,,,,,-0.022140199975999808,0.013357930073791158,-0.010649559675248166,0.041403811092342035,1.3450000286102295,1.3428915572166442,1.3229248785972596,-0.01486987397850048,-0.013323123104602264,0.0015686220132593576,0.0015686220132593576,,,-0.0069823501263297505,-0.0033936038494443367,-0.0035887462768854138,19.92987302673992,15.384615384615385,12.820512820512809,0.1971087335924255,0.049093109071330555,1.3205209106870566,1.301662849055396,1.3301969567934673,1.3434971080069713,0.0033804806305399037,0.017612979462994283,0.003922195413378571,0.01396004502459522,1.1602478588235983,,,,,,,,,,,,,,,,,,,1.3949999809265137,1.2164420922109511,-0.050179164300996004,0.0892421893059081,42.08417142240396,0.0089266177224013,0.00673706973671908,0.133148519736522,0.14261844455722494,0.0,24546.75,33015.37945228815,0.16175190034413256,0.23076923076923078,,,,,,,,0.5085910652920962,0.7157534246575342,0.5008532423208191,0.17353951890034364,1.74,,,55.81,
CURE,Global X S&P Biotech ETF,Unknown,,Spotlight ETP List,AUD,2026-08-14,76.9800033569336,,,,,,,,,,,,,,,,,,,,26.14379683635038,,,,,,,,-0.6603819732881889,0,0.25,,,,0.05,,0.04,0.06,,,0.02,5,0.3,,,,,,,,,,,,,,,,,,,,,,,0.024049,2022-06-30,,,,,,-0.004865256170078158,0.2202515276779904,0.2872937425858677,0.5983105120169816,74.20499954223632,73.21320022583008,64.5791501235962,0.01987737715839355,0.03369337867675126,0.17189526589207182,0.17189526589207182,,,0.7046165580175199,0.46849679122242727,0.2361197667950926,20.232332245453797,75.0,84.68991560357931,0.7242545429418609,0.088637567371587,75.19000244140625,72.31999969482422,77.4000015258789,79.98999786376953,0.006474601767886359,0.04439747088798269,0.022727288765424247,0.056950284635490254,3.5102218762164266,,,,,,,,,,,,,,,,,,,81.48999786376953,46.0,-0.07129706357713472,0.645217397938604,54.36661736312157,1.5171769525116683,0.020047264090826227,0.25910569387448734,0.2978638446902553,0.0,1931.15,143300.98486598968,0.7233898979011187,0.23076923076923078,,,,,,,,0.16151202749140892,0.15410958904109584,0.5008532423208191,0.34192439862542956,3.42,,,26.15,
DACE,Dimensional Australian Core Equity Trust – Active ETF,Unknown,,Spotlight ETP List,AUD,2026-08-14,19.40999984741211,,,,,,,,,,,,,,,,,,,,6.591985846654654,,,,,,,,-0.6603819732881889,0,0.25,,,,0.05,,0.04,0.06,,,0.02,5,0.3,,,,,,,,,,,,,,,,,,,,,,,0.051315,2026-07-01,,,,,,0.039935226319310235,0.07292114578675002,0.04533153714392424,0.08517637151740032,18.976999950408935,18.719299507141113,18.37916296005249,0.015439769622195954,0.029418886663599597,0.048469971110623344,0.048469971110623344,,,0.24376796694716774,0.20668921281613992,0.03707875413102782,8.166213116534852,74.79678200702773,84.01083002260908,0.6793962651331159,0.08606516758160632,19.05140675162302,18.85527046816072,19.311700467254177,19.579999923706055,0.011343731237566369,0.021522053956976425,0.0021639859107374553,0.01608715405180426,0.19076491371473173,,,,,,,,,,,,,,,,,,,19.579999923706055,17.01479894342356,-0.01583245491063856,0.132543530008139,59.92621339819863,0.20549586832351088,0.010664030277213556,0.12138949078205831,0.12390526843287757,0.0,36031.75,683774.5179631471,0.9941584332260369,0.23076923076923078,,,,,,,,0.5807560137457044,0.46746575342465757,0.5008532423208191,0.6323024054982818,6.32,,,52.85,
DAOR,Aoris Int Fund (Class D) (Hedged) Active ETF,Unknown,,Spotlight ETP List,AUD,2026-08-14,1.9149999618530273,,,,,,,,,,,,,,,,,,,,0.6503685081977186,,,,,,,,-0.6603819732881889,0,0.25,,,,0.05,,0.04,0.06,,,0.02,5,0.3,,,,,,,,,,,,,,,,,,,,,,,0.088272,2026-06-30,,,,,,0.06983240372284616,0.09559129129477295,0.10462092627564923,0.020512744605952538,1.8714999735355378,1.814719054698944,1.7961685788631438,0.02324338174331464,0.05525974221432284,0.06615825729737224,0.06615825729737224,,,0.033174461375441,0.03174436156976921,0.0014300998056717903,24.018860917436847,87.50001241763384,89.6111208310835,0.7172719403608041,0.10697829505603138,1.8914774735641182,1.8725387460585878,1.915838327038088,1.9299999475479126,0.012283283946464347,0.022172959081081346,0.00043778861710760443,0.007832890858321843,0.035641007650370135,,,,,,,,,,,,,,,,,,,1.9299999475479126,1.619321346282959,-0.0077720135246339694,0.18259415665011658,65.51091992758245,0.015142389696815582,0.007907253262899925,0.13219742618779978,0.20842285736345711,0.0,53132.95,99438.31451886505,0.445221098503021,0.23076923076923078,,,,,,,,0.5137457044673539,0.6386986301369864,0.5008532423208191,0.3024054982817869,3.02,,,54.11,
DAVA,Dimensional Australian Value Trust - Active ETF,Unknown,,Spotlight ETP List,AUD,2026-08-14,31.93000030517578,,,,,,,,,,,,,,,,,,,,10.844003696551326,,,,,,,,-0.6603819732881889,0,0.25,,,,0.05,,0.04,0.06,,,0.02,5,0.3,,,,,,,,,,,,,,,,,,,,,,,0.97237,2026-07-01,,,,,,0.041680357282025016,0.05148935339370353,0.03607570962362594,0.17582126562533462,31.344999980926513,30.72371192932129,30.202714214324953,0.01260168417393559,0.03307828963293247,0.05089892073554392,0.05089892073554392,,,0.36443281607486355,0.3457898283661469,0.01864298770871664,27.708150645730832,74.39991088880785,80.11187971585488,0.6900883579402882,0.06629382414831554,31.73572650842246,31.489999771118164,32.03669604650131,32.53993069061185,0.00013463335622305753,0.007876496591140108,0.009347708806637331,0.025202612642158256,69.43085331060348,,,,,,,,,,,,,,,,,,,32.53993069061185,26.72293472290039,-0.02458305541887562,0.18774379012789977,60.98240095221448,0.23440889309323287,0.007385283389527098,0.09609924116162978,0.10798081928927117,0.0,7974.2,249951.2988479042,0.8383880311155022,0.23076923076923078,,,,,,,,0.7302405498281788,0.672945205479452,0.5008532423208191,0.43127147766323026,4.31,,,64.71,
DBBF,Betashares Ethical Diversified Balanced ETF,Unknown,,Spotlight ETP List,AUD,2026-08-14,26.40999984741211,,,,,,,,,,,,,,,,,,,,8.969312033637333,,,,,,,,-0.6603819732881889,0,0.25,,,,0.05,,0.04,0.06,,,0.02,5,0.3,,,,,,,,,,,,,,,,,,,,,,,0.328689,2026-07-01,,,,,,0.020368899691496356,0.07233528474321949,0.06035966091272993,0.02222932764325214,26.108999919891357,25.937567558288574,25.418016424179076,0.0168907012341446,0.023611762259343694,0.0445346636807058,0.0445346636807058,,,0.16534994356558386,0.13092650711155487,0.03442343645402898,26.73693607096032,98.46150234604019,92.25823886548785,0.9058107235962782,0.04162211654847335,26.52418727757318,26.21612360975329,,,0.0009722018918681017,0.012575353555611714,,,,,,,,,,,,,,,,,,,,,,26.559999465942383,23.977795916213182,-0.00037651464920618327,0.10727438542873347,67.84765873467406,0.11884577523928327,0.004476300514291131,0.0765782365338649,0.0793321632599822,0.0,1566.5,40899.74837450981,0.37385723982737123,0.23076923076923078,,,,,,,,0.8144329896907216,0.8116438356164384,0.5008532423208191,0.1872852233676976,1.87,,,71.97,
DCOR,Daintree Core Income Active ETF,Unknown,,Spotlight ETP List,AUD,2026-08-14,51.900001525878906,,,,,,,,,,,,,,,,,,,,17.626176104558976,,,,,,,,-0.6603819732881889,0,0.25,,,,0.05,,0.04,0.06,,,0.02,5,0.3,,,,,,,,,,,,,,,,,,,,,,,0.28703,2026-06-29,,,,,,,,,,,,,,,,,,,0.03752145458194889,0.018123613235902697,0.01939784134604619,58.37052806431205,100.0,,,,51.619998931884766,,,,0.005395040188091765,,,,,,,,,,,,,,,,,,,,,,,51.900001525878906,51.619998931884766,0.0,0.00542430452901832,,,,,,0.0,,,,0.07692307692307693,,,,,,,,,,0.5008532423208191,,,,,,
DFGH,Dimensional Global Core Equity Trust (AUD Hedged Class) – Active ETF,Unknown,,Spotlight ETP List,AUD,2026-08-14,44.689998626708984,,,,,,,,,,,,,,,,,,,,15.177529147356452,,,,,,,,-0.6603819732881889,0,0.25,,,,0.05,,0.04,0.06,,,0.02,5,0.3,,,,,,,,,,,,,,,,,,,,,,,2.609891,2026-07-01,,,,,,0.030804601208916926,0.07979082006614213,0.1199715417884939,0.24161855975446778,43.81150016784668,43.31490219116211,40.51795316696167,0.023475571044152987,0.035209544158614214,0.10666992401655717,0.10666992401655717,,,0.43945654976739235,0.344698953685489,0.09475759608190337,20.553639947519923,94.90737879063492,95.99754038876733,0.8810816600715342,0.0616024687195558,43.57333246866862,43.20968663773431,,,0.0282486101607689,0.03635846363304464,,,,,,,,,,,,,,,,,,,,,,44.95000076293945,35.736982479241725,-0.002447177051935756,0.25472261623190406,66.31164267417907,0.30593386782397664,0.006822789178922873,0.11779025392210897,0.10814966753136834,0.0,7846.2,343753.7926169586,0.8010021327580059,0.23076923076923078,,,,,,,,0.6082474226804124,0.7123287671232876,0.5008532423208191,0.4879725085910653,4.88,,,60.2,
DFND,VanEck Global Defence ETF,Unknown,,Spotlight ETP List,AUD,2026-08-14,37.29999923706055,,,,,,,,,,,,,,,,,,,,12.667752137242564,,,,,,,,-0.6603819732881888,0,0.25,,,,0.05,,0.04,0.06,,,0.02,5,0.3,,,,,,,,,,,,,,,,,,,,,,,1.2,2026-07-01,,,,,,0.16124999523162842,0.13527680415825372,0.01062260235394552,0.05832488811901748,34.24700012207031,33.483023986816406,36.238089370727536,0.08505853695093513,0.10981612240410166,0.025440372069650996,0.025440372069650996,,,1.1356308030959994,0.7299843014035758,0.40564650169242356,29.311973002796673,96.28098554749968,97.8922339696091,0.863900771748388,0.23374101830635083,36.67787743991636,36.311723531146725,37.212651891981686,37.57880401611328,0.012974230610211565,0.02282767275965044,0.001416901097572082,0.011270295221229345,0.10920887258292515,,,,,,,,,,,,,,,,,,,43.81303138285012,30.939882778490944,-0.15185051856608645,0.20103880526804452,71.33338607893414,0.7332150970088107,0.019731299785241338,0.27214677195914794,0.3063422835665882,0.0,22520.9,771273.2650491333,0.7064729831819678,0.23076923076923078,,,,,,,,0.1426116838487973,0.16095890410958902,0.5008532423208191,0.654639175257732,6.55,,,25.47,
DGCE,Dimensional Global Core Equity Trust (Unhedged Class) – Active ETF,Unknown,,Spotlight ETP List,AUD,2026-08-14,32.709999084472656,,,,,,,,,,,,,,,,,,,,11.10890534281375,,,,,,,,-0.6603819732881889,0,0.25,,,,0.05,,0.04,0.06,,,0.02,5,0.3,,,,,,,,,,,,,,,,,,,,,,,0.254353,2026-07-01,,,,,,0.027128124108625196,0.08959596980533813,0.11484175776831873,0.14549574628882245,32.20500001907349,31.971892051696777,30.314199562072755,0.02282249983543516,0.030279927551576602,0.08661944245829489,0.08661944245829489,,,0.2600835768390297,0.1978708772569831,0.062212699582046616,25.592345362974765,100.0,94.73215818406834,0.9448286353478328,0.05130627397129974,32.709999084472656,32.344706186649944,,,0.006982378622500484,0.018072023827479917,,,,,,,,,,,,,,,,,,,,,,32.939998626708984,27.72120181369391,0.0,0.18826012119132063,68.13737390497509,0.20875049165207543,0.006337295092745168,0.0932724863942619,0.0822340984141024,0.0,16551.75,533049.1090656996,0.5003943353369117,0.23076923076923078,,,,,,,,0.7491408934707904,0.7397260273972603,0.5008532423208191,0.5773195876288659,5.77,,,67.23,
DGGF,Betashares Ethical Diversified Growth ETF,Unknown,,Spotlight ETP List,AUD,2026-08-14,28.940000534057617,,,,,,,,,,,,,,,,,,,,9.828545874415408,,,,,,,,-0.6603819732881889,0,0.25,,,,0.05,,0.04,0.06,,,0.02,5,0.3,,,,,,,,,,,,,,,,,,,,,,,0.399295,2026-07-01,,,,,,0.02972399666612202,0.09699898128697226,0.08511022060194229,0.028157858629870525,28.473499965667724,28.192985649108888,27.447099418640136,0.02200292962078465,0.03217164523295213,0.06022133477998981,0.06022133477998981,,,0.25795230678985703,0.2066330019902329,0.05131930479962413,23.717071519950068,99.0908885987408,91.28122116345237,0.8985320888584439,0.05520993223860577,28.964156079668427,28.786296858444288,,,0.004668189004141799,0.010780189653371903,,,,,,,,,,,,,,,,,,,,,,29.110000610351562,25.32386869855504,-0.00034353241745654906,0.1491135390040208,68.99914029968691,0.19299889551237953,0.006632264363655376,0.09987240910838412,0.08407640638615262,0.0,2408.3,68572.72996731759,0.48549594468934365,0.23076923076923078,,,,,,,,0.7079037800687284,0.726027397260274,0.5008532423208191,0.2542955326460481,2.54,,,65.03,
DGSM,Dimensional Global Small Company - Active ETF,Unknown,,Spotlight ETP List,AUD,2026-08-14,39.81999969482422,,,,,,,,,,,,,,,,,,,,13.523589720021121,,,,,,,,-0.6603819732881889,0,0.25,,,,0.05,,0.04,0.06,,,0.02,5,0.3,,,,,,,,,,,,,,,,,,,,,,,1.354151,2026-07-01,,,,,,0.03388518826853293,0.10888870215554958,0.10062210240866154,0.15679381883090904,39.00150012969971,38.82870445251465,36.62221181869507,0.024832406132652807,0.02939311996835281,0.09141417832931276,0.09141417832931276,,,0.3106511506791847,0.21200826982020415,0.09864288085898054,27.170247104596015,100.0,95.76720698027863,0.958563320981541,0.05415262188763786,39.68000030517578,38.839459078290524,41.0,,0.007255464264963119,0.028284766271836338,0.0257692956677562,,3.5517087158980294,,,,,,,,,,,,,,,,,,,41.0,33.58923786106515,-0.02512192144626524,0.1899645173859159,67.96099192599732,0.2544539435002002,0.006366122985465448,0.11142866809659456,0.09838528536168555,0.0,984.75,38406.72725272179,0.6001959837178592,0.23076923076923078,,,,,,,,0.6426116838487972,0.7363013698630136,0.5008532423208191,0.18213058419243985,1.82,,,62.35,
DGT,DigiCo Infrastructure REIT,Real Estate,,Spotlight A-REITS  List,AUD,2026-08-14,2.75,1540951680.0,558315857.0,347100000.0,1874300032.0,1527200032.0,,,,,2515212935.785,4.505,,,,,,,,,0.9339495734574808,,,,,,,,-0.6603819732881888,0,0.25,,,5.454,0.25,,0.04,0.06,,,0.02,5,0.3,,,,0.6126526,32.327,16.1608468994709,,,0.59386003,0.65749,-0.59561,75.173,3.833,2.735,0.064330004,0.49365002,,0.12,0.0435,,,2026-06-29,0.06,2026-06-29,0.04363636363636363,0.0031347962382445027,,,3054871552.0,0.06603771547865533,0.09565525754892756,0.2855688069940514,0.07546570591355484,2.66175000667572,2.5530182933807373,2.3679442191123963,0.06133184581518236,0.10653341380598458,0.19301798787415825,0.19301798787415825,,,0.06365911142826963,0.052194127549659804,0.011464983878609829,22.959188831403637,94.31821198996691,86.99496634476564,0.9460133137214525,0.13751124445914129,2.799999952316284,2.753941112435746,2.870342141232966,2.9419814152990416,0.008849591131132832,0.025153604972939,0.016050298330588488,0.04140933297018579,1.813676823341995,,,,,,,,,,,,,,,,,,,3.218986084985196,1.5577626734149879,-0.12239445182419673,0.8134983562615741,65.76937540952602,0.09482292246281912,0.03356563570346368,0.33851774478695285,0.3907574880853465,0.0,853112.55,2270772.335657641,1.3354627818945337,0.6923076923076923,,,,0.8282828282828283,,0.030303030303030304,0.11764705882352944,0.08247422680412375,0.03082191780821919,0.5008532423208191,0.8213058419243986,8.21,,,19.51,
DGVA,Dimensional Global Value Trust - Active ETF,Unknown,,Spotlight ETP List,AUD,2026-08-14,30.889999389648438,,,,,,,,,,,,,,,,,,,,10.490800637841453,,,,,,,,-0.6603819732881888,0,0.25,,,,0.05,,0.04,0.06,,,0.02,5,0.3,,,,,,,,,,,,,,,,,,,,,,,0.913357,2026-07-01,,,,,,0.02859044589537363,0.10681207666741943,0.14211903715845153,0.2500088425097007,30.34350004196167,30.136069412231446,27.762293825149538,0.019658262602239462,0.026676707928601884,0.11446124477039543,0.11446124477039543,,,0.23681055898592263,0.18618690392760753,0.05062365505831509,26.441306205324203,67.41574719282323,63.295875735212974,0.9082744776841328,0.04814962403172411,30.706578794992303,30.315000534057617,31.110000610351562,,0.007544335327608402,0.020200387498766296,0.005494507865532047,,0.7282958175818304,,,,,,,,,,,,,,,,,,,31.520000457763672,24.559129597840442,-0.018401012540696038,0.25981665640048845,66.22386850198127,0.2651602122236688,0.008570142457877147,0.11471439194101721,0.10063317049311578,0.0,10867.95,329771.64128103736,0.3454621631292998,0.23076923076923078,,,,,,,,0.6219931271477663,0.595890410958904,0.5008532423208191,0.48281786941580757,4.83,,,57.91,
DHHF,Betashares Diversified All Growth ETF,Unknown,,Spotlight ETP List,AUD,2026-08-14,42.58000183105469,,,,,,,,,,,,,,,,,,,,14.460936199248096,,,,,,,,-0.6603819732881889,0,0.25,,,,0.05,,0.04,0.06,,,0.02,5,0.3,,,,,,,,,,,,,,,,,,,,,,,0.213373,2026-07-01,,,,,,0.02428464337166769,0.07583033082214219,0.08948218217720161,0.10698473889690452,41.82049999237061,41.489049453735355,39.8089581489563,0.018639147831630343,0.026776921501288298,0.07011086084497209,0.07011086084497209,,,0.3906358141417101,0.30976346678991695,0.08087234735179316,23.865754591763665,89.24727433817075,90.0552024844298,0.7832717554311809,0.06579952810070575,41.69382454951914,41.12994099793198,42.78102318370799,,0.021271689132863217,0.034508392695885924,0.004249406480539268,,0.1997681732746951,,,,,,,,,,,,,,,,,,,42.79999923706055,36.80165790918262,-0.00467291510524781,0.15755650409140087,66.4969787542689,0.31418033310792653,0.007375125454494716,0.08848007359416257,0.08621352210057065,0.0,63960.3,2674851.725662022,0.622800032715017,0.23076923076923078,,,,,,,,0.7731958762886598,0.6763698630136986,0.5008532423208191,0.8436426116838488,8.44,,,66.73,
DIFF,Perpetual Diversified Income Active ETF,Unknown,,Spotlight ETP List,AUD,2026-08-14,10.109999656677246,,,,,,,,,,,,,,,,,,,,3.433538133457814,,,,,,,,-0.6603819732881889,0,0.25,,,,0.05,,0.04,0.06,,,0.02,5,0.3,,,,,,,,,,,,,,,,,,,,,,,0.209913,2026-07-01,,,,,,0.005964161375717758,0.017931717081914433,0.0317579261368055,0.059602873180734095,10.089499855041504,10.04619773864746,9.870502691268921,0.0030229477135417238,0.007346276554731412,0.02527705042934203,0.02527705042934203,,,0.02009497379086511,0.020390643146400014,-0.000295669355534902,63.383849306795895,100.0,80.00025431218091,0.8992483057970538,0.007571598099851173,10.05895365609063,9.931043046819816,10.229999542236328,,0.006032236181698325,0.0186716245924964,0.010869531415134906,,1.8019074664405268,,,,,,,,,,,,,,,,,,,10.229999542236328,9.550747871398926,-0.01075265509280754,0.059602873180734095,76.76694737908039,0.011308166774454854,0.0011174077966731252,0.012298504841680338,0.013724856590479766,0.0,37973.2,383130.59589546203,0.014192720955160887,0.23076923076923078,,,,,,,,0.9639175257731959,0.952054794520548,0.5008532423208191,0.5120274914089347,5.12,,,82.2,
DIVI,Ausbil Active Dividend Income Fund - Active ETF,Unknown,,Spotlight ETP List,AUD,2026-08-14,11.6899995803833,,,,,,,,,,,,,,,,,,,,3.9701345897516767,,,,,,,,-0.6603819732881889,0,0.25,,,,0.05,,0.04,0.06,,,0.02,5,0.3,,,,,,,,,,,,,,,,,,,,,,,0.049,2026-08-03,,,,,,0.03465389313238365,0.07531860294716841,0.03795954151433856,,11.49416275024414,11.30213752746582,10.964093952178954,0.00833791937927053,0.025469750692957094,0.05708690596221544,0.05708690596221544,,,0.13087264083804762,0.12459130922965057,0.006281331608397042,18.25953757348534,57.57574457378453,75.80735115761566,0.6179131753350252,0.07071236403888,11.533554286906934,11.408754852010894,11.8100004196167,,0.0048702213061104,0.015638075771424998,0.018981903721518544,,3.8975443883223515,,,,,,,,,,,,,,,,,,,11.8100004196167,10.16817285394569,-0.01862830306622032,0.13983114951576292,56.74572066385876,0.10153655598111326,0.008760703593126487,0.11427590546293624,0.12194816648707554,0.0,12319.6,141603.48741790772,0.8538347886647821,0.23076923076923078,,,,,,,,0.627147766323024,0.5839041095890412,0.5008532423208191,0.3384879725085911,3.38,,,57.84,
DJRE,SPDR Dow Jones Global Real Estate ESG Tilted ETF,Unknown,,Spotlight ETP List,AUD,2026-08-14,22.360000610351562,,,,,,,,,,,,,,,,,,,,7.593859284562489,,,,,,,,-0.6603819732881889,0,0.25,,,,0.05,,0.04,0.06,,,0.02,5,0.3,,,,,,,,,,,,,,,,,,,,,,,0.383842,2026-06-29,,,,,,-0.004424795565566408,0.07936535240951925,0.05062195785356938,0.08256915253132924,22.844500064849854,22.53457431793213,21.46402232170105,-0.015080219040552567,-0.001534278724076743,0.04826577529466736,0.04826577529466736,,,-0.0699525954382203,0.03349109207333306,-0.10344368751155336,21.23619906214138,31.84713994839224,20.806828876373007,0.27554751647795905,0.06718668826434138,22.469999313354492,22.31344346250874,22.829999923706055,23.109999656677246,0.0013333638509114584,0.008291401666278217,0.014666663275824653,0.027111095852322048,10.99974569266959,,,,,,,,,,,,,,,,,,,23.56999969482422,20.009791927576305,-0.04539667834867145,0.12444947360956005,46.67824517196674,0.2637014948219458,0.011720066436530925,0.12910053678165537,0.15858321724943228,0.0,27109.8,619309.8278580665,0.22517266468091415,0.23076923076923078,,,,,,,,0.5395189003436427,0.4263698630136986,0.5008532423208191,0.6151202749140894,6.15,,,49.96,
DJW,Djerriwarrh Investments Limited,Unknown,,Spotlight LIC List,AUD,2026-08-14,2.9700000286102295,761106752.0,261548708.0,7867000.0,53000000.0,45133000.0,,50317000.0,,,836432768.184,3.198,,,1.7066485308739525,3.1552981656559567,,1.365318824699162,7.50938673341677,1.9992700815733597,1.0086655490506289,Overvalued,-0.4253708705610501,0.06238994453223452,,-0.54029669644884,1.5284130171980785,-0.32684509686389107,-0.6603819732881888,2,0.25,1.2799863981554644,13349625.0,0.115,0.115,0.366,0.04,0.06,0.06196,0.06196,0.02,5,0.3,0.017539753740090324,,,0.90994376,,,0.03428,0.04778,1.0,0.9204,0.75004995,6.33,0.756,0.756,0.041729998,0.0403,,0.24,0.0825,0.8557,0.048600000000000004,2026-08-05,0.0425,2026-08-05,0.08080808002965059,-0.020508120852720146,0.2,,806991360.0,0.03172990012901766,0.0796316286233858,0.036516072641389785,-0.002756356866473797,2.9188341021537783,2.8410038900375367,2.8507064783573153,0.020955598975143763,0.04892500482782269,0.04535491173776496,0.04535491173776496,,,0.028815344132018694,0.027435520809823245,0.0013798233221954496,34.83301699524228,84.61541283057623,79.77212290763453,1.1363973088295307,0.0329284845872234,2.975764857153441,2.937579610643083,3.016696034539529,,0.0014211952660866483,0.014235036294930002,0.012314099070862393,,8.664607436225177,,,,,,,,,,,,,,,,,,,3.016696034539529,2.6714799404144287,-0.012164306594331431,0.11548657880290758,68.58061804864934,0.03681086087711507,0.01235263779916349,0.09943793184475445,0.13516996449829102,0.0,176647.6,515605.03894361976,0.3336565931978565,1.0,0.4479166666666667,0.32653061224489793,0.4479166666666667,0.43434343434343436,0.3979591836734694,0.8106060606060606,,0.7147766323024055,0.40410958904109584,0.5008532423208191,0.570446735395189,5.7,41.01,,57.29,
DN1,Dominion Income Trust 1,Unknown,,Spotlight LIC List,AUD,2026-08-14,99.9800033569336,,,,,,,,,,,,,,,,,,,,33.95501145072204,,,,,,,,-0.6603819732881888,0,0.25,,,,0.05,,0.04,0.06,,,0.02,5,0.3,,,,,,,,,0.0,0.0,0.0,,,,0.07816,0.08648,,7.34,0.0738,,,2026-08-12,0.598356,2026-07-10,0.07341468047161225,-0.005221131820972346,,,,0.010521478191977796,0.023077379023746403,0.030887404711552602,0.04697220977283578,99.13622856140137,98.50185363769532,96.6658275604248,0.008208587301026915,0.01470168587764209,0.033974460993100086,0.033974460993100086,,,0.29770323119059583,0.2111306427331875,0.08657258845740834,13.444757211080754,96.96391135109951,98.38081448619819,0.9422938139569524,0.018559127534679545,99.05611873380822,97.94509938098099,,,0.00894325404428828,0.020059005787658065,,,,,,,,,,,,,,,,,,,,,,100.0,91.95205891071535,-0.0005000305175780762,0.08697943398192698,61.75020026637609,0.5658747310860799,0.005661578272774844,0.04759160804086757,0.11736894926473639,0.0,2473.3,245193.63410091403,0.0831718080098886,0.23076923076923078,,,,,,0.23106060606060605,,0.872852233676976,0.7705479452054794,0.5008532423208191,0.42439862542955326,4.24,,,73.57,
DRGN,Global X China Tech ETF,Unknown,,Spotlight ETP List,AUD,2026-08-14,12.100000381469727,,,,,,,,,,,,,,,,,,,,4.10937825276691,,,,,,,,-0.6603819732881889,0,0.25,,,,0.05,,0.04,0.06,,,0.02,5,0.3,,,,,,,,,,,,,,,,,,,,,,,0.711779,2026-07-02,,,,,,-0.09041724579290689,-0.05466969078652728,0.06757128126044232,0.06298952853156048,12.042000150680542,12.75435583114624,12.104911661148071,-0.022587584247912296,-0.07717797640385449,-0.02766738103998978,-0.02766738103998978,,,-0.21977503835131174,-0.2523017963690643,0.032526758017752566,19.11525537227741,34.00001525878906,52.66666412353515,0.24862384370860355,0.08985571496179891,11.582612261453546,11.435642533784753,11.804379920673943,11.880207370309268,0.015920831692620853,0.02840763899532148,0.0029209398108046942,0.009363373683889882,0.18346653411068473,,,,,,,,,,,,,,,,,,,14.430000305175781,10.236166343168756,-0.1843381698653198,0.14984458665216405,42.27070060642526,0.4225019603205423,0.03589651180020589,0.4070996931840667,0.40034571129391244,0.0,60100.85,723734.4447560286,0.4487003257815935,0.23076923076923078,,,,,,,,0.04982817869415812,0.013698630136986356,0.5008532423208191,0.6443298969072165,6.44,,,17.61,
DRIV,Betashares Electric Vehicles and Future Mobility ETF,Unknown,,Spotlight ETP List,AUD,2026-08-14,10.850000381469727,,,,,,,,,,,,,,,,,,,,3.684855719377146,,,,,,,,-0.6603819732881889,0,0.25,,,,0.05,,0.04,0.06,,,0.02,5,0.3,,,,,,,,,,,,,,,,,,,,,,,0.08838,2026-07-01,,,,,,-0.03812051078729961,-0.061593028121319504,0.0038972430933947866,0.13230875616076454,10.843000078201294,11.306447467803956,10.855506405830383,0.0006456057565198403,-0.04037051316375018,-0.0005072102723553407,-0.0005072102723553407,,,-0.12003189222068222,-0.15440670410794,0.03437481188725777,25.767725585516388,63.157929960230156,63.157929960230156,0.5130006616427051,0.04965945382342449,10.81780378711284,10.736110324737735,10.91705001108503,11.112732922878031,0.0029674279469956073,0.010496779053252324,0.006179689148197105,0.024214979923596575,2.082506891011043,,,,,,,,,,,,,,,,,,,12.554606981803078,9.398587226867676,-0.13577538530708644,0.15442886463328298,44.996851638133016,0.16709485957590103,0.015400447345723189,0.204272664463826,0.24788595227790158,0.0,2836.1,30751.83252178669,0.8406724129667797,0.23076923076923078,,,,,,,,0.25601374570446733,0.28253424657534243,0.5008532423208191,0.16838487972508592,1.68,,,33.61,
DRUG,Betashares Global Healthcare ETF - Currency Hedged,Unknown,,Spotlight ETP List,AUD,2026-08-14,8.9399995803833,,,,,,,,,,,,,,,,,,,,3.0361850162941955,,,,,,,,-0.6603819732881889,0,0.25,,,,0.05,,0.04,0.06,,,0.02,5,0.3,,,,,,,,,,,,,,,,,,,,,,,0.312119,2026-07-01,,,,,,0.05798813990278395,0.1337406732731512,0.02804235711262848,0.19218549538248042,8.733999872207642,8.551128559112549,8.350457019805908,0.023585952735260207,0.04547598817893461,0.07060003532490433,0.07060003532490433,,,0.10202434603561628,0.0864497093421225,0.015574636693493779,19.659236336748947,94.28558972430667,92.48668944583407,0.8701872524257586,0.06371357355151086,8.929999987284342,8.783004286964005,,,0.0011185227705044472,0.01756099561389074,,,,,,,,,,,,,,,,,,,,,,8.960000038146973,7.220029998242471,-0.00223219393733487,0.2382219440306359,64.0840151847984,0.08597850545907201,0.009617282941235407,0.12923164091396383,0.1773036059652228,0.0,116329.1,1016018.3445340301,0.5144100042885046,0.23076923076923078,,,,,,,,0.5360824742268041,0.523972602739726,0.5008532423208191,0.7044673539518901,7.04,,,52.25,
DTEC,Global X Defence Tech ETF,Unknown,,Spotlight ETP List,AUD,2026-08-14,17.299999237060547,,,,,,,,,,,,,,,,,,,,5.875391603006341,,,,,,,,-0.6603819732881888,0,0.25,,,,0.05,,0.04,0.06,,,0.02,5,0.3,,,,,,,,,,,,,,,,,,,,,,,0.471336,2026-07-02,,,,,,0.153027294184801,0.13392346353488072,-0.018097082468333192,0.0484355183338967,16.1460000038147,15.679243640899658,17.0871648645401,0.07333085096070979,0.10528290270969198,0.014211547737208008,0.014211547737208008,,,0.4904593414826337,0.34770585550204103,0.14275348598059268,31.44723720444166,95.72192895176907,95.0893374332136,0.8668201437292288,0.1999095529901967,17.28372526315921,17.154830810496705,17.44015528010995,17.581518183650687,0.0026702054674302683,0.010107854240076047,0.0063563391164941675,0.0145134599568333,2.3804681677216895,,,,,,,,,,,,,,,,,,,20.849567379459383,14.36195869892963,-0.16880769714295096,0.20665991923494587,73.93080147978336,0.2835731331430858,0.016363135279370684,0.20955599829574875,0.2800090023210976,0.0,16342.1,263859.5466623402,0.5983583865375911,0.23076923076923078,,,,,,,,0.2405498281786942,0.25171232876712324,0.5008532423208191,0.44501718213058417,4.45,,,32.14,
DXC,Dexus Convenience Retail REIT,Real Estate,,Spotlight A-REITS  List,AUD,2026-08-14,2.740000009536743,362250656.0,135674399.0,4759000.0,230838000.0,226079000.0,736437000.0,,,,224541130.345,1.655,,,-0.6235078624230481,1.7269464592034607,,-0.4988062899384385,4.924953095684802,1.0851119322157547,0.9305533964292125,Overvalued,-1.2275576132309816,-0.3697275718274765,,-1.1820460905847854,0.7974281308551793,-0.6039737487449073,-0.6603819732881888,1,0.25,-0.4676308968172861,10478500.0,-0.059,-0.059,0.544,0.04,0.06,0.07264000000000001,0.07264000000000001,0.02,5,0.3,0.028926103587235463,,,1.6132932,,,0.03273,0.11927,0.73707,0.71296,0.3417,44.113,0.527,0.346,0.047459997,0.24523,,0.21,0.0783,0.474,0.07519999999999999,2026-06-29,0.05225,2026-06-29,0.07664233549966486,-0.021170683273756548,0.2,,889179008.0,0.01481480042466754,0.03507041246307541,0.03240084457778125,-0.04115788324068537,2.680000054836273,2.639359884262085,2.6619754207134245,0.02238804234059444,0.038130505004168924,0.029310784846543703,0.029310784846543703,,,0.0212609434886164,0.014409257828913143,0.006851685659703259,28.076367347917625,75.000037252883,70.83337679503016,0.9816207148537318,0.04648479944927988,2.738172880290662,2.701534863054636,2.7841717844571354,2.805534720864219,0.0006668354889494646,0.014038374579644866,0.01612108568125898,0.023917777773495734,24.175506475601956,,,,,,,,,,,,,,,,,,,2.885447161325671,2.4314682892553674,-0.050407144424056805,0.12689111416536836,62.47079515807842,0.0442223031010914,0.016139526623055796,0.1336413658863082,0.18715137161754072,0.0,163947.6,439379.57699027535,0.2579995830219311,1.0,0.20833333333333334,0.42857142857142855,0.20833333333333334,0.07070707070707072,0.8061224489795918,0.5075757575757576,,0.506872852233677,0.2568493150684932,0.5008532423208191,0.5378006872852233,5.38,26.06,,44.26,
DXI,Dexus Industria REIT.,Real Estate,,Spotlight A-REITS  List,AUD,2026-08-14,2.359999895095825,762465536.0,312485852.0,4473000.0,302180992.0,297707992.0,1460540000.0,,,,784027002.668,2.509,,,0.9813237161928828,2.436160712014102,,0.7850589729543063,2.409980153104622,1.54701214509272,0.8014985074125254,Overvalued,-0.5841848475365982,0.0322715340269896,,-0.6673478780292785,0.021178076368841232,-0.3444863500598142,-0.6603819732881889,2,0.25,0.7359927871446621,63187752.0,-0.045,-0.045,1.009,0.04,0.06,0.10053999999999999,0.10053999999999999,0.02,5,0.3,0.08287292869851104,,,0.972499,,,0.04828,0.06859,0.85665,0.86241996,0.33444,27.795,0.426,0.262,0.01134,0.48913,,0.17,0.068,1.2258999,0.0594,2026-06-29,0.0415,2026-06-29,0.07203390150705806,0.05932208098614786,0.08194762878792972,,1363078528.0,-0.03238863270421399,0.01688022964537783,-0.006335555775392132,-0.10578469136445623,2.446000027656555,2.431992392539978,2.4633710765838623,-0.02289448982796294,-0.017266619650872506,-0.029784782478422422,-0.029784782478422422,,,-0.011810424873830883,0.0005523253689459226,-0.012362750242776804,15.933428639080944,33.33342163647803,16.66668874245285,0.1448582444287908,0.06446577871740129,2.3824359532910107,2.350326005586907,2.404665051827215,2.427793845289821,0.0031649168540381417,0.01660004082671731,0.006135960786339878,0.01581327980199466,1.9387431232232717,,,,,,,,,,,,,,,,,,,2.8134047985076904,2.192982081350386,-0.1504954757410315,0.08984023409460318,42.973925012746534,0.052663663225944145,0.022035004566686264,0.20071174661160326,0.1877550667300993,0.0,819167.15,2003682.8715553414,0.333458063795151,1.0,0.4270833333333333,0.7040816326530612,0.4270833333333333,0.3434343434343434,0.5306122448979592,0.49242424242424243,,0.2680412371134021,0.11986301369863017,0.5008532423208191,0.8075601374570447,8.08,50.18,,30.08,
DXS,Dexus,Real Estate,,Spotlight A-REITS  List,AUD,2026-08-14,5.960000038146973,6499895296.0,1072589964.0,74700000.0,4676499968.0,4601799968.0,15388600000.0,,,,9602897947.692,8.953,,,26.981337109175232,8.643365238551729,,21.585069687340187,6.74198250728863,3.004209828525468,2.024123452157794,Undervalued,3.5270699557854392,0.45022905758890613,,2.621655964628352,0.13120511143231198,-0.4959379514602304,-0.6603819732881888,4,0.25,20.236002831881425,920520320.0,0.227,0.227,0.748,0.04,0.06,0.08488,0.08488,0.02,5,0.3,0.14162079204052458,,,0.6768681,12.565,5.068619678162981,0.03599,0.04736,0.84581,0.67195,0.38955003,46.547,0.398,0.283,0.0178,0.59403,,0.37,0.061100002,0.8081,0.0604,2026-06-29,0.177,2026-06-29,0.06208053651540528,0.016048027550069132,-0.04188787127693559,,11407330304.0,0.036155188879652966,0.015286024173508217,-0.037895646608614,-0.1681734930700749,5.918250012397766,5.712563123703003,6.1470237469673155,-0.007307905598304298,0.028435025185630236,-0.04425291948831667,-0.04425291948831667,,,0.08603536100693265,0.10069783419764582,-0.014662473190713163,22.965569009011304,37.93103070283614,59.82872430495744,0.42508852646214706,0.09755388931992597,5.830007209605203,5.7380835954745635,5.889935721724751,5.970708109843738,0.007658347301242096,0.023304919919223236,0.0025422505063406706,0.01629074210106175,0.3319581113706278,,,,,,,,,,,,,,,,,,,7.289081573486328,5.137135645992278,-0.19399996545929454,0.14363341847579303,49.878786351372085,0.10615088806187398,0.01806823626585089,0.16783811370433363,0.221751730920896,0.0,2903595.45,17184203.8079606,0.4987944571545025,1.0,0.75,0.8469387755102041,0.75,0.7878787878787878,0.3877551020408163,0.5151515151515151,0.5882352941176471,0.365979381443299,0.2071917808219178,0.5008532423208191,0.9776632302405498,9.78,78.29,45.6,36.67,67.86
DZZF,Betashares Ethical High Growth ETF,Unknown,,Spotlight ETP List,AUD,2026-08-14,31.739999771118164,,,,,,,,,,,,,,,,,,,,10.779476090100488,,,,,,,,-0.6603819732881888,0,0.25,,,,0.05,,0.04,0.06,,,0.02,5,0.3,,,,,,,,,,,,,,,,,,,,,,,0.499225,2026-07-01,,,,,,0.03267551710992311,0.11186272735511071,0.10402889757569511,0.025274833194151025,31.15599994659424,30.7672847366333,29.830347728729247,0.024521765663413353,0.03746561809167881,0.0700512232229924,0.0700512232229924,,,0.32075747164707025,0.26247642676705984,0.0582810448800104,28.453250786690457,94.36620285860504,84.52179299845143,0.9127918897121731,0.05940466921603457,31.85981819844932,31.42535167391618,,,0.001885397171077046,0.015496503796850783,,,,,,,,,,,,,,,,,,,,,,32.0,27.084384266103598,-0.002499997615814209,0.17853888656579775,70.77477972906414,0.27311368548190706,0.008556193133744403,0.08713311641727123,0.08517187027606388,0.0,2690.55,83826.77565630914,0.6251974886837237,0.23076923076923078,,,,,,,,0.7783505154639175,0.5976027397260274,0.5008532423208191,0.2800687285223368,2.8,,,64.99,
E200,SPDR S&P/ASX 200 ESG ETF,Unknown,,Spotlight ETP List,AUD,2026-08-14,27.700000762939453,,,,,,,,,,,,,,,,,,,,9.40741959902516,,,,,,,,-0.6603819732881888,0,0.25,,,,0.05,,0.04,0.06,,,0.02,5,0.3,,,,,,,,,,,,,,,,,,,,,,,0.709783,2026-06-29,,,,,,0.027157792871156605,0.0745958775362674,0.024892433176383122,0.05677955676937274,27.45949993133545,26.92007350921631,26.512218294143675,0.005480823736500939,0.025628722778154867,0.041406656509401785,0.041406656509401785,,,0.29446404773790746,0.3107649454305529,-0.016300897692645422,27.12648333646247,50.000074505766,61.784693709890234,0.5741715681284373,0.0738938635760041,27.231247291909284,26.887660912588053,27.65999984741211,27.971592288170218,0.013717975735946778,0.026162248525727627,0.0018109103931638858,0.013096402384108858,0.13201003034424028,,,,,,,,,,,,,,,,,,,28.25,24.967603506286128,-0.02265484565127207,0.10583302892486879,55.683873730784846,0.2248610030854095,0.008144186820521272,0.12770254923230875,0.11120289699971833,0.0,18220.8,500334.05634887697,0.9137897185611742,0.23076923076923078,,,,,,,,0.5463917525773196,0.6215753424657534,0.5008532423208191,0.5652920962199313,5.65,,,55.15,
EAFZ,Ellerston Asia Growth Fund Complex ETF,Unknown,,Spotlight ETP List,AUD,2026-08-14,8.380000114440918,,,,,,,,,,,,,,,,,,,,2.845999102711176,,,,,,,,-0.6603819732881889,0,0.25,,,,0.05,,0.04,0.06,,,0.02,5,0.3,,,,,,,,,,,,,,,,,,,,,,,0.295762,2026-07-01,,,,,,-0.009216580748084957,0.007684446036679393,0.12390667556211521,0.18804374855286388,8.240500116348267,8.752124519348145,8.002757205963135,0.04362602512537439,-0.01738139551626816,0.07462967576494317,0.07462967576494317,,,-0.0791465648423042,-0.15792529810596917,0.07877873326366497,15.935938169336314,100.0,96.53679975377861,0.8255941501538957,0.1339889709466646,8.544115926398506,8.42773672663764,8.65999984741211,8.75747665194212,0.00649819216190197,0.020030656650115962,0.006976681776859293,0.01831119342874742,1.073634266736931,,,,,,,,,,,,,,,,,,,9.6982017602496,7.069989120253322,-0.11323762960687356,0.21640928086203104,55.7762749122416,0.1368202355570708,0.015909329010249232,0.33892942455429204,0.3446210102374918,0.0,897.05,7392.140629370212,0.6412090221177308,0.23076923076923078,,,,,,,,0.08075601374570451,0.26712328767123283,0.5008532423208191,0.06701030927835051,0.67,,,25.34,
EARN,PIMCO Short Term Active Yield Active ETF,Unknown,,Spotlight ETP List,AUD,2026-08-14,20.010000228881836,,,,,,,,,,,,,,,,,,,,6.795756792235738,,,,,,,,-0.6603819732881888,0,0.25,,,,0.05,,0.04,0.06,,,0.02,5,0.3,,,,,,,,,,,,,,,,,,,,,,,0.060581,2026-08-03,,,,,,0.004040277593944541,0.012485776851711483,0.021892812621088664,,19.973682022094728,19.91779354095459,,0.001818303042320002,0.004629362571594742,,,,,0.026638544035105127,0.026715322291469713,-7.677825636458538e-05,64.83992645423258,66.8800404287128,61.37328706735243,0.8190420592348631,0.005699258106221963,19.897096915176164,19.664187629267854,20.020000457763672,,0.005642344448487864,0.01728198878852817,0.0004997615575936829,,0.08857338685298057,,,,,,,,,,,,,,,,,,,20.040000915527344,19.358747482299805,-0.0014970401833795943,0.03364126461061012,74.39799739762182,0.015045846620023643,0.0007519163642140753,0.010265886611588127,0.009872380730744567,0.0,637.55,12734.220973186493,0.003947274250747875,0.23076923076923078,,,,,,,,0.9707903780068728,0.9708904109589042,0.5008532423208191,0.1013745704467354,1.01,,,82.98,
EBND,VanEck Vectors Emerging Income Opportunities Active ETF,Unknown,,Spotlight ETP List,AUD,2026-08-14,10.770000457763672,,,,,,,,,,,,,,,,,,,,3.6576863031510003,,,,,,,,-0.6603819732881889,0,0.25,,,,0.05,,0.04,0.06,,,0.02,5,0.3,,,,,,,,,,,,,,,,,,,,,,,0.055,2026-08-03,,,,,,-0.00045232312247855955,0.023136679830186857,0.005891275148067754,0.05010871142642559,10.667125511169434,10.679930019378663,10.562975425720214,0.004019314006631358,0.0028155632774511385,0.013918863435842255,0.013918863435842255,,,0.017337819865812065,0.009010500703934509,0.008327319161877556,15.18310107347747,63.54583739252648,87.84861246417547,0.7269754842568997,0.01770814156335129,10.665169838980075,10.558879420879904,10.797719288103957,,0.004185826237835737,0.014110234988683988,0.008190406129275964,,1.9566999832058907,,,,,,,,,,,,,,,,,,,10.809258766074608,10.118658151791042,-0.009182750646988258,0.058440741596874846,53.27333750745037,0.05845754695368084,0.0054582209846373705,0.055819057694410416,0.05604255991483489,0.0,57484.2,613191.176309166,0.15600192372948868,0.23076923076923078,,,,,,,,0.8573883161512028,0.7808219178082192,0.5008532423208191,0.6134020618556701,6.13,,,73.13,
ECL,Excelsior Capital Ltd,Unknown,,Spotlight LIC List,AUD,2026-08-14,0.9449999928474426,27254800.0,28994469.0,83619000.0,0.0,-83619000.0,,,,,110439932.421,3.809,,,-18.76803850791558,3.469509760840704,,-15.014430806332465,25.01263264274886,4.839961479497032,0.32093903281352404,Overvalued,-20.860358359754425,2.6714389281490813,,-16.888286687803543,25.468394531286318,4.121652398021105,-0.660381973288189,2,0.25,-14.076028880936686,-26726376.0,,0.05,0.493,0.04,0.06,0.06958,0.06958,0.02,5,0.3,-0.980611708763227,,,0.24678393,3416.012,5067.818181818182,-0.00013,-0.02575,1.0,2.94837,-1.52144,,83.939,83.408,0.86337,0.122379996,,0.99,1.049,2.1676,0.0245,2026-08-20,0.3449,2026-03-31,1.0476190555483125,-0.0013164389434580175,,,-56364200.0,0.027322377674172005,0.038674063350848,-0.3706120872493357,-0.18027472931873734,0.9407499969005585,0.9139999961853027,1.1600632441043854,-0.0007972354899976608,0.028446391180553476,-0.18969935269216187,-0.18969935269216187,,,0.007466691661353164,0.008936871326629282,-0.0014701796652761175,31.495426259914296,0.0,33.333333333333336,0.43447219574608636,0.012166369666659698,0.9300000071525574,0.9225000143051147,0.9414285676819938,0.9507201313972473,0.010638287753851585,0.018617003569240276,0.001519755393407403,0.011404397668748201,0.14285714285714604,,,,,,,,,,,,,,,,,,,1.6481372828560794,0.8650000095367432,-0.42965916286604744,0.08670518757478152,59.39980521521331,0.0041379190993931034,0.0044020416062642434,0.0527125241332856,0.1378275033610447,0.0,6673.95,6278.518441814482,-0.4189452110655842,0.9230769230769231,0.010416666666666666,0.01020408163265306,0.010416666666666666,0.98989898989899,0.09183673469387756,0.022727272727272728,0.0,0.8642611683848798,0.8167808219178082,0.5008532423208191,0.05670103092783505,0.57,10.83,5.73,74.34,25.74
ECP,ECP Emerging Growth Limited,Unknown,,Spotlight LIC List,AUD,2026-08-14,0.7699999809265137,14246852.0,18502406.0,1241751.0,10287871.0,9046120.0,39624551.0,,,,25181774.566,1.361,,,-2.8730145191034877,1.0771761594560716,,-2.2984116152827903,2.599653379549393,-0.6340185295477123,0.2615058740903948,Overvalued,-4.731187779571749,0.3989301118682415,,-3.9849502236573993,2.3761733038244004,-1.8234007081205643,-0.6603819732881888,2,0.25,-2.1547608893276156,-2209871.0,-0.071,-0.071,0.218,0.04,0.06,0.05308,0.05308,0.02,5,0.3,-0.15511293301846613,,,0.5657605,,,0.00092,-0.16653,1.0,-0.27956,0.0,41.028,8.988,8.988,0.55638003,0.00811,,0.06,0.0721,0.3152,0.0453,2026-02-18,0.024,2026-02-17,0.07792207985226718,0.08075006729912873,,,23230928.0,0.0689654492027858,-0.025157283158869115,-0.12740955165452605,-0.37647636988163724,0.7319999963045121,0.7228999960422516,0.9054568058252335,0.05874314217310728,0.07207079872890931,-0.14407846826905568,-0.14407846826905568,,,0.012440152826465156,0.004537294318637666,0.00790285850782749,17.755998168390835,91.66664183139899,95.13888216267095,0.782211415553705,0.20815296240888068,0.7699999809265137,0.7599999904632568,0.7799999713897705,0.8100000023841858,0.006451606948963502,0.019354820846890507,0.006451606948963502,0.04516132555196595,1.0,,,,,,,,,,,,,,,,,,,1.2905582189559937,0.6100000143051147,-0.39948468439875273,0.270491734399364,61.56596496326712,0.016967451027029328,0.021893485869691236,0.6442869652771842,0.586214924991564,0.0,10015.0,7330.979962989688,0.3127466576745243,1.0,0.03125,0.04081632653061224,0.03125,0.8585858585858586,0.030612244897959183,0.23106060606060605,,0.00859106529209619,0.12157534246575341,0.5008532423208191,0.06529209621993128,0.65,11.69,,18.45,
ECRD,Betashares Enhanced Credit (Geared) Complex ETF,Unknown,,Spotlight ETP List,AUD,2026-08-14,24.969999313354492,,,,,,,,,,,,,,,,,,,,8.480261893796731,,,,,,,,-0.6603819732881889,0,0.25,,,,0.05,,0.04,0.06,,,0.02,5,0.3,,,,,,,,,,,,,,,,,,,,,,,0.1577,2026-08-03,,,,,,0.010389656641578204,0.0271945751286502,0.015795152730805784,,24.849829578399657,24.69576759338379,,0.0060431167596770585,0.012319212410215608,,,,,0.08098301104288907,0.074029497852492,0.0069535131903970815,62.47711408134646,100.0,93.84825648679576,0.9744669693694646,0.012736643749316974,24.627252125124404,24.334048191635432,,,0.014909914995023855,0.026638072334582718,,,,,,,,,,,,,,,,,,,,,,25.0,23.79022216796875,0.0,0.05085189299577464,86.91491716120595,0.03698629409653018,0.0014794517638612073,0.009393872335846811,0.013100296958200365,0.0,14214.15,353219.20510180946,0.04126325224079769,0.23076923076923078,,,,,,,,0.9742268041237113,0.9434931506849316,0.5008532423208191,0.49140893470790376,4.91,,,82.45,
EIGA,Perennial Income Generator Active ETF,Unknown,,Spotlight ETP List,AUD,2026-08-14,3.8499999046325684,,,,,,,,,,,,,,,,,,,,1.307529370451974,,,,,,,,-0.6603819732881889,0,0.25,,,,0.05,,0.04,0.06,,,0.02,5,0.3,,,,,,,,,,,,,,,,,,,,,,,0.01785,2026-06-09,,,,,,0.020665132145862408,0.05942447442670962,0.01869844951239963,0.04315566836091733,3.8023362040519713,3.7442750835418703,3.6509132957458497,0.004645493781429311,0.020224168366736572,0.04631351768719694,0.04631351768719694,,,0.03369182493094458,0.03397965389013267,-0.000287828959188087,11.600318027280816,56.68470069418432,67.25978451787793,0.5837400315814643,0.0554751854483118,3.8182405675836018,3.78139403283708,3.9019194044373666,,0.00046056693453985846,0.0101062568273255,0.021444888122033903,,46.56193598322247,,,,,,,,,,,,,,,,,,,3.9019194044373666,3.406677484512329,-0.0209946599874431,0.12132714370806852,54.30751213337968,0.04767063559827256,0.012479224196688652,0.12492617843029344,0.13687432473012534,0.0,7273.9,27657.81331465363,0.8313650166825407,0.23076923076923078,,,,,,,,0.5515463917525774,0.3972602739726028,0.5008532423208191,0.15292096219931273,1.53,,,49.78,
EMKT,Vaneck MSCI Multifactor Emerging Markets Equity ETF,Unknown,,Spotlight ETP List,AUD,2026-08-14,35.119998931884766,,,,,,,,,,,,,,,,,,,,11.927384735367616,,,,,,,,-0.6603819732881889,0,0.25,,,,0.05,,0.04,0.06,,,0.02,5,0.3,,,,,,,,,,,,,,,,,,,,,,,4.64,2026-07-01,,,,,,0.020478884818802445,0.09193196498670853,0.17605068504172094,0.36923015031458406,34.19400005340576,35.21284324645996,30.9140701007843,0.034684477184802054,0.004747069712187413,0.14446273016692257,0.14446273016692257,,,0.005801744692377042,-0.20135512283427423,0.20715686752665127,15.591115260188795,92.13486878410858,84.3633190567986,0.9052212034362743,0.08559393459838209,34.95000076293945,34.274859830198274,35.64671325683594,36.47999954223633,0.012153767444718968,0.031236325736375498,0.007538501432128742,0.031090967804193254,0.6202604637958873,,,,,,,,,,,,,,,,,,,40.84569111060072,24.862592962252904,-0.13381313656036953,0.4230213687619051,55.71405866858627,1.0093203208476629,0.028527990118046413,0.29080777806475866,0.34678145310341607,0.0,134943.7,4614264.885006771,1.0588916105774868,0.23076923076923078,,,,,,,,0.12886597938144329,0.05821917808219179,0.5008532423208191,0.915807560137457,9.16,,,22.28,
EMXC,iShares MSCI Emerging Markets ex China ETF,Unknown,,Spotlight ETP List,AUD,2026-08-14,41.11000061035156,,,,,,,,,,,,,,,,,,,,13.961697285408949,,,,,,,,-0.6603819732881888,0,0.25,,,,0.05,,0.04,0.06,,,0.02,5,0.3,,,,,,,,,,,,,,,,,,,,,,,0.298004,2026-07-01,,,,,,0.023645392493840678,0.07530857849042327,0.16611641678418243,0.4249920818913264,39.829000091552736,41.3842928314209,36.5409410572052,0.043460826979319744,0.004245778527275146,0.1373544350767657,0.1373544350767657,,,-0.07510823948310019,-0.37711287268167076,0.30200463319857057,18.32664512801735,95.47330497166449,91.49580657659767,0.9359599043908773,0.09968996355305441,41.079999923706055,40.45718032884061,42.364322662353516,43.496683418223654,0.011549601388931595,0.026535635418894577,0.019353254631493004,0.04659966267896391,1.6756642917598814,,,,,,,,,,,,,,,,,,,45.41375756953606,28.357399617056732,-0.08485878294356719,0.4655787178840274,57.012967832429325,1.0891898814018028,0.02620764786840894,0.33410113132865477,0.3472848849061281,0.0,32717.6,1303109.2933953858,1.017994458185797,0.23076923076923078,,,,,,,,0.08591065292096223,0.07363013698630139,0.5008532423208191,0.7353951890034365,7.35,,,20.73,
EQIN,Investors Mutual Equity Income Fund - Complex ETF,Unknown,,Spotlight ETP List,AUD,2026-08-14,3.940000057220459,,,,,,,,,,,,,,,,,,,,1.3380950446776352,,,,,,,,-0.6603819732881889,0,0.25,,,,0.05,,0.04,0.06,,,0.02,5,0.3,,,,,,,,,,,,,,,,,,,,,,,0.064245,2026-07-01,,,,,,0.026041704501647,0.08288817920516012,0.045163780963077826,,3.903999996185303,3.831612982749939,3.7588196110725405,0.009221327118425382,0.02828758409538823,0.04820142089665769,0.04820142089665769,,,0.034964027385609775,0.036360205038949114,-0.0013961776533393394,43.1844415170465,80.00004768364761,81.5385027326238,0.7005454752252179,0.04598122749002227,3.8622175057729087,3.8352492827546474,3.952000045776367,,0.019741764040080587,0.02658649059505594,0.003045682330363648,,0.15427609833549685,,,,,,,,,,,,,,,,,,,3.9600000381469727,3.638418197631836,-0.005050500185316276,0.08288817920516012,70.80033831818923,0.009415728682298185,0.0023897788186685136,0.07386862219595479,0.09741646147837309,0.0,4375.45,17081.75678330898,0.4096551437333128,0.23076923076923078,,,,,,,,0.8213058419243986,0.9195205479452054,0.5008532423208191,0.12027491408934708,1.2,,,74.97,
ERTH,Betashares Climate Change Innovation ETF,Unknown,,Spotlight ETP List,AUD,2026-08-14,10.539999961853027,,,,,,,,,,,,,,,,,,,,3.5795739885870894,,,,,,,,-0.6603819732881889,0,0.25,,,,0.05,,0.04,0.06,,,0.02,5,0.3,,,,,,,,,,,,,,,,,,,,,,,0.007279,2026-07-01,,,,,,-0.015813960585483233,-0.040167257949878854,0.033882354783118185,0.1039577329146748,10.361500024795532,10.718935718536377,10.405230231285095,0.021087670548438187,-0.012961715461177636,0.01679633112734824,0.01679633112734824,,,-0.050070407983202614,-0.10783382747323328,0.057763419490030665,17.950665371755186,86.74702809777575,90.3920523469912,0.8046840878554403,0.06921159124805824,10.53499984741211,10.4616940219221,10.697967052360827,10.792905062553984,0.00425331537036366,0.011182032385356972,0.011150012240590809,0.020123359204463155,2.6214873033591863,,,,,,,,,,,,,,,,,,,11.492444780137804,9.29389010920484,-0.07939519170096099,0.13838229195624208,52.9558128986918,0.14226251993815997,0.013446363040079023,0.18501264014535856,0.20934722382953042,0.0,7419.15,76873.52290896176,0.7261043741105162,0.23076923076923078,,,,,,,,0.3178694158075601,0.36472602739726023,0.5008532423208191,0.2663230240549828,2.66,,,38.45,
ESGI,Vaneck MSCI International Sustainable Equity ETF,Unknown,,Spotlight ETP List,AUD,2026-08-14,38.369998931884766,,,,,,,,,,,,,,,,,,,,13.031143322181002,,,,,,,,-0.6603819732881889,0,0.25,,,,0.05,,0.04,0.06,,,0.02,5,0.3,,,,,,,,,,,,,,,,,,,,,,,1.02,2026-07-01,,,,,,0.02122013848463844,0.1578892903193534,0.17126548112022277,0.09625506564304342,37.50150012969971,37.07536087036133,34.67020586967468,0.026625598091995162,0.038425495968066326,0.11046355319381473,0.11046355319381473,,,0.388479133949005,0.31081032551699933,0.07766880843200569,32.19932964612135,100.0,96.53065161366523,0.9461482470235689,0.05967881364462407,38.47999954223633,38.0,,,0.0005194924094460227,0.012987012987012988,,,,,,,,,,,,,,,,,,,,,,38.5,30.81602828194228,0.0,0.2493498398870697,69.86636618184045,0.3265266165062798,0.00848121081834493,0.10032052987321023,0.1600017113268507,0.0,7856.95,294647.4114440441,0.5469373978800515,0.23076923076923078,,,,,,,,0.70446735395189,0.6061643835616438,0.5008532423208191,0.4690721649484536,4.69,,,61.88,
ESPO,VanEck Video Gaming and Esports ETF,Unknown,,Spotlight ETP List,AUD,2026-08-14,14.600000381469727,,,,,,,,,,,,,,,,,,,,4.958423319546437,,,,,,,,-0.6603819732881889,0,0.25,,,,0.05,,0.04,0.06,,,0.02,5,0.3,,,,,,,,,,,,,,,,,,,,,,,1.93,2026-07-01,,,,,,0.05464865122431739,0.13123622920555134,0.062353687936686386,-0.1964247183177038,14.303000020980836,13.908624706268311,14.848725957870483,0.038942853588712634,0.06840179891978626,0.0007592367748416873,0.0007592367748416873,,,0.2653647465817208,0.2280653888709781,0.03729935771074272,26.89890486410779,84.21050430115353,81.4127000834017,0.7960079031623151,0.1315601819163539,14.723099431487597,14.268793706863269,15.039999961853027,16.29130293061843,0.009212666780118915,0.03978505810720679,0.012113075998282359,0.09631919966418273,1.3148284082544452,,,,,,,,,,,,,,,,,,,19.625079440302095,12.995578270822243,-0.24280563032215163,0.1434658271453002,63.15556244139316,0.24607134660260602,0.016559310382758687,0.24225864405393455,0.2103424039223947,0.0,7864.8,112490.23456501008,0.4491745128611763,0.23076923076923078,,,,,,,,0.18556701030927836,0.24486301369863017,0.5008532423208191,0.3127147766323024,3.13,,,29.5,
ESTX,Global X EURO STOXX 50 ETF,Unknown,,Spotlight ETP List,AUD,2026-08-14,112.19999694824219,,,,,,,,,,,,,,,,,,,,38.105141560633236,,,,,,,,-0.660381973288189,0,0.25,,,,0.05,,0.04,0.06,,,0.02,5,0.3,,,,,,,,,,,,,,,,,,,,,,,7.466178,2026-07-02,,,,,,0.04069985356575767,0.14596431446778735,0.08316318524879307,0.11402775615300409,109.15974960327148,107.96427215576172,103.5105814743042,0.027164320250874452,0.038538006704991634,0.08322258848322939,0.08322258848322939,,,1.3474967956696418,1.076352949635761,0.27114384603388086,25.422179131666635,86.48441160096846,85.47974826582494,0.8333640405885945,0.08148545416869937,111.01000213623047,107.92447108102424,112.98999786376953,,0.009944239587688128,0.03746291120602688,0.00771458518412068,,0.7757843237880186,,,,,,,,,,,,,,,,,,,112.98999786376953,91.76793781116208,-0.007655525976843047,0.22183196739942224,70.87066664854254,1.0459671563143127,0.00932858110425251,0.11978081025413027,0.12341441812662625,0.0,18206.4,1987406.065177002,0.84417632124992,0.23076923076923078,,,,,,,,0.5927835051546392,0.5445205479452055,0.5008532423208191,0.8041237113402062,8.04,,,55.31,
ETHI,Betashares Global Sustainability Leaders ETF,Unknown,,Spotlight ETP List,AUD,2026-08-14,17.31999969482422,,,,,,,,,,,,,,,,,,,,5.8821841190053705,,,,,,,,-0.660381973288189,0,0.25,,,,0.05,,0.04,0.06,,,0.02,5,0.3,,,,,,,,,,,,,,,,,,,,,,,0.261438,2026-07-01,,,,,,0.031046695639717514,0.13989186506421047,0.16006032694779226,0.10085691617121273,16.981750011444092,16.759210605621337,15.82588785648346,0.026690385513439052,0.04032343027507346,0.10167591379713414,0.10167591379713414,,,0.173014696299429,0.14050536133449967,0.03250933496492933,23.814171988154325,96.66671752929688,93.15970658020824,0.9914185986391295,0.054312933184360396,17.1200008392334,16.929999351501465,,,0.018067028182266614,0.02896473357669943,,,,,,,,,,,,,,,,,,,,,,17.459999084472656,14.103595288150647,-0.0014318224422191772,0.2362095699520439,72.32363678413438,0.12082736395453135,0.006930161609156119,0.09477885180142853,0.09804527151853194,0.0,239309.05,4063886.4625761746,0.49384165913266503,0.23076923076923078,,,,,,,,0.7405498281786942,0.7037671232876712,0.5008532423208191,0.8951890034364262,8.95,,,65.94,
ETPMAG,Global X Physical Silver,Unknown,,Spotlight ETP List,AUD,2026-08-14,84.81999969482422,,,,,,,,,,,,,,,,,,,,28.806400922052617,,,,,,,,-0.6603819732881889,0,0.25,,,,0.05,,0.04,0.06,,,0.02,5,0.3,,,,,,,,,,,,,,,,,,,,,,,,,,,,,,0.10391136294413861,-0.22823809246637095,-0.20542417315289319,,78.49000053405761,81.46959991455078,93.87745014190673,0.07873611406342307,0.03928334320717486,-0.09807948510577658,-0.09807948510577658,,,0.9301834363143371,-0.38424829591139603,1.314431732225733,19.50406069725865,85.72654372172599,85.55458174579019,0.9287387141925085,0.18364591639855893,83.5,82.5,85.18999862670898,91.80999755859375,0.013818332281179102,0.02562889117601528,0.006141496031759619,0.08432738330053724,0.4444455312544831,,,,,,,,,,,,,,,,,,,155.88999938964844,53.130001068115234,-0.4568606164574297,0.5936381793102974,62.16822919913563,2.2431484147999106,0.02649283646285276,0.31522440718259764,0.4073798981052194,0.0,98790.45,7754062.473259792,1.8019147619674205,0.23076923076923078,,,,,,,,0.10824742268041232,0.06678082191780821,0.5008532423208191,0.9450171821305842,9.45,,,21.57,
EX20,Betashares Australian Ex-20 Portfolio Diversifier ETF,Unknown,,Spotlight ETP List,AUD,2026-08-14,23.299999237060547,,,,,,,,,,,,,,,,,,,,7.9130997632772075,,,,,,,,-0.6603819732881889,0,0.25,,,,0.05,,0.04,0.06,,,0.02,5,0.3,,,,,,,,,,,,,,,,,,,,,,,0.354954,2026-07-01,,,,,,0.05998166010942807,0.10539208543198697,0.020509545678505825,-0.0014621096649710674,22.34949998855591,22.14113540649414,22.446935930252074,0.03581733955499056,0.0455651525323415,0.03132114291513033,0.03132114291513033,,,0.37784731996827503,0.2578874492960224,0.11995987067225261,24.985280572113012,83.78372526762158,90.3541450483882,0.7942107868474361,0.12174040231082263,23.05301040934205,22.705698840163215,23.419270578578445,23.624128450186944,0.004189598738074646,0.0191922585610507,0.011631575139752272,0.02048072740688762,2.776298129471375,,,,,,,,,,,,,,,,,,,24.298758787984724,20.125947762327755,-0.0472764547143244,0.1502563701304549,66.42776033045266,0.2704957002095773,0.011684479683233372,0.14704124215964282,0.15886388833301748,0.0,43791.9,978727.0685488415,1.0783180622403108,0.23076923076923078,,,,,,,,0.43986254295532645,0.4297945205479452,0.5008532423208191,0.697594501718213,6.98,,,45.56,
EXUS,Betashares Global Shares EX US ETF,Unknown,,Spotlight ETP List,AUD,2026-08-14,38.75,,,,,,,,,,,,,,,,,,,,13.16019853508268,,,,,,,,-0.6603819732881889,0,0.25,,,,0.05,,0.04,0.06,,,0.02,5,0.3,,,,,,,,,,,,,,,,,,,,,,,0.372423,2026-07-01,,,,,,0.032773769843948086,0.10292512252099129,0.07564752742526704,,37.89050025939942,37.48946632385254,,0.022947653268792445,0.03389037301051934,,,,,0.37564733470342304,0.29791662993307805,0.077730704770345,36.64860250132819,87.09668818756819,83.71859807870163,0.8845775112032274,0.05966977423353771,37.99290776000727,37.62836048593029,39.04999923706055,,0.019790779018165592,0.029196023854681962,0.007481964088895047,,0.378053035811652,,,,,,,,,,,,,,,,,,,39.099998474121094,32.7465758808006,-0.008695656415764974,0.1836351520422106,70.57718733723706,0.3665349164031631,0.009456525600506381,0.09497781313737734,0.10652767180837756,0.0,22752.4,862099.8181019593,0.6580395046825791,0.23076923076923078,,,,,,,,0.738831615120275,0.5325342465753424,0.5008532423208191,0.6752577319587629,6.75,,,61.59,
F100,Betashares FTSE 100 ETF,Unknown,,Spotlight ETP List,AUD,2026-08-14,15.510000228881836,,,,,,,,,,,,,,,,,,,,5.267475672032587,,,,,,,,-0.6603819732881889,0,0.25,,,,0.05,,0.04,0.06,,,0.02,5,0.3,,,,,,,,,,,,,,,,,,,,,,,0.339029,2026-07-01,,,,,,0.027242514432957554,0.10090098618707888,0.048338058328158295,0.11500621194739447,15.35499997138977,15.065455226898193,14.646845541000367,0.0068381678249980204,0.026188708227306012,0.05551738050834043,0.05551738050834043,,,0.12427628875537167,0.13755308705888208,-0.013276798303510418,25.906715262976835,65.78945387103818,70.46781883584383,0.6458222199643274,0.046893867249249335,15.361291845823645,15.148101622461036,15.583333333333334,,0.006384747223788389,0.020174541715157753,0.00797757405446578,,1.2494737496799893,,,,,,,,,,,,,,,,,,,15.59000015258789,13.604511372946222,-0.008338685899200504,0.13638774773569273,59.41281257067923,0.12100746575305471,0.007827132306240188,0.09965232026799074,0.10159068005837343,0.0,66108.3,1015092.9446086264,0.5846121422728379,0.23076923076923078,,,,,,,,0.711340206185567,0.6455479452054795,0.5008532423208191,0.7027491408934707,7.03,,,63.17,
FAIR,Betashares Australian Sustainability Leaders ETF,Unknown,,Spotlight ETP List,AUD,2026-08-14,19.170000076293945,,,,,,,,,,,,,,,,,,,,6.510477597976217,,,,,,,,-0.660381973288189,0,0.25,,,,0.05,,0.04,0.06,,,0.02,5,0.3,,,,,,,,,,,,,,,,,,,,,,,0.292719,2026-07-01,,,,,,0.04148709482328505,0.10465606397497718,0.05366290375084515,-0.116332073668589,18.941499996185303,18.69279968261719,18.86684133529663,0.020510515407913488,0.034088004574371666,0.02454881451422053,0.02454881451422053,,,0.22281095336038348,0.19931132087475464,0.023499632485628835,30.37059362218282,84.2104910923425,80.18523444410984,0.7385832687757053,0.08596795371764145,19.079999923706055,18.880873435489136,19.51291328454021,19.82949235142462,0.012933264406969984,0.02323468649713321,0.009462667436942612,0.025840270547854153,0.7316534433366257,,,,,,,,,,,,,,,,,,,22.243680953979492,17.272171599478305,-0.1309891576084743,0.11914126213810339,61.507302372660654,0.2124156380504165,0.010988910444325081,0.15086814668802853,0.1228605716858346,0.0,44392.55,840861.485655656,0.7227739203802696,0.23076923076923078,,,,,,,,0.429553264604811,0.4503424657534246,0.5008532423208191,0.6735395189003437,6.74,,,45.61,
FANG,Global X FANG+ ETF,Unknown,,Spotlight ETP List,AUD,2026-08-14,36.0,,,,,,,,,,,,,,,,,,,,12.226248961625197,,,,,,,,-0.660381973288189,0,0.25,,,,0.05,,0.04,0.06,,,0.02,5,0.3,,,,,,,,,,,,,,,,,,,,,,,2.35848,2026-07-02,,,,,,0.043453415599058465,0.11349799737483113,0.3276466767157913,0.12116626293809185,34.57549991607666,34.09984642028809,32.05989037513733,0.05566080284000474,0.07038605248039809,0.13849422355810703,0.13849422355810703,,,0.6971195722853452,0.4773276965177542,0.21979187576759096,22.97671109999925,97.59619043776404,90.55979356036438,0.8464465846239875,0.16066200479481,36.039794921875,35.5680452405595,,,0.012608358304794521,0.02553300710795893,,,,,,,,,,,,,,,,,,,,,,36.599998474121094,26.15640806616581,-0.0027321988603852265,0.39545154318088405,66.00305028788577,0.5459843899744841,0.014958476437657098,0.24522498190862155,0.25761883805713315,0.0,132879.4,4594371.683548316,0.69452119575555,0.23076923076923078,,,,,,,,0.17525773195876293,0.30308219178082196,0.5008532423208191,0.9123711340206185,9.12,,,30.49,
FASI,Fidelity Asia Active ETF,Unknown,,Spotlight ETP List,AUD,2026-08-14,11.399999618530273,,,,,,,,,,,,,,,,,,,,3.871645374960651,,,,,,,,-0.6603819732881889,0,0.25,,,,0.05,,0.04,0.06,,,0.02,5,0.3,,,,,,,,,,,,,,,,,,,,,,,0.761512,2026-07-01,,,,,,-0.004409187836161732,0.035738254725288465,0.015618327146444289,0.042924711684083405,11.153500032424926,11.300072250366211,11.097004070281983,0.012238304481218876,-0.0008913472666387534,0.017391711343775373,0.017391711343775373,,,0.02550621702562772,-0.011722515982233584,0.0372287330078613,12.29260526777937,73.13428586882567,83.52174190327108,0.6820349108290755,0.06723053520602024,11.222787478516471,11.106991549465931,11.34087405895912,11.451747400085583,0.005953275780660373,0.01620977971704607,0.004506120219485138,0.014326611052176523,0.7569144090592242,,,,,,,,,,,,,,,,,,,11.869999885559082,9.952165430959912,-0.048862673066381146,0.13442647634566884,51.52364103242024,0.18168823435491105,0.016092846321417574,0.20055875739823095,0.2301965717893537,0.0,20678.75,230640.43879550693,0.8366328279870755,0.23076923076923078,,,,,,,,0.26975945017182135,0.2585616438356164,0.5008532423208191,0.4175257731958763,4.18,,,33.63,
FCAP,Fidelity Global Leaders Active ETF,Unknown,,Spotlight ETP List,AUD,2026-08-14,12.109999656677246,,,,,,,,,,,,,,,,,,,,4.1127741868814365,,,,,,,,-0.6603819732881889,0,0.25,,,,0.05,,0.04,0.06,,,0.02,5,0.3,,,,,,,,,,,,,,,,,,,,,,,0.267255,2026-07-01,,,,,,0.03220339900835656,0.09501331121756129,0.14643662872127305,0.05243460753976148,11.797499942779542,11.854875297546387,11.3212224817276,0.03242215420652261,0.0274254262039082,0.0758555734448505,0.0758555734448505,,,0.08060325771631405,0.032827614584712395,0.04777564313160165,17.534659528561594,100.0,98.71792050275708,1.037943552565336,0.0602705507890342,12.086767880468884,11.871544032257063,12.210000038146973,,0.007654550276758151,0.02532481651807863,0.0024630322019321537,,0.32177360039175223,,,,,,,,,,,,,,,,,,,12.210000038146973,9.968770323853404,-0.0024569805796449407,0.22181572144673822,69.49848300922334,0.08032622513738705,0.006594928006960159,0.0935999212793556,0.12673721499227708,0.0,2665.3,31443.876597490314,0.6185954595668262,0.23076923076923078,,,,,,,,0.7439862542955327,0.7294520547945205,0.5008532423208191,0.17010309278350516,1.7,,,66.74,
FEIF,Western Asset Enhanced Income Fund - Active ETF,Unknown,,Spotlight ETP List,AUD,2026-08-14,1.125,,,,,,,,,,,,,,,,,,,,0.3820702800507874,,,,,,,,-0.660381973288189,0,0.25,,,,0.05,,0.04,0.06,,,0.02,5,0.3,,,,,,,,,,,,,,,,,,,,,,,0.024764,2026-06-30,,,,,,-0.010420944063291526,,,,1.1309235095977783,,,-0.005237763250571237,,,,,,-0.0009595617091171516,0.00047071544175970073,-0.0014302771508768522,66.46633088655383,0.0,0.0,0.24999999999997188,0.020951053002282696,1.1072736978530884,,1.1368470191955566,,0.015756713019476995,,0.010530683729383681,,0.668329982044264,,,,,,,,,,,,,,,,,,,1.1368470191955566,1.1036640405654907,-0.010420944063291526,0.019331933133906576,33.76456274650678,0.0006390424939883296,0.0005680377724340707,0.03605405691164176,,0.0,28.7,32.45750472545624,-0.04182915996347061,0.23076923076923078,,,,,,,,0.915807560137457,0.9811643835616438,0.5008532423208191,0.00859106529209622,0.09,,,80.77,
FEMX,Fidelity Global Emerging Markets Active ETF,Unknown,,Spotlight ETP List,AUD,2026-08-14,7.429999828338623,,,,,,,,,,,,,,,,,,,,2.523361880169458,,,,,,,,-0.6603819732881888,0,0.25,,,,0.05,,0.04,0.06,,,0.02,5,0.3,,,,,,,,,,,,,,,,,,,,,,,0.699701,2026-07-01,,,,,,0.017832663253934067,0.05693828714501237,0.07658916556471174,0.19921836286230987,7.313999986648559,7.367886238098144,6.91036936044693,0.014492765906328309,0.007073105706536076,0.07374869406605122,0.07374869406605122,,,0.029549857563050175,0.01351343182459079,0.016036425738459384,13.787041055999374,80.00002384185223,78.3333194255862,0.7307930084051182,0.06279551536885696,7.342602803104633,7.094782465297087,7.515000104904175,7.5694520819241635,0.010430899244406737,0.043829866260499374,0.012803238225528294,0.020141779527428894,1.2274337931500636,,,,,,,,,,,,,,,,,,,8.260000228881836,5.775482444396825,-0.10169493090941506,0.2847411705826539,54.005628925690885,0.11482448335782516,0.01547499759800223,0.18588294920078913,0.20834130195793193,0.0,35259.4,257887.25112923622,0.8602283495855185,0.23076923076923078,,,,,,,,0.3127147766323024,0.2808219178082192,0.5008532423208191,0.43986254295532645,4.4,,,36.12,
FGG,Future Generation Global Limited,Unknown,,Spotlight LIC List,AUD,2026-08-14,1.659999966621399,681585472.0,402115341.0,697451008.0,0.0,-697451008.0,701575000.0,,,,639363392.19,1.59,,,3.4864317560625397,1.5877581477867242,,2.789145404850032,1.6652789342214822,3.401639909198696,0.5637659130056318,Undervalued,1.10026013624475,-0.04351916884776127,,0.6802081089958002,0.0031801010278497636,1.0491807093960732,-0.6603819732881889,3,0.25,2.6148238170469047,69531376.0,-0.595,-0.1,0.634,0.04,0.06,0.07804,0.07804,0.02,5,0.3,0.10201416969169202,,,1.0660378,,,0.06802,0.076519996,1.0,0.98603,0.63323003,,22.19,22.189,0.10175,0.13182999,,0.08,0.0496,0.64169997,0.0483,2026-11-05,0.03,2026-06-11,0.0481927720533779,-0.02837153118189712,-0.1,,-17789772.0,-0.01764711162210597,0.039591984092559374,0.10131806207297211,0.14385638448797655,1.6807499945163726,1.6936965107917785,1.5675572568178178,-0.006395976478827947,-0.013991027055989536,0.06535180761103376,0.06535180761103376,,,-0.004262390178540132,-0.0017947050681331059,-0.0024676851104070262,9.702057875167295,18.18177877383641,9.090889386918205,0.2692834836173997,0.027722230636585136,1.6649999618530273,1.6456996820684728,1.6799999475479126,1.7008775856152436,0.002994009197675062,0.014551063257872345,0.005988018395350124,0.01848959839764989,2.0,,,,,,,,,,,,,,,,,,,1.8049999475479126,1.4203922868040308,-0.07479224065721102,0.1757315022051107,45.53792224078274,0.024478279802907746,0.014657652953261059,0.11697516097717077,0.15908829950889275,0.0,273175.35,459139.46801450814,0.48304620184267344,1.0,0.6666666666666666,0.7653061224489796,0.6666666666666666,0.18181818181818177,0.5816326530612245,0.7272727272727273,,0.6134020618556701,0.3202054794520548,0.5008532423208191,0.5429553264604811,5.43,64.78,,50.63,
FGSE,Franklin Global Systematic Equity FD - Active ETF,Unknown,,Spotlight ETP List,AUD,2026-08-14,3.700000047683716,,,,,,,,,,,,,,,,,,,,1.2565867150279504,,,,,,,,-0.660381973288189,0,0.25,,,,0.05,,0.04,0.06,,,0.02,5,0.3,,,,,,,,,,,,,,,,,,,,,,,0.023438,2026-06-30,,,,,,0.030470951997488838,,,,3.6144999861717224,3.5714748334884643,,0.029188004659600697,0.041586515948284664,,,,,0.038816923227847244,0.027815219809778316,0.011001703418068928,36.45344088767057,100.0,100.0,0.9374767541658634,0.06671898422409551,3.6700000762939453,3.598333239555359,,,0.01344084729347808,0.03270612583847872,,,,,,,,,,,,,,,,,,,,,,3.7200000286102295,3.391079902648926,0.0,0.09699568733381048,77.41766266826586,0.014587028059138309,0.003921244071760918,0.13908993136082096,,0.0,6302.35,22779.843987849355,0.058457669814484706,0.23076923076923078,,,,,,,,0.4810996563573883,0.8407534246575342,0.5008532423208191,0.13917525773195877,1.39,,,57.69,
FGX,Future Generation Australia Limited,Unknown,,Spotlight LIC List,AUD,2026-08-14,1.3899999856948853,560929472.0,410937338.0,609158976.0,0.0,-609158976.0,,38173000.0,,,573668523.8479999,1.396,,,10.865772114216218,1.432105253290337,,8.692617691372975,2.176278563656148,3.432538896516621,0.4720690522711425,Undervalued,6.817102320892636,0.030291559732932443,,5.253681856714109,0.5656680475202942,1.4694524689513826,-0.6603819732881889,4,0.25,8.149329085662163,68324496.0,0.557,0.25,0.446,0.04,0.06,0.06676,0.06676,0.02,5,0.3,0.12180585868734671,,,0.9777937,,,0.08127,0.09435,1.0,1.08577,0.75141996,,18.676,18.676,0.17118,0.07232,,0.08,0.0557,0.55,0.0526,2026-11-09,0.036,2026-04-30,0.05755395742684602,0.03328469348017989,-0.1,,-48229532.0,0.007352934086817919,0.04182505334955433,0.023353149659656847,0.10311730366344896,1.364250010251999,1.3605000138282777,1.3164525318145752,0.004214765968966638,0.006982720208404958,0.04067558203559951,0.04067558203559951,,,0.006056889268432286,0.004218959810623872,0.0018379294578084139,30.404698736680004,46.666666666666664,59.44444444444445,0.6014723438273858,0.041536105405591266,1.3626923263303954,1.3481312657390305,1.3825362562110968,1.3957179312786732,0.0053340718339717945,0.01596258317753688,0.009150548466490492,0.018772209066269134,1.7154902954647533,,,,,,,,,,,,,,,,,,,1.409999966621399,1.2182339755511193,-0.028368767943217854,0.12457871990361657,51.5132949776552,0.02658563880488196,0.0194055757024445,0.18487040734473162,0.19307799818857174,0.0,281109.75,383503.9793194369,0.6140451166280665,1.0,0.8645833333333334,0.8367346938775511,0.8645833333333334,0.3232323232323232,0.673469387755102,0.8181818181818182,,0.31958762886597936,0.1678082191780822,0.5008532423208191,0.5137457044673539,5.14,80.21,,33.6,
FHCO,Fidelity Australian High Conviction Active ETF,Unknown,,Spotlight ETP List,AUD,2026-08-14,6.449999809265137,,,,,,,,,,,,,,,,,,,,2.1905362075141834,,,,,,,,-0.6603819732881889,0,0.25,,,,0.05,,0.04,0.06,,,0.02,5,0.3,,,,,,,,,,,,,,,,,,,,,,,1.830702,2026-07-01,,,,,,0.017543880996655048,0.05758429974817636,0.020999588084768206,-0.0578532625132302,6.344500017166138,6.282935457229614,6.239666645526886,0.005595412905465835,0.015448934319325813,0.022490539460891634,0.022490539460891634,,,0.06131778271885402,0.05663683690701335,0.00468094581184067,50.45987534489782,37.14289996089934,54.39154118347309,0.5709780242372441,0.07883303269703927,6.323964543037005,6.265908117882219,6.4100444224376245,6.547219573250822,0.008783004764698746,0.01788275776052972,0.004709139099966825,0.026209946051788995,0.5361649260278349,,,,,,,,,,,,,,,,,,,8.1899995803833,5.7859053002690874,-0.22100116711577078,0.10267966434642495,52.668332275458084,0.08505824603506072,0.013332013245976942,0.13074885896648747,0.15023413874435773,0.0,5152.45,32689.719113447667,0.9170713604258369,0.23076923076923078,,,,,,,,0.5274914089347079,0.36986301369863017,0.5008532423208191,0.1718213058419244,1.72,,,48.01,
FHNG,FANG+ (Currency Hedged) ETF,Unknown,,Spotlight ETP List,AUD,2026-08-14,13.149999618530273,,,,,,,,,,,,,,,,,,,,4.465976921706319,,,,,,,,-0.660381973288189,0,0.25,,,,0.05,,0.04,0.06,,,0.02,5,0.3,,,,,,,,,,,,,,,,,,,,,,,1.251232,2026-07-02,,,,,,0.05770755082405765,0.09562157353405598,0.3079588055745919,0.20259839379220312,12.605499982833862,12.397753849029542,11.580295901298523,0.06144144481867175,0.07922775991299935,0.15541090041927075,0.15541090041927075,,,0.28628407244388754,0.19650675353171515,0.08977731891217239,22.00275323497663,84.02064262915285,77.31960435288512,0.8451241474218841,0.1780270817838922,12.93181446256881,12.720000267028809,13.6899995803833,14.484503280184054,0.0334966852046874,0.04932734243400919,0.023168868706346504,0.08254881586667964,0.6916764618579136,,,,,,,,,,,,,,,,,,,14.484503280184054,9.378715305960958,-0.07625412790331465,0.426634637895108,63.577932237160525,0.3101361493864548,0.02317908421030038,0.29874531979232943,0.34847736534577706,0.0,226748.8,2858281.9945075987,0.9935013037744168,0.23076923076923078,,,,,,,,0.12371134020618557,0.0976027397260274,0.5008532423208191,0.8539518900343642,8.54,,,23.03,
FIIN,Fidelity India Active ETF,Unknown,,Spotlight ETP List,AUD,2026-08-14,7.96999979019165,,,,,,,,,,,,,,,,,,,,2.706755601638436,,,,,,,,-0.6603819732881889,0,0.25,,,,0.05,,0.04,0.06,,,0.02,5,0.3,,,,,,,,,,,,,,,,,,,,,,,0.005586,2026-07-01,,,,,,0.0258731964775738,0.10217022040866097,-0.0345955067724657,-0.15578452869332005,7.836999940872192,7.7865478134155275,8.137770113945008,0.011866771490122163,0.018423057092892936,-0.025531599282995976,-0.025531599282995976,,,0.05144377846527082,0.049444977200273396,0.0019988012649974213,16.75061207681788,74.999888241351,76.49836462978153,0.6695634236333317,0.06998426450614216,7.800000190734863,7.743008901098055,8.007592536390685,8.204180176982797,0.01639339727842029,0.02358019310067794,0.009784704884201556,0.03457507623951822,0.5968686488847438,,,,,,,,,,,,,,,,,,,9.723102384083658,7.104959774229135,-0.18441671031668605,0.11612170657208298,55.192050666391964,0.078667495224309,0.009920239208982462,0.15235147352704012,0.14607889092943815,0.0,5274.85,41338.999138109684,0.3327094131343416,0.23076923076923078,,,,,,,,0.4226804123711341,0.5102739726027397,0.5008532423208191,0.18900343642611683,1.89,,,46.8,
FIRE,Firetrail Alpha Plus Fund – Complex ETF,Unknown,,Spotlight ETP List,AUD,2026-08-14,11.640000343322754,,,,,,,,,,,,,,,,,,,,3.9531539475240773,,,,,,,,-0.6603819732881889,0,0.25,,,,0.05,,0.04,0.06,,,0.02,5,0.3,,,,,,,,,,,,,,,,,,,,,,,0.368489,2026-06-30,,,,,,0.03873867898412886,0.07892550448576552,,,11.221000003814698,11.160019569396972,,0.02753762846907093,0.033152286272757125,,,,,0.1538367769115947,0.10223847357959295,0.051598303332001744,17.010367970024518,81.42855001955033,92.85715907609824,0.7593082446888634,0.10619650178154816,11.422226905822754,11.306069374084473,11.644999980926514,,0.009347166491274955,0.01942154068281263,0.009974002655565336,,1.0670616239558262,,,,,,,,,,,,,,,,,,,11.65999984741211,10.067047391371903,-0.011149238091094027,0.14532089546465543,60.023706913535364,0.1213039203591607,0.010520721870641502,0.1559741083082801,0.2314255782463042,0.0,5277.4,59217.705420131686,1.1759088275507994,0.23076923076923078,,,,,,,,0.40378006872852235,0.48630136986301364,0.5008532423208191,0.23539518900343642,2.35,,,45.35,
FLOT,VanEck Australian Floating Rate ETF,Unknown,,Spotlight ETP List,AUD,2026-08-14,24.959999084472656,,,,,,,,,,,,,,,,,,,,8.476865635797214,,,,,,,,-0.6603819732881889,0,0.25,,,,0.05,,0.04,0.06,,,0.02,5,0.3,,,,,,,,,,,,,,,,,,,,,,,0.1,2026-08-03,,,,,,0.0036109067445118104,0.013712384578312031,0.022279678973093686,0.04503098499986269,24.930031871795656,24.85975357055664,24.51513524055481,0.001603184535197144,0.004434707789236603,0.01855441825371673,0.01855441825371673,,,0.03282995714208781,0.033410432445353966,-0.0005804753032661591,85.91158092333248,87.48717214386292,87.48718993595848,0.8392234631056223,0.004726042593044453,24.7626904489496,24.4633395002419,,,0.008302317585328105,0.02029074197217214,,,,,,,,,,,,,,,,,,,,,,24.979999542236328,23.85578155517578,-0.00040032942614465217,0.04670640346037924,64.07025438424884,0.02309520053949673,0.0009249179485217254,0.010898363134729784,0.010794021690871068,0.0,76581.45,1909177.9892883254,0.013115538649537494,0.23076923076923078,,,,,,,,0.9690721649484536,0.9623287671232876,0.5008532423208191,0.7972508591065293,7.97,,,82.69,
FOOD,Betashares Global Agriculture Companies ETF,Unknown,,Spotlight ETP List,AUD,2026-08-14,7.929999828338623,,,,,,,,,,,,,,,,,,,,2.693170893525364,,,,,,,,-0.6603819732881888,0,0.25,,,,0.05,,0.04,0.06,,,0.02,5,0.3,,,,,,,,,,,,,,,,,,,,,,,0.317072,2026-07-01,,,,,,-0.008739097335974555,-0.01814071271503881,-0.02046735051370885,0.18494311110111683,8.043499994277955,7.890623445510864,7.696154797077179,-0.012867524974342515,0.0062576312316215965,0.03168403788290308,0.03168403788290308,,,-0.006507472887300025,0.016935386329562176,-0.0234428592168622,15.425625047836819,19.64286626601022,18.45236371975847,0.29271977453757936,0.062077918651605606,7.909021755290084,7.833495081119711,7.960000038146973,8.026672413979567,0.0039015493333912662,0.013413724853048923,0.0025188892673024777,0.010915913870843081,0.6456125636409763,,,,,,,,,,,,,,,,,,,8.566905721641628,6.472632807193472,-0.07317760750389568,0.22670330509034953,48.02491093920529,0.11841481880545911,0.014913705031749378,0.2017841496625544,0.16884093118593188,0.0,21350.6,171733.5509778309,0.5191957821472768,0.23076923076923078,,,,,,,,0.26116838487972505,0.30650684931506844,0.5008532423208191,0.3642611683848797,3.64,,,34.44,
FPC,Fat Prophets Global Contrarian Fund Ltd,Unknown,,Spotlight LIC List,AUD,2026-08-14,1.3799999952316284,42185808.0,31958945.0,,,0.0,,,,,,,,,,,,,,,0.46867287524287427,,,,,,,,-0.6603819732881889,0,0.25,,,,0.05,,0.04,0.06,,,0.02,5,0.3,,,,,,,,,0.0,0.0,0.0,,,,0.23561001,0.0,,0.02,0.015,0.0,,2026-03-24,0.019859,2026-03-23,0.014492753673265822,-0.03381642178227849,,,42185808.0,0.05747130321701577,-0.061224511310852936,-0.1464286427930518,0.14401356655125674,1.3024999856948853,1.3190999913215637,1.423537762761116,0.05950096766826207,0.046167844978189265,-0.030584202729572185,-0.030584202729572185,,,0.009742757460958318,-0.0035032213762537148,0.013245978837212033,22.291015994858114,100.0,100.0,1.0679522590698471,0.10476403028259548,1.3554956675511711,1.3296179716433478,1.3801410129010756,1.399999976158142,0.01775675925009284,0.03650871287128094,0.0001021867173438041,0.01449273985189887,0.005754806713576962,,,,,,,,,,,,,,,,,,,1.7251762838556173,1.1492897272109985,-0.2000817492416197,0.20074160810651165,69.18939750859253,0.01957624263252773,0.014185683116065462,0.2572807810214439,0.2666353005445338,0.0,7849.45,10223.908512712718,0.7837213490263756,0.38461538461538464,,,,,,0.23106060606060605,,0.16666666666666663,0.33390410958904104,0.5008532423208191,0.09106529209621993,0.91,,,30.87,
FRAR,Franklin Australian Absolute Return Bond Fund – Active ETF,Unknown,,Spotlight ETP List,AUD,2026-08-14,1.0449999570846558,,,,,,,,,,,,,,,,,,,,0.35490082333901807,,,,,,,,-0.6603819732881889,0,0.25,,,,0.05,,0.04,0.06,,,0.02,5,0.3,,,,,,,,,,,,,,,,,,,,,,,0.002593,2026-08-03,,,,,,0.007330499447790739,0.009454737319553264,0.020885784366326376,0.02850454696248672,1.0407090187072754,1.0369426894187928,1.0246742498874664,-0.0006813209470681869,0.002948352368391971,0.014956667416248681,0.014956667416248681,,,0.0022530782932197457,0.002251305955310143,1.7723379096027878e-06,17.989708481197138,60.217205728919666,86.73906857630656,0.45637245285198463,0.015616760317894312,1.035469889640808,1.0251724711136228,1.0438212998294514,,0.004355838825366638,0.014257203156993971,0.0036743635736441152,,0.8435490202819519,,,,,,,,,,,,,,,,,,,1.0449999570846558,1.003485350239686,-0.004784684628674429,0.03638778742970139,50.10121340395041,0.004837373960998254,0.004651321286953923,0.059296248392257,0.060195175585104406,0.0,6397.85,6658.300195336342,0.012456644750885152,0.23076923076923078,,,,,,,,0.8470790378006873,0.8047945205479452,0.5008532423208191,0.058419243986254296,0.58,,,73.26,
FRGG,Franklin Global Growth Fund – Active ETF,Unknown,,Spotlight ETP List,AUD,2026-08-14,1.565000057220459,,,,,,,,,,,,,,,,,,,,0.5315022312370837,,,,,,,,-0.6603819732881888,0,0.25,,,,0.05,,0.04,0.06,,,0.02,5,0.3,,,,,,,,,,,,,,,,,,,,,,,0.37214,2026-07-01,,,,,,0.0032052016822570195,0.07067783915119397,0.05601096280747231,-0.0880733955150581,1.5402499735355377,1.566278841495514,1.5462580120563507,0.01606887460488582,-0.0008164473918539361,0.012120904155693557,0.012120904155693557,,,-0.0013135649199969013,-0.006169608632702035,0.004856043712705134,23.601663238130993,100.0,100.0,0.8657558797351199,0.043933332299464035,1.5643560895159156,1.534999966621399,1.5855286518732707,1.6077449130816275,0.0004114809463247329,0.01916938626337315,0.013117312397593051,0.02731300594140943,31.87829841151653,,,,,,,,,,,,,,,,,,,1.7239832833214446,1.3561242818832397,-0.09221854274287788,0.15402406558723003,55.85553347921192,0.00827667732010358,0.005288611512771119,0.14243574231011227,0.15958177463948253,0.0,2281.75,3514.465377114713,0.11907140976845611,0.23076923076923078,,,,,,,,0.4604810996563574,0.7825342465753424,0.5008532423208191,0.044673539518900345,0.45,,,55.31,
FSCF,First Sentier Active Cash Fund Active ETF,Unknown,,Spotlight ETP List,AUD,2026-08-14,100.4000015258789,,,,,,,,,,,,,,,,,,,,34.09765040008182,,,,,,,,-0.6603819732881889,0,0.25,,,,0.05,,0.04,0.06,,,0.02,5,0.3,,,,,,,,,,,,,,,,,,,,,,,0.312471,2026-07-31,,,,,,0.005324857808603589,0.013330445208810104,,,100.21734848022462,99.8840089416504,,0.0018225691302373725,0.005165917845067147,,,,,0.16168872888732722,0.16317930946423523,-0.0014905805769080127,55.88271091703132,100.0,100.0,0.7461422671602836,0.0074045353984266045,100.29089041317211,99.36610440854673,,,0.0010867640542682132,0.010297779896603671,,,,,,,,,,,,,,,,,,,,,,100.4000015258789,98.98025512695312,0.0,0.014343733475982612,84.9993117581091,0.026988612348323227,0.00026881087587799185,0.011127237945050166,0.018066175840308604,0.0,132.3,13258.755203933717,-0.003522509191108516,0.23076923076923078,,,,,,,,0.9673539518900344,0.9931506849315068,0.5008532423208191,0.10652920962199312,1.07,,,83.39,
FSI,Flagship Investments Limited,Unknown,,Spotlight LIC List,AUD,2026-08-14,1.399999976158142,35036592.0,25857263.0,2129000.0,19659000.0,17530000.0,,24065000.0,,,51792097.789000005,2.003,,,-2.7958047635014798,1.8618325129145767,,-2.236643810801184,2.593360995850623,-0.36593353796269684,0.4754652292994108,Overvalued,-2.9970034365098224,0.3298803890152829,,-2.597602749207858,0.8524007428680702,-1.261381102996077,-0.6603819732881889,2,0.25,-2.09685357262611,-4571375.0,-0.162,-0.1,0.476,0.04,0.06,0.06856,0.06856,0.02,5,0.3,-0.13047430526347997,,,0.6764853,,,0.01071,-0.00675,1.0,0.56564,-0.27917,37.955,3.148,3.148,0.67287004,0.01687,,0.1,0.0753,2.3125,0.0529,2026-02-11,0.051,2026-02-10,0.07142857264499278,-0.05141337788854221,,,52566592.0,0.13743405714980828,0.15548848250407743,-0.11762694069200019,-0.3054911027078633,1.2629016637802124,1.2282795190811158,1.4754593461751937,0.10855818494019287,0.1398056829975407,-0.051142967925658867,-0.051142967925658867,,,0.03545689406536945,0.017352776543883817,0.018104117521485632,25.559959086917118,100.0,92.15686956325588,1.1014789601894919,0.1804854236397437,1.3053641261682698,1.2837283611297607,1.4231594976574158,1.4423913955688477,0.06759703685822231,0.0830511550060537,0.01654251563834143,0.03027958580901939,0.2447224968312978,,,,,,,,,,,,,,,,,,,2.0811402007359,1.125065143170654,-0.3272918491204503,0.2443723678192251,78.00850467167706,0.021711383049070054,0.01550813101343765,0.3320952779620222,0.3281047587041009,0.0,7647.25,9657.72474834323,-0.0634397754502811,1.0,0.0625,0.05102040816326531,0.0625,0.797979797979798,0.1326530612244898,0.03787878787878788,,0.08762886597938147,0.2773972602739726,0.5008532423208191,0.08762886597938144,0.88,13.26,,25.9,
FSML,Firetrail Australian Small Companies Fund – Active ETF,Unknown,,Spotlight ETP List,AUD,2026-08-14,2.109999895095825,,,,,,,,,,,,,,,,,,,,0.7165940007345725,,,,,,,,-0.6603819732881889,0,0.25,,,,0.05,,0.04,0.06,,,0.02,5,0.3,,,,,,,,,,,,,,,,,,,,,,,0.116249,2026-07-01,,,,,,0.04999995231628418,0.0670425205160694,0.013446751127868861,0.11999624635030037,2.033249968290329,2.0335169982910157,2.0702623426914215,0.03282918351567288,0.03269355820355835,0.01436415150288961,0.01436415150288961,,,0.02789441043772012,0.016532718371548686,0.011361692066171433,22.237226821045013,83.783675807546,85.5854752872782,0.7648246606042098,0.12396573431179604,2.0822108383509264,2.063993597067036,2.101312226896118,2.12827350113345,0.008470984328332393,0.01714586152413779,0.0006249153919743711,0.013463617992796304,0.07377128415693723,,,,,,,,,,,,,,,,,,,2.2992198483293955,1.846668620837404,-0.08664675709092351,0.13718286049626327,61.226768506233014,0.031272926677518284,0.014891870522722728,0.17846486997944133,0.20784917900478497,0.0,438866.2,892324.6872336972,1.3512708057452902,0.23076923076923078,,,,,,,,0.33161512027491413,0.3082191780821918,0.5008532423208191,0.6838487972508591,6.84,,,37.65,
FSUB,Vaneck Australian Fixed Rate Subordinated Debt ETF,Unknown,,Spotlight ETP List,AUD,2026-08-14,24.920000076293945,,,,,,,,,,,,,,,,,,,,8.46328125156913,,,,,,,,-0.660381973288189,0,0.25,,,,0.05,,0.04,0.06,,,0.02,5,0.3,,,,,,,,,,,,,,,,,,,,,,,0.12,2026-08-03,,,,,,0.0012009355623538998,0.026428864682742637,0.011388323051536586,,24.86969623565674,24.862291717529295,,0.0024248012097782823,0.0027233445901024833,,,,,0.01832826733553361,0.017619421218785677,0.0007088461167479333,22.35285744360237,74.92107025544536,70.89597659798875,0.7658967148630171,0.009119334968194634,24.927903764230038,24.647976585944264,27.69037126977733,,8.40971087075325e-05,0.011312623978306407,0.11072486685964705,,1316.6310775881589,,,,,,,,,,,,,,,,,,,27.69037126977733,24.0536623504522,-0.09968703336290607,0.03643262061118557,55.77884575705058,0.05047666791858095,0.0020247359526947683,0.034605079067757574,0.030194159418662846,0.0,23373.6,581294.3319337463,0.12208040784291663,0.23076923076923078,,,,,,,,0.9243986254295533,0.934931506849315,0.5008532423208191,0.5979381443298969,5.98,,,80.0,
FUEL,Betashares Global Energy Companies Currency Hedged ETF,Unknown,,Spotlight ETP List,AUD,2026-08-14,8.630000114440918,,,,,,,,,,,,,,,,,,,,2.9309036093891287,,,,,,,,-0.6603819732881889,0,0.25,,,,0.05,,0.04,0.06,,,0.02,5,0.3,,,,,,,,,,,,,,,,,,,,,,,0.273943,2026-07-01,,,,,,0.06642065857955548,0.002494560310312588,0.14297140752891213,0.43274027936622605,8.469500017166137,8.184224166870116,7.649148769378662,0.023673187168242737,0.05935515688710713,0.13345946558158084,0.13345946558158084,,,0.11104457875302742,0.0978220607221703,0.013222518030857125,21.90042785482569,92.85720773293491,90.119067257493,0.9520581048691583,0.0523675760112619,8.644213405703034,8.570729462210455,8.745057330334179,8.841687553223863,0.0029742411031135293,0.011449897717408605,0.008657122650489896,0.019802476980289394,2.910699687872428,,,,,,,,,,,,,,,,,,,8.861013789241907,5.984633318563973,-0.02155664323419404,0.44871032439032255,63.7753339775371,0.11121386623285728,0.01282743543877758,0.17836698889751543,0.1943861887196494,0.0,199758.65,1691855.8896040842,-0.16181436900425128,0.23076923076923078,,,,,,,,0.33333333333333337,0.38869863013698636,0.5008532423208191,0.7903780068728522,7.9,,,39.74,
FUTR,Janus Henderson Global Sustainable Active ETF,Unknown,,Spotlight ETP List,AUD,2026-08-14,37.11000061035156,,,,,,,,,,,,,,,,,,,,12.6032251785617,,,,,,,,-0.6603819732881889,0,0.25,,,,0.05,,0.04,0.06,,,0.02,5,0.3,,,,,,,,,,,,,,,,,,,,,,,4.670827,2026-06-30,,,,,,0.03914993265074851,0.10470437193786464,0.14352406680830887,0.08640705149009054,36.084249877929686,35.908538360595706,33.957966270446775,0.02981217492733279,0.034851362487917203,0.09429403255377,0.09429403255377,,,0.3858744936538514,0.2675682998703539,0.11830619378349749,37.895357215410456,99.42866734095982,99.43075969153585,0.886204210988356,0.07719277542582653,36.68000030517578,36.31999969482422,40.689998626708984,,0.012917102911930076,0.022604955759879794,0.09499458540882397,,7.354171137019288,,,,,,,,,,,,,,,,,,,40.689998626708984,30.504316131024137,-0.08675347501682584,0.21818826187743534,67.42351257188494,0.2888958623415759,0.007774377382342619,0.10530234241694952,0.3794757610848491,0.0,2597.3,93721.62220794678,0.25192103460147813,0.23076923076923078,,,,,,,,0.6649484536082475,0.6506849315068493,0.5008532423208191,0.29553264604810997,2.96,,,61.22,
G200,Betashares Wealthbuilder Aus200 Geared Complex ETF,Unknown,,Spotlight ETP List,AUD,2026-08-14,32.869998931884766,,,,,,,,,,,,,,,,,,,,11.163244175266044,,,,,,,,-0.6603819732881888,0,0.25,,,,0.05,,0.04,0.06,,,0.02,5,0.3,,,,,,,,,,,,,,,,,,,,,,,0.122105,2026-07-01,,,,,,0.045747362340926356,0.10619718903099651,0.03983946095286539,0.05588467009288811,32.04700002670288,31.278559303283693,30.576713809967043,0.01288729233393604,0.03777155366183793,0.06159214120294787,0.06159214120294787,,,0.5472082055236669,0.5220503485944179,0.02515785692924899,20.02117652753307,58.0085954562156,72.4383364188139,0.6108642637188317,0.11624388149656643,32.25620621293466,31.966541004412683,32.73036193847656,33.43000030517578,0.006278277180712677,0.015202036166908597,0.008329108491356525,0.02988297128964271,1.3266551080197846,,,,,,,,,,,,,,,,,,,33.43000030517578,27.959257932214065,-0.0290158902736517,0.16097498593025716,56.87753562286577,0.4138712601490635,0.012750193216950525,0.16593946887163424,0.17529881257319838,0.0,2585.2,82847.90446903229,1.504710708920637,0.23076923076923078,,,,,,,,0.37285223367697595,0.39212328767123283,0.5008532423208191,0.2766323024054983,2.77,,,41.61,
GAME,Betashares Video Games and Esports ETF,Unknown,,Spotlight ETP List,AUD,2026-08-14,15.0600004196167,,,,,,,,,,,,,,,,,,,,5.11464762478927,,,,,,,,-0.6603819732881889,0,0.25,,,,0.05,,0.04,0.06,,,0.02,5,0.3,,,,,,,,,,,,,,,,,,,,,,,0.369602,2026-07-01,,,,,,0.08848316356278274,0.1585484869266922,0.071228614961109,-0.21273708208350617,14.58400011062622,14.025936431884766,15.45955976486206,0.06280854926121138,0.10509555460156572,0.002615872363316285,0.002615872363316285,,,0.38780558459375314,0.32186292145298084,0.0659426631407723,20.294111185405725,95.89038232541066,86.50850397543549,0.8335684145473395,0.1882928554444944,15.229999542236328,14.83937821045683,15.598911189109842,17.536563344713027,0.017419384371849797,0.04262076061568835,0.00638136703934463,0.13139118352987272,0.3663371163482157,,,,,,,,,,,,,,,,,,,20.808237594313304,12.882216335421612,-0.2551027000847008,0.20320910598127395,63.44261285937991,0.3189280429474286,0.020576002770801845,0.3670929002833805,0.28527475872469793,0.0,12533.85,182793.66978657246,0.42852447663537935,0.23076923076923078,,,,,,,,0.06529209621993126,0.14383561643835618,0.5008532423208191,0.37285223367697595,3.73,,,21.56,
GARP,Global X S&P World ex Australia GARP ETF,Unknown,,Spotlight ETP List,AUD,2026-08-14,12.6899995803833,,,,,,,,,,,,,,,,,,,,4.309752616463486,,,,,,,,-0.660381973288189,0,0.25,,,,0.05,,0.04,0.06,,,0.02,5,0.3,,,,,,,,,,,,,,,,,,,,,,,0.707647,2026-07-02,,,,,,0.027353189399867972,0.09090823177154927,0.09622535700163648,0.07694948188612116,12.442000007629394,12.35641752243042,11.997393369674683,0.026362357332675446,0.0334711039492217,0.06439791247004334,0.06439791247004334,,,0.12176384459935541,0.09080806688697338,0.030955777712382032,21.246825585399485,95.16133249861178,86.10054666249327,0.855295339140004,0.07419843276437536,12.717711546558622,12.544703097733967,12.965627412120309,,0.004094667919393872,0.01764270571288295,0.015319259776353683,,3.7412703735499435,,,,,,,,,,,,,,,,,,,12.970000267028809,11.024499858642136,-0.01542018543928314,0.15832923230102214,67.28490542640573,0.10126411948097816,0.007929844624196035,0.09897890946818098,0.09789922787464413,0.0,26561.35,330476.31690264697,0.4420251663088318,0.23076923076923078,,,,,,,,0.7164948453608248,0.6318493150684932,0.5008532423208191,0.4845360824742268,4.85,,,63.06,
GBND,Betashares Sustainability leaders Diversified Bond ETF - Currency Hedged,Unknown,,Spotlight ETP List,AUD,2026-08-14,20.18000030517578,,,,,,,,,,,,,,,,,,,,6.853491882687544,,,,,,,,-0.6603819732881889,0,0.25,,,,0.05,,0.04,0.06,,,0.02,5,0.3,,,,,,,,,,,,,,,,,,,,,,,0.226775,2026-07-01,,,,,,0.002476435648241182,0.015608940576057773,-0.005513932200451266,0.020409264197960075,20.165999984741212,20.2418013381958,20.153273859024047,0.003669532204351178,-8.900230999875358e-05,0.004303316309835381,0.004303316309835381,,,-0.001668233538904218,-0.011389626484032514,0.009721392945128296,9.821452901439953,78.26050901009229,63.47810184039747,0.8208770264514487,0.011435945555006358,20.162749243275986,19.92780358236313,20.335687681322327,20.5592576552362,0.0038167257270631137,0.015424713057582584,0.004727663601098759,0.015773611053771112,1.2386699855262044,,,,,,,,,,,,,,,,,,,20.59000015258789,19.71985985328267,-0.016998561382999156,0.026376451034914927,53.41333626329926,0.0745090574686976,0.0036812775845491683,0.04509144072792162,0.04387099682279824,0.0,18193.5,366890.12072238926,0.16019617607619388,0.23076923076923078,,,,,,,,0.8831615120274914,0.851027397260274,0.5008532423208191,0.49828178694158076,4.98,,,76.04,
GC1,Glennon Small Companies Limited,Unknown,,Spotlight LIC List,AUD,2026-08-14,0.41999998688697815,19965060.0,48695268.0,,,0.0,,,,,,,,,,,,,,,0.14263956676554204,,,,,,,,-0.660381973288189,0,0.25,,,,0.05,,0.04,0.06,,,0.02,5,0.3,,,,,,,,,0.0,0.0,0.0,,,,0.31257,0.143,,0.03,0.0732,0.33220002,0.056799999999999996,2026-03-13,0.01,2026-03-12,0.07142857365867725,-0.024199813406048556,,,19965060.0,0.012048181523292234,0.07692308280124727,-0.06547322182693593,-0.18713156531984,0.40224999487400054,0.3976999944448471,0.42977269902825355,0.04412676753056899,0.05607239817355247,-0.02273925766660423,-0.02273925766660423,,,0.00496633042037814,0.0032018709405071118,0.0017644594798710282,19.39373563094569,79.99996423722166,81.90474211764784,0.8608944641347553,0.12227055806013258,0.41499999165534973,0.41025860607624054,0.42500001192092896,0.42988505959510803,0.011904750923180184,0.023193764559233217,0.011904821881092846,0.02353588813513452,1.0000059604701619,,,,,,,,,,,,,,,,,,,0.5354774217400368,0.3700000047683716,-0.21565322862318648,0.13513508506549265,61.4158901167606,0.0071322390302534355,0.016981522030791677,0.3063168969660937,0.35873603773498525,0.0,32516.6,13079.802183319925,0.23399229901230392,0.38461538461538464,,,,,,0.23106060606060605,,0.11340206185567014,0.23116438356164382,0.5008532423208191,0.10481099656357389,1.05,,,25.91,
GCAP,VanEck Bentham Global Capital Securities Active ETF,Unknown,,Spotlight ETP List,AUD,2026-08-14,8.880000114440918,,,,,,,,,,,,,,,,,,,,3.015808116067081,,,,,,,,-0.6603819732881889,0,0.25,,,,0.05,,0.04,0.06,,,0.02,5,0.3,,,,,,,,,,,,,,,,,,,,,,,0.045,2026-08-03,,,,,,0.005099203229301574,0.022308485159791447,0.0299556302403039,0.05935819801882425,8.869926118850708,8.81700273513794,8.650046348571777,0.003390501710679672,0.009413276357686629,0.02889617695514035,0.02889617695514035,,,0.022487543773502594,0.022681639511721537,-0.0001940957382189426,24.14039632423455,100.0,92.15241263915327,0.8254733328983334,0.010417141338392492,8.842440348094646,8.744784447945577,,,0.006467334034013403,0.017439907554774547,,,,,,,,,,,,,,,,,,,,,,8.899999618530273,8.316356014056051,0.0,0.0701802091550392,58.96896032712581,0.0283158990848894,0.0031815618312987554,0.03647520912815154,0.0462745103106842,0.0,12431.9,110270.03451694011,0.034846210150899976,0.23076923076923078,,,,,,,,0.9123711340206185,0.8818493150684932,0.5008532423208191,0.31099656357388317,3.11,,,78.13,
GCI,Gryphon Capital Income Trust,Unknown,,Spotlight LIC List,AUD,2026-08-14,2.069999933242798,1316417664.0,635950578.0,,,0.0,1059483000.0,,,,,,,,,,,,,,0.7030092926214997,,,,,,,,-0.6603819732881889,0,0.25,,,,0.05,,0.04,0.06,,,0.02,5,0.3,,,,,,,,,0.0,0.0,0.0,,,,0.05274,0.04463,,0.15,0.073699996,0.9907,0.0704,2026-07-30,0.01354,2026-07-30,0.0724637704528882,-0.01677375324568278,,,1316417664.0,0.004089631288618056,0.027457303447694148,0.036172318820779426,0.06411376477675046,2.0608792662620545,2.0532303142547605,1.9937364035844802,0.0019995305042195266,0.005732305277194483,0.03574376908996402,0.03574376908996402,,,0.0033270321072951248,0.0036281060367850905,-0.0003010739294899657,23.146765674523888,50.00039736467746,53.34467770009184,0.6354629820190615,0.014760715247934868,2.0493827157782265,2.022638541812505,2.074876537103186,,0.007562877002170066,0.02051405047657666,0.004782798842156495,,0.6324046841941413,,,,,,,,,,,,,,,,,,,2.0799999237060547,1.8780393441802736,-0.007211474536436335,0.09955100973765263,53.03936005730376,0.015465631493601658,0.007489409716733267,0.08225988806129363,0.06587232476045386,0.0,589468.15,1214822.6884568508,0.04282020817413123,0.38461538461538464,,,,,,0.23106060606060605,,0.7938144329896908,0.6660958904109588,0.5008532423208191,0.7285223367697594,7.29,,,67.4,
GCQF,GCQ Global Equities Complex ETF,Unknown,,Spotlight ETP List,AUD,2026-08-14,4.380000114440918,,,,,,,,,,,,,,,,,,,,1.4875269958639312,,,,,,,,-0.6603819732881889,0,0.25,,,,0.05,,0.04,0.06,,,0.02,5,0.3,,,,,,,,,,,,,,,,,,,,,,,0.049404,2026-01-01,,,,,,0.06904761310067009,0.11138609245400466,0.11138609245400466,-0.14442694750928542,4.261999988555909,4.1125999927520756,4.3697339570522304,0.0534959603881906,0.0917667118200669,0.027522456801251982,0.027522456801251982,,,0.08320970479051759,0.06678111277531587,0.01642859201520172,18.431509120671134,100.0,95.23812118842382,0.9795843694102845,0.11154650526657336,4.365000009536743,4.329999923706055,4.8221673890199,4.883634310608992,0.027839591971803523,0.03563471170785025,0.07397942869360435,0.08766916693913307,2.657346011699171,,,,,,,,,,,,,,,,,,,5.44597973353166,3.7200000286102295,-0.17553865588727646,0.2069891765015932,66.9285379156999,0.0681787428312984,0.01518457601487128,0.24403790815263798,0.2535840090308965,0.0,74867.05,319083.36624321464,0.2842943908368282,0.23076923076923078,,,,,,,,0.18213058419243988,0.2928082191780822,0.5008532423208191,0.4793814432989691,4.79,,,30.54,
GDF,Garda Property Group,Real Estate,,Spotlight A-REITS  List,AUD,2026-08-14,1.0750000476837158,219749968.0,200684899.0,20196000.0,161516992.0,141320992.0,599580000.0,,,,329925973.956,1.644,,,26.838386478018762,1.6514331342557054,,21.47070918241501,2.352326189231573,0.5297289440543571,0.3650893949094464,Undervalued,23.965939802372077,0.5362168009331907,,18.97275184189766,1.1882103115251856,-0.5072289111095809,-0.6603819732881888,4,0.25,20.12878985851407,111030248.0,0.226,0.226,0.471,0.04,0.06,0.06826,0.06826,0.02,5,0.3,0.5052571748269834,,,0.66605836,14.982,5.863698269781337,0.02722,0.07309,0.84573,0.62843,0.62022,48.952,15.813,2.322,0.4059,0.12911999,,0.09,0.082200006,0.77629995,0.0553,2026-06-29,0.0225,2026-06-29,0.0837209265189536,0.018502681361770183,-0.1,,361070976.0,0.023809615716916754,0.0761354370934959,-0.08157932741418927,-0.07330084077275134,1.0673750042915344,1.0473002183437348,1.0814678838849068,0.0071437342653930536,0.026448795536190506,-0.005980608668615162,-0.005980608668615162,,,0.012844803650800651,0.013463876968968634,-0.0006190733181679828,51.78610556843042,42.10533580619336,47.36848709653941,0.5774414565058451,0.09224689962867336,1.0723967798730927,1.065930305594808,1.0838966108599017,1.095017507408728,0.002421644367581528,0.00843696901079241,0.008275872354941002,0.01862089194148736,3.417459832554205,,,,,,,,,,,,,,,,,,,1.1925122294402384,0.96956419778828,-0.09854169949408609,0.10874560976565628,54.88619616028313,0.01949378206548229,0.01813374995423043,0.16432179309490938,0.21078616758475752,0.0,69883.65,74592.06121865808,0.2552264386370776,1.0,0.96875,0.9897959183673469,0.96875,0.8080808080808081,0.5510204081632653,0.7045454545454546,0.4411764705882353,0.37628865979381443,0.20547945205479456,0.5008532423208191,0.25945017182130586,2.59,95.9,58.06,37.1,72.44
GDI,GDI Property Group,Real Estate,,Spotlight A-REITS  List,AUD,2026-08-14,0.6349999904632568,345486368.0,539822485.0,10320000.0,403104000.0,392784000.0,1145164000.0,,,,26451301.765,0.049,,,-2.3458201003816823,0.04747289117836446,,-1.876656080305346,0.8756567425569175,0.03458277806644124,0.2156574437231501,Overvalued,-4.69420493797223,-0.925239540328605,,-3.955363950377784,0.37898701686293307,-0.9455389313609095,-0.660381973288189,1,0.25,-1.7593650752862617,-53866500.0,0.035,0.035,0.785,0.04,0.06,0.08710000000000001,0.08710000000000001,0.02,5,0.3,-0.15591497954558947,,,13.061225,28.418,7.703308556747534,0.027479999,0.05322,0.6947,0.57967,0.019129999,54.678,3.059,0.428,0.13619,0.34063998,,0.05,0.078099996,0.6878,0.0802,2026-06-29,0.025,2026-06-29,0.0787401586628735,0.008196705450196077,,,1449017344.0,0.024193525128260562,0.11132713665261362,0.12074524943147602,0.018487887262758962,0.631499993801117,0.6163634884357453,0.5944072297215461,0.005542354230397839,0.030236219985724233,0.06829116254310463,0.06829116254310463,,,0.006827886506580949,0.00782648242309378,-0.0009985959165128306,22.186313556851402,53.84615384615385,65.56776556776556,0.5797931317028073,0.06945903879347146,0.6299999952316284,0.6234732577731963,0.6399999856948853,0.6491411997088098,0.00787400835704065,0.018152335217597963,0.00787400835704065,0.022269621193594664,1.0,,,,,,,,,,,,,,,,,,,0.6696564464684966,0.5521825324193608,-0.05175259073216465,0.14998203163188695,54.57119335671565,0.01112586518946363,0.017521047805602145,0.17717398899374168,0.16958700446896263,0.0,346384.45,218741.77802780332,0.2645869103786606,1.0,0.041666666666666664,0.030612244897959183,0.041666666666666664,0.010101010101010055,0.42857142857142855,0.3939393939393939,0.2647058823529411,0.3350515463917526,0.2226027397260274,0.5008532423208191,0.40893470790378006,4.09,3.52,39.36,35.67,26.4
GDX,VanEck Gold Miners ETF,Unknown,,Spotlight ETP List,AUD,2026-08-14,110.0,,,,,,,,,,,,,,,,,,,,37.35798293829923,,,,,,,,-0.6603819732881888,0,0.25,,,,0.05,,0.04,0.06,,,0.02,5,0.3,,,,,,,,,,,,,,,,,,,,,,,17.99,2026-07-01,,,,,,0.18565777851696041,0.026724065203431735,-0.1285027119948945,0.4385166265301639,98.35050010681152,97.12366958618163,108.80901638031006,0.09607986674886093,0.10992514503483264,-0.009273251078987133,-0.009273251078987133,,,3.8490807724331972,2.073207745931358,1.7758730265018392,24.729271817418404,75.77175340432213,83.80105293709023,0.8086788407305342,0.3112615899472531,107.13678541642122,103.37561418691014,108.19343736051292,109.70154004065823,0.006152296999640752,0.04104256715765952,0.003649668809064925,0.01763948919358969,0.5932205173576696,,,,,,,,,,,,,,,,,,,146.75698259353487,73.52944102425768,-0.2654523066181741,0.46607945810704754,64.32351755334392,3.104084708637692,0.02879484805902402,0.3981112005543252,0.44407679538965694,0.0,98651.25,9702399.77366209,1.9237377301078917,0.23076923076923078,,,,,,,,0.05670103092783507,0.0547945205479452,0.5008532423208191,0.9587628865979382,9.59,,,18.95,
GEAR,Betashares Geared Australian Equities Complex ETF,Unknown,,Spotlight ETP List,AUD,2026-08-14,38.61000061035156,,,,,,,,,,,,,,,,,,,,13.11265221862942,,,,,,,,-0.6603819732881888,0,0.25,,,,0.05,,0.04,0.06,,,0.02,5,0.3,,,,,,,,,,,,,,,,,,,,,,,0.213672,2026-07-01,,,,,,0.06446186147388877,0.1439938715695337,0.04226400580706491,0.04105898233074101,37.31599998474121,36.152919921875,35.38793075561524,0.01779396392342769,0.05053753954893758,0.07324725496163098,0.07324725496163098,,,0.8486215811517113,0.805431613284205,0.043189967867506285,20.883000635300164,58.133341471354164,72.0312223817347,0.6123985373433947,0.15831134767407615,37.911015366544085,37.63720915980838,38.24818595378211,38.94477462768555,0.001816329029059842,0.009025549935742984,0.007061253680309888,0.02540218791673032,3.8876511729622547,,,,,,,,,,,,,,,,,,,39.54999923706055,31.191601029415047,-0.039696579648806685,0.2176354623932104,57.083047277654934,0.6926858264822134,0.018238173639573113,0.21922020407087253,0.23056381048409352,0.0,159517.3,5952547.564365959,2.0923258488629894,0.23076923076923078,,,,,,,,0.22508591065292094,0.20034246575342463,0.5008532423208191,0.9312714776632303,9.31,,,30.16,
GFL,Global Masters Fund Limited,Unknown,,Spotlight LIC List,AUD,2026-08-14,2.9200000762939453,32724900.0,11284448.0,2625543.0,8050870.0,5425327.0,,17921586.0,,,43828796.032,3.884,,,0.6414148658573731,3.7208420532882616,,0.5131318926858984,,-0.5810638828017382,0.9916846639092876,Overvalued,-0.780337380445738,0.2742609438595434,,-0.8242699043565903,,-1.198994475212214,-0.6603819732881889,1,0.25,0.4810611493930298,358960.0,,0.05,0.219,0.04,0.06,0.05314,0.05314,0.02,5,0.3,0.010969017475989232,,,0.74665296,,,-0.00422,0.0089,0.0,2.05849,0.0,18.389,2.283,2.26,0.56536,0.0,,,,0.0,,,,,,,0.2,,38112816.0,0.010380612560830782,0.028169072021973385,-0.12312308012181827,-0.21081080036149413,2.896500086784363,2.8628000450134277,3.1666000044345854,0.008113236252539346,0.019980449343694584,-0.07787530088905936,-0.07787530088905936,,,0.016516650992237647,0.011988155533067707,0.00452849545916994,42.822009679327856,66.6667549696944,88.88891832323147,0.7232130343249611,0.03634750218362196,2.9026316718051306,2.880000114440918,2.930000066757202,2.950000047683716,0.00594808357363423,0.013698616715036242,0.0034246541787590606,0.010273962536277182,0.5757575757575687,,,,,,,,,,,,,,,,,,,3.8499999046325684,2.759999990463257,-0.24155840295465647,0.057971045791138875,58.72313412433771,0.014606156411137747,0.00500210822928328,0.0906108725044918,0.09700012033580203,0.0,1665.35,4823.686419526339,0.04199743514899741,0.9230769230769231,0.3125,0.25510204081632654,0.3125,0.6868686868686869,0.17346938775510204,0.23106060606060605,,0.7594501718213058,0.7893835616438356,0.5008532423208191,0.05154639175257732,0.52,33.27,,68.94,
GFXD,Coolabah Active Global Bond Complex ETF,Unknown,,Spotlight ETP List,AUD,2026-08-14,29.8700008392334,,,,,,,,,,,,,,,,,,,,10.144390742900589,,,,,,,,-0.6603819732881888,0,0.25,,,,0.05,,0.04,0.06,,,0.02,5,0.3,,,,,,,,,,,,,,,,,,,,,,,,,,,,,,-0.00200465971702668,,,,29.842999744415284,,,0.000904771472350685,,,,,,-0.037861751201532456,-0.0570874079418103,0.019225656740277847,45.22148134049357,82.35366715659325,82.35366715659325,0.6206364200427473,0.007499986090685053,29.83933296203613,,30.170000076293945,,0.0010267116282429312,,0.010043496104175076,,9.782197676443063,,,,,,,,,,,,,,,,,,,30.194499969482422,29.729999542236328,-0.01074696155183874,0.00470909179793888,33.60655806710113,0.020390419687380378,0.0006826387383490844,0.020829557951964728,,0.0,429.05,12804.139040341377,0.0935456724281946,0.23076923076923078,,,,,,,,0.9467353951890034,0.9726027397260274,0.5008532423208191,0.10309278350515463,1.03,,,81.94,
GGAB,Betashares Geared Long Australian Government Bond Complex ETF,Unknown,,Spotlight ETP List,AUD,2026-08-14,19.049999237060547,,,,,,,,,,,,,,,,,,,,6.46972314975201,,,,,,,,-0.6603819732881889,0,0.25,,,,0.05,,0.04,0.06,,,0.02,5,0.3,,,,,,,,,,,,,,,,,,,,,,,0.642229,2025-07-01,,,,,,-0.027565130746362354,0.020900289005228778,-0.03004074190037187,-0.11395352385764901,19.142999744415285,19.47359996795654,19.50635000228882,-0.004858199268475083,-0.021752564065864677,-0.023394984975391386,-0.023394984975391386,,,-0.09975912345307592,-0.1041162986130174,0.0043571751599414815,15.071544951608157,13.333192048488959,36.900434231584555,0.3627374204373343,0.03539347201512531,19.018333117167156,18.829999923706055,19.248529209810144,19.461666742960613,0.0016622635780365988,0.011548520848572932,0.010421521296618731,0.021609843694859247,6.269475812571329,,,,,,,,,,,,,,,,,,,22.25,18.200000762939453,-0.1438202590085147,0.046703210906009485,41.89762981285299,0.09884591219543418,0.00518876200284228,0.15515258673675825,0.15676386087536903,0.0,810.7,15519.229892797472,0.47910978163713674,0.23076923076923078,,,,,,,,0.41237113402061853,0.7876712328767124,0.5008532423208191,0.11168384879725086,1.12,,,53.27,
GGBL,Betashares WealthBuilder Global Geared Complex ETF,Unknown,,Spotlight ETP List,AUD,2026-08-14,28.440000534057617,,,,,,,,,,,,,,,,,,,,9.658736861059504,,,,,,,,-0.6603819732881889,0,0.25,,,,0.05,,0.04,0.06,,,0.02,5,0.3,,,,,,,,,,,,,,,,,,,,,,,0.087471,2026-07-01,,,,,,0.036245016109802464,0.11639827461454222,0.18808088724616923,,27.600499820709228,27.37789737701416,25.582839069366454,0.03585081206160701,0.044273041091584364,0.11754602665746705,0.11754602665746705,,,0.3438289291118686,0.24380367484672702,0.10002525426514156,28.670528712967545,94.94947938090206,86.19526932931058,0.8927158814996751,0.09128943786205553,27.43000030517578,26.835268958769113,28.6850004196167,,0.04057362158870465,0.0613756972526614,0.0033228494761029033,,0.08189679269419607,,,,,,,,,,,,,,,,,,,28.690000534057617,21.880912793253934,-0.0034855482610053334,0.30661825778138585,68.5247699232345,0.30565678139801344,0.01069103811705808,0.13519902054033026,0.12962724362464195,0.0,7608.4,209995.6428358841,0.7359983255428348,0.23076923076923078,,,,,,,,0.5,0.4606164383561644,0.5008532423208191,0.4020618556701031,4.02,,,49.04,
GGFD,Geared Long US Treasury Bond Currency Hedged Complex ETF,Unknown,,Spotlight ETP List,AUD,2026-08-14,18.549999237060547,,,,,,,,,,,,,,,,,,,,6.299914136396104,,,,,,,,-0.6603819732881889,0,0.25,,,,0.05,,0.04,0.06,,,0.02,5,0.3,,,,,,,,,,,,,,,,,,,,,,,0.106492,2026-07-01,,,,,,-0.01695821875680703,-0.032663035186027645,-0.1037838762334149,-0.06232993926936192,18.702999591827393,18.976276664733888,19.778785629272463,-0.008180524948185441,-0.022463702190090196,-0.06212648315442182,-0.06212648315442182,,,-0.12378609754451375,-0.12447374358152424,0.000687646037010492,24.39039492575266,24.999783255160693,24.999783255160693,0.27916657062791084,0.037043870447720104,18.509932200113933,,18.795496092041798,19.010000228881836,0.0021599481722114865,,0.013234332349231567,0.024797898153131208,6.127152734262809,,,,,,,,,,,,,,,,,,,21.45404690654108,18.440000534057617,-0.13536129953156406,0.00596522233281771,40.80270546055962,0.09223422677290219,0.0049721957178645,0.12774910965102285,0.11511143701754989,0.0,969.65,18135.36355421543,0.2334969250527055,0.23076923076923078,,,,,,,,0.5446735395189004,0.7928082191780822,0.5008532423208191,0.1254295532646048,1.25,,,59.36,
GGOV,Betashares U.S. Treasury Bond20+ Year ETF - Currency Hedged,Unknown,,Spotlight ETP List,AUD,2026-08-14,12.460000038146973,,,,,,,,,,,,,,,,,,,,4.231640625784565,,,,,,,,-0.660381973288189,0,0.25,,,,0.05,,0.04,0.06,,,0.02,5,0.3,,,,,,,,,,,,,,,,,,,,,,,0.128242,2026-07-01,,,,,,-0.015723255115296708,0.0057344806891244104,-0.05766852388522026,-0.004011366017537599,12.565000104904176,12.749275665283204,12.902211112976074,-0.0035813487277998046,-0.01798339086383216,-0.02962365534602074,-0.02962365534602074,,,-0.0748739524425126,-0.07630837567813865,0.0014344232356260506,20.895677879337228,32.2582431443004,20.4302001488965,0.38405848590733555,0.030889269955000933,12.411219783615973,,12.543933847845912,12.653313743230497,0.008688551930542767,,0.0019116125564834698,0.010648025606433334,0.22001509247629633,,,,,,,,,,,,,,,,,,,13.521871292626738,12.369386466312037,-0.07409261729989769,0.012176351014808295,45.32904859132589,0.0818868128333077,0.006540480019114501,0.1191840165412255,0.10861375298831763,0.0,38790.15,487398.23881924874,0.25790223360305964,0.23076923076923078,,,,,,,,0.5979381443298969,0.7328767123287672,0.5008532423208191,0.5601374570446735,5.6,,,60.25,
GGUS,Betashares Geared US Equities Currency Hedged Complex ETF,Unknown,,Spotlight ETP List,AUD,2026-08-14,64.08999633789062,,,,,,,,,,,,,,,,,,,,21.766118088241612,,,,,,,,-0.6603819732881889,0,0.25,,,,0.05,,0.04,0.06,,,0.02,5,0.3,,,,,,,,,,,,,,,,,,,,,,,0.870577,2025-07-01,,,,,,0.060457528052516585,0.11550362986342755,0.28769840398823554,0.3927039410080788,61.18849964141846,60.219600143432615,53.983750076293944,0.06065685392207487,0.0777222261738435,0.2022136556678127,0.2022136556678127,,,1.326299268697369,0.9164168330338819,0.40988243566348703,19.272764842373196,99.49873560526026,95.00716582910927,0.8642496721618613,0.16652548665883446,64.41999816894531,62.2599983215332,,,0.007396045387490356,0.040678014518890276,,,,,,,,,,,,,,,,,,,,,,64.94000244140625,41.0,-0.0006159672624501678,0.5829268664848515,65.17794095949134,1.0932143294175223,0.016844596359240495,0.3028674114550147,0.2743233719850264,0.0,34412.75,2105664.5410352233,1.7159075173076799,0.23076923076923078,,,,,,,,0.11855670103092786,0.23972602739726023,0.5008532423208191,0.8161512027491409,8.16,,,26.35,
GHHF,Betashares Wealthbuilder All Gr Geared Complex ETF,Unknown,,Spotlight ETP List,AUD,2026-08-14,37.63999938964844,,,,,,,,,,,,,,,,,,,,12.783222318146176,,,,,,,,-0.6603819732881889,0,0.25,,,,0.05,,0.04,0.06,,,0.02,5,0.3,,,,,,,,,,,,,,,,,,,,,,,0.481138,2026-07-01,,,,,,0.038939516240328764,0.10753672713322393,0.13187083217699946,0.16414080334907233,36.557499694824216,36.11371253967285,34.06850814819336,0.02906378297011858,0.041709541508843095,0.10424556215502334,0.10424556215502334,,,0.5082269345503008,0.39930033222439265,0.10892660232590812,25.690672529946866,92.46860455465394,91.48823632905221,0.7999737323455685,0.09688775994771866,37.20000076293945,36.300550529127754,,,0.01116422596677279,0.03507305795372352,,,,,,,,,,,,,,,,,,,,,,37.79999923706055,30.158043287294525,-0.004761912931450563,0.24742837502769732,67.80437636461576,0.4040777037707453,0.01074103442964933,0.1313857616786671,0.12925871117097204,0.0,24410.9,892401.4693003845,1.052768367110175,0.23076923076923078,,,,,,,,0.5206185567010309,0.45890410958904104,0.5008532423208191,0.6855670103092784,6.86,,,49.93,
GHIF,Ausbil Global Essential Infrastructure Fund (Hedged) – Active ETF,Unknown,,Spotlight ETP List,AUD,2026-08-14,13.460000038146973,,,,,,,,,,,,,,,,,,,,4.571258652496377,,,,,,,,-0.6603819732881889,0,0.25,,,,0.05,,0.04,0.06,,,0.02,5,0.3,,,,,,,,,,,,,,,,,,,,,,,0.4224,2026-07-01,,,,,,-0.013899088002721327,0.028525964692145855,0.04470760124565465,,13.545999813079835,13.487574596405029,12.815299453735351,-0.00487230708358477,-0.0005616320498957883,0.05186769851930628,0.05186769851930628,,,-0.03722986305481513,-0.015944528520042828,-0.0212853345347723,14.713045433320286,37.49994039529838,23.333333333333332,0.3754276298941498,0.0391122612457699,13.479368633694119,13.265284326341417,13.580891291300455,13.71939992904663,4.68033059076001e-05,0.015928429019760163,0.007484551371682695,0.017759673215136197,159.91501511578747,,,,,,,,,,,,,,,,,,,13.729999542236328,11.618389129638672,-0.018208303593233777,0.16022964903530923,48.539083605108246,0.06655395478902731,0.004937237169815662,0.11338238299531668,0.14290020742363874,0.0,4262.05,57733.72850333691,0.21067417979952227,0.23076923076923078,,,,,,,,0.6305841924398625,0.7945205479452055,0.5008532423208191,0.23195876288659795,2.32,,,63.26,
GHLD,Global X Gold Bullion (Currency Hedged) ETF,Unknown,,Spotlight ETP List,AUD,2026-08-14,67.48999786376953,,,,,,,,,,,,,,,,,,,,22.920819897277756,,,,,,,,-0.6603819732881889,0,0.25,,,,0.05,,0.04,0.06,,,0.02,5,0.3,,,,,,,,,,,,,,,,,,,,,,,,,,,,,,0.06892135107908426,-0.050135261201632364,-0.14280205879889796,0.2571159924695503,64.27099933624268,64.03499946594238,69.98219995498657,0.03763755239759403,0.041461747444473174,-0.0470433555346631,-0.0470433555346631,,,0.9492491983167355,0.4182818160240601,0.5309673822926754,21.327922839843605,72.20548890078501,82.40731742970495,0.7948689176468265,0.12764164055661412,65.51000213623047,63.989999771118164,67.0,67.6500015258789,0.01769381109578648,0.040485868517703305,0.004648336290977249,0.014394947508303215,0.2627097274755116,,,,,,,,,,,,,,,,,,,94.7699966430664,52.31999969482422,-0.2962962456083885,0.2746560174006192,61.0808964720959,1.021303690540683,0.015314194829097495,0.19459770080800723,0.24327835061777953,0.0,43829.45,2816962.5518578817,0.9289236668848814,0.23076923076923078,,,,,,,,0.2955326460481099,0.2842465753424658,0.5008532423208191,0.8505154639175257,8.51,,,35.43,
GHRP,Global X S&P World ex Australia GARP (Currency Hedged) ETF,Unknown,,Spotlight ETP List,AUD,2026-08-14,50.599998474121094,,,,,,,,,,,,,,,,,,,,17.18467163340166,,,,,,,,-0.6603819732881888,0,0.25,,,,0.05,,0.04,0.06,,,0.02,5,0.3,,,,,,,,,,,,,,,,,,,,,,,,,,,,,,0.03518816220173582,0.011190998168427058,,,49.17050018310547,49.88100021362305,,0.02907227475198204,0.01441427111362703,,,,,0.2913034526967948,-0.010386792078123833,0.3016902447749186,66.48978561843666,100.0,100.0,0.8734762833612288,0.07784235853033579,50.03199996948242,48.87315890663549,50.796362443403765,51.880001068115234,0.011225267228598257,0.03412726520868931,0.003880710972414363,0.02529649471528712,0.3457121236746684,,,,,,,,,,,,,,,,,,,51.880001068115234,48.380001068115234,-0.02467237023209723,0.04588667542359648,77.62745768893451,0.14766686377661917,0.002918317553945027,0.16430671659095153,0.13896517728260238,0.0,47.35,2328.223183670044,0.06716443030550862,0.23076923076923078,,,,,,,,0.37800687285223367,0.8955479452054794,0.5008532423208191,0.03436426116838488,0.34,,,54.42,
GIVE,Perpetual ESG Australian Share Active ETF,Unknown,,Spotlight ETP List,AUD,2026-08-14,2.9800000190734863,,,,,,,,,,,,,,,,,,,,1.012061726078897,,,,,,,,-0.6603819732881888,0,0.25,,,,0.05,,0.04,0.06,,,0.02,5,0.3,,,,,,,,,,,,,,,,,,,,,,,0.121443,2026-07-01,,,,,,0.031141837682492346,0.12919544607870326,0.06345455674737921,-0.01874030194536158,2.9455000281333925,2.875800485610962,2.8039605259895324,0.011712779022432063,0.03623322757746439,0.06278244342324646,0.06278244342324646,,,0.038038614297357665,0.03901971301754112,-0.0009810987201834542,26.80529746651893,84.00001525878906,85.33334732055664,0.6631501978124555,0.07179138719706687,2.9649647950869675,2.9215735843557153,3.0142652109177828,3.0416431312323677,0.00504537714439123,0.019606186021413643,0.011498386451336282,0.020685607974608975,2.2789944383282896,,,,,,,,,,,,,,,,,,,3.3112755370961064,2.5814679310973907,-0.1000446849896216,0.15438196352362898,62.870769841768,0.030495800416073186,0.01023349000700834,0.1119246855578277,0.1013651255941197,0.0,15973.55,47050.09197439015,0.5790134285353941,0.23076923076923078,,,,,,,,0.634020618556701,0.5,0.5008532423208191,0.20790378006872853,2.08,,,56.06,
GLDN,iShares Physical Gold ETF,Unknown,,Spotlight ETP List,AUD,2026-08-14,49.310001373291016,,,,,,,,,,,,,,,,,,,,16.746565363553785,,,,,,,,-0.660381973288189,0,0.25,,,,0.05,,0.04,0.06,,,0.02,5,0.3,,,,,,,,,,,,,,,,,,,,,,,0.038483,2025-07-01,,,,,,0.06383904813715757,-0.03833989496464474,-0.12780069817369066,0.18914960959946425,47.11449966430664,47.07779983520508,51.51710004806519,0.03280306899398777,0.033608197871300094,-0.05545925911954319,-0.05545925911954319,,,0.5963225370419352,0.24517663522948252,0.35114590181245264,20.915843067864007,69.3547975969166,81.39512079743878,0.785362981751679,0.11495208240616456,48.239999771118164,47.290000915527344,49.00125026702881,49.99000040690104,0.008631320953780936,0.028154519855750192,0.0070129556244716675,0.02733252288655039,0.8125008514947708,,,,,,,,,,,,,,,,,,,65.01000213623047,40.599998474121094,-0.25149979620914986,0.1985222087736913,60.54869200590841,0.7116021582702918,0.014623965485033537,0.17323672481489444,0.20930440438611478,0.0,43157.25,2033332.2406373979,0.6381622717250706,0.23076923076923078,,,,,,,,0.3487972508591065,0.32191780821917804,0.5008532423208191,0.8109965635738832,8.11,,,38.77,
GLIN,iShares Core FTSE Global Infrastructure (AUD Hedged) ETF,Unknown,,Spotlight ETP List,AUD,2026-08-14,30.5,,,,,,,,,,,,,,,,,,,,10.358349814710238,,,,,,,,-0.6603819732881889,0,0.25,,,,0.05,,0.04,0.06,,,0.02,5,0.3,,,,,,,,,,,,,,,,,,,,,,,1.32609,2026-07-01,,,,,,-0.006818152262158872,0.03200355970468349,0.009017505272217452,0.13500000353847774,30.767500019073488,30.682773208618165,29.333996095657348,-0.00576907016740269,-0.0030236203031418496,0.04281735270008036,0.04281735270008036,,,-0.10749858745124286,-0.05458596573720749,-0.052912621714035366,7.358676939340767,38.4616011620154,25.101261892620926,0.36778086969611623,0.04363264343172877,30.093188209723206,29.76603641653217,30.708134828719324,31.213745371431692,0.016240991840029632,0.026935721868115572,0.003861872361626612,0.02039049413966848,0.23778549978137087,,,,,,,,,,,,,,,,,,,31.65999984741211,26.357440948486328,-0.0337965792792535,0.1605830859063211,47.779272374222145,0.24608092540331525,0.008044489185218164,0.08808324359005215,0.10243769927417991,0.0,145043.65,4462630.504141488,0.2930971953180283,0.23076923076923078,,,,,,,,0.7766323024054983,0.625,0.5008532423208191,0.9037800687285223,9.04,,,65.6,
GLOB,Barrow Hanley Global Share Active ETF,Unknown,,Spotlight ETP List,AUD,2026-08-14,4.679999828338623,,,,,,,,,,,,,,,,,,,,1.5894123067119776,,,,,,,,-0.6603819732881889,0,0.25,,,,0.05,,0.04,0.06,,,0.02,5,0.3,,,,,,,,,,,,,,,,,,,,,,,0.680895,2026-07-01,,,,,,0.026258179661174275,0.08928966565921814,0.10040484643223624,0.1569859680363379,4.605000042915345,4.566849679946899,4.321540383100509,0.018458200545705683,0.026966155206359144,0.08526118963525597,0.08526118963525597,,,0.037059411013752985,0.030773547170546513,0.006285863843206473,32.99161230430037,36.58540272983559,33.6547737199266,0.8783200392224296,0.04878990968504656,4.644784359350467,4.616666793823242,4.699999809265137,4.783953701984629,0.009640873628643196,0.01563609008582357,0.0021321432670949932,0.020032759833238017,0.2211566450534483,,,,,,,,,,,,,,,,,,,4.949999809265137,3.9141439673864546,-0.05252520445718489,0.19821858784414048,65.16475208872012,0.050745605948160584,0.01081995849233211,0.07945825270034076,0.09718029659384374,0.0,313325.9,1442865.782946489,0.5120861564692336,0.23076923076923078,,,,,,,,0.7989690721649485,0.45547945205479456,0.5008532423208191,0.7594501718213058,7.59,,,62.37,
GLPR,iShares Core FTSE Global Property Ex Australia (AUD Hedged) ETF,Unknown,,Spotlight ETP List,AUD,2026-08-14,28.649999618530273,,,,,,,,,,,,,,,,,,,,9.730056335739393,,,,,,,,-0.6603819732881889,0,0.25,,,,0.05,,0.04,0.06,,,0.02,5,0.3,,,,,,,,,,,,,,,,,,,,,,,0.846858,2026-07-01,,,,,,0.011846694897197807,0.06651500643993247,0.05409588018248446,0.16920604880964696,29.239499855041505,28.741910552978517,27.113212690353393,-0.006822925853834816,0.010371278624619285,0.07106454875631485,0.07106454875631485,,,-0.019724932675039497,0.09068483396179579,-0.11040976663683529,23.15810754098128,43.478291774473284,20.83222457003907,0.37416942824035193,0.05422311731100934,28.618952717967545,28.249361002037606,29.243332544962566,29.610000610351562,0.014498904417550109,0.027225891479465896,0.007001777652372715,0.019628088045942405,0.48291770541624207,,,,,,,,,,,,,,,,,,,29.969999313354492,24.599736153004855,-0.0310309782827638,0.18050050353812885,50.99275783058741,0.30811025140025516,0.010609856807391224,0.14152448057636996,0.14886287127334769,0.0,45505.3,1330552.2127536202,0.5281895010425603,0.23076923076923078,,,,,,,,0.46563573883161513,0.4726027397260274,0.5008532423208191,0.7474226804123711,7.47,,,47.79,
GLS,L1 Global Long Short Fund Limited,Unknown,,Spotlight LIC List,AUD,2026-08-14,2.0299999713897705,1143624576.0,547188803.0,1243446016.0,0.0,-1243446016.0,459022000.0,,,,901767147.344,1.648,,,35.47746804212218,1.657325541830017,,28.38197443369775,0.38819875776397517,3.6534853753713925,0.6894245845084268,Undervalued,16.47658548873463,-0.18358346542468895,,12.981268390987708,-0.8087690821501795,0.7997465156958391,-0.6603819732881889,2,0.25,26.608101031591637,431810880.0,5.89,0.25,0.692,0.04,0.06,0.08152,0.08152,0.02,5,0.3,0.3775809728663963,,,1.2682039,,,0.04749,0.08764,1.0,0.90540004,0.60779,,2.031,1.503,0.09106,0.089820005,,0.02,0.0095999995,1.8292,0.042800000000000005,2026-03-05,0.01,2026-03-04,0.009852216887622752,0.02627264591240368,-0.1,,-99821400.0,0.014705868603311245,0.14049579503201381,0.05610877682873805,0.42335005125543446,2.068999946117401,2.0133999609947204,1.8597216874361038,0.00048331906787790757,0.028111638693046448,0.11306973899766315,0.11306973899766315,,,0.014266867619527446,0.022088897289139466,-0.00782202966961202,24.835833153679015,44.44440519858503,25.23145287749377,0.5069363336120675,0.06967932843325549,2.032322788347006,2.009999990463257,2.08968347609739,2.136250078678131,0.018201519860325754,0.02898548053842058,0.009508958207431646,0.03200490220864299,0.5224266039540207,,,,,,,,,,,,,,,,,,,2.1700000762939453,1.4250339313336438,-0.04608301361073386,0.45259694364298464,52.0540407179589,0.0591976860902461,0.028597916907904843,0.265138610837689,0.2862152333345378,0.0,709079.35,1467085.1369429617,1.147032356514806,1.0,0.9166666666666666,0.9591836734693877,0.9166666666666666,0.09090909090909094,0.6428571428571429,0.6818181818181818,,0.15463917525773196,0.05650684931506844,0.5008532423208191,0.7628865979381443,7.63,84.68,,23.4,
GMG,Goodman Group,Real Estate,,Spotlight A-REITS  List,AUD,2026-08-14,30.049999237060547,61241552896.0,2044793036.0,2963399936.0,4179800064.0,1216400128.0,31565300000.0,,,,23750271113.14,11.615,,,11.568792320094463,11.372748621040026,,9.25503385607557,4.1505257332595455,5.206499732674902,10.205521443581933,Overvalued,-0.6150152208381184,-0.6215391377776124,,-0.6920121766704947,-0.8618793398124044,-0.8267387732158826,-0.6603819732881888,0,0.25,8.676594240070848,3391737600.0,-0.159,-0.1,1.038,0.04,0.06,0.10228000000000001,0.10228000000000001,0.02,5,0.3,0.05538294572248725,,,2.5785623,34.799,0.677735752172944,0.03874,0.07929,0.82268,0.55902,0.54548,17.598,2.913,2.375,0.02533,0.55429,,0.3,0.01,0.35759997,1.18,2026-06-29,0.15,2026-06-29,0.009983361318359408,-0.0016638681640592304,0.11733053241923842,,62457950208.0,0.02317991818706,-0.006132887716950863,-0.040535940621327815,-0.16073272151248574,29.679250049591065,30.440460662841797,29.635786323547364,0.0039000320597546434,-0.021204034777823066,0.00537234784352858,0.00537234784352858,,,-0.04846267374571411,-0.11068407818177627,0.06222140443606215,14.518373225307364,46.44671820054839,52.01991104638481,0.5605027500643567,0.0644604097434612,29.787413860493317,28.983542995004647,30.137247004946484,30.546184962714015,0.0002546137197920224,0.02723467290523434,0.011486723536706551,0.02521177662347925,45.11431491629484,,,,,,,,,,,,,,,,,,,36.957314084852634,24.444910328485406,-0.19379963576666526,0.21886313657588397,48.12211076693504,0.6914739907781338,0.023207719047072507,0.22671806264441152,0.22905617402306092,0.0,2595262.0,77025429.84220181,1.3703772496935043,1.0,0.40625,0.5816326530612245,0.40625,0.0505050505050505,0.5918367346938775,0.6060606060606061,0.7058823529411764,0.21649484536082475,0.09589041095890416,0.5008532423208191,1.0,10.0,42.33,61.32,27.17,54.24
GMTL,Global X Green Metal Miners ETF,Unknown,,Spotlight ETP List,AUD,2026-08-14,12.880000114440918,,,,,,,,,,,,,,,,,,,,4.374280222914325,,,,,,,,-0.6603819732881889,0,0.25,,,,0.05,,0.04,0.06,,,0.02,5,0.3,,,,,,,,,,,,,,,,,,,,,,,1.124368,2026-07-02,,,,,,0.06723403930664062,-0.06428210281968327,-0.06748005199190732,0.437594126187008,12.097499990463257,12.563367290496826,12.814721069335938,0.036577802995544806,-0.0018599574543581854,-0.02143793111036063,-0.02143793111036063,,,0.1485915743350077,0.0066654459691591166,0.1419261283658486,21.905697092778677,63.95350062182882,79.84498359070521,0.6810416198304515,0.2020408513235825,12.509881294715466,12.170000076293945,12.638564626907979,12.951081933767123,0.002401807594033712,0.029505573100847712,0.007860021160668838,0.03278165655220225,3.2725440539840815,,,,,,,,,,,,,,,,,,,14.816994148484168,8.493115425109863,-0.15367450130660176,0.4764899962125282,52.81132467834639,0.29974921613094635,0.023903446335150756,0.3200051372273788,0.38785177691280753,0.0,5447.4,65899.92144804954,1.3608814945918992,0.23076923076923078,,,,,,,,0.10137457044673537,0.09075342465753422,0.5008532423208191,0.24742268041237114,2.47,,,21.86,
GMVW,VanEck Geared Australian Equal Weight Complex ETF,Unknown,,Spotlight ETP List,AUD,2026-08-14,42.20000076293945,,,,,,,,,,,,,,,,,,,,14.33188098634642,,,,,,,,-0.6603819732881889,0,0.25,,,,0.05,,0.04,0.06,,,0.02,5,0.3,,,,,,,,,,,,,,,,,,,,,,,0.33,2026-07-01,,,,,,0.08424341538205793,0.16718969904363612,0.11077245768429744,-0.02578130451703986,40.25149974822998,39.17914794921875,38.315923595428465,0.03598626197209387,0.06434169566392955,0.08832038614657711,0.08832038614657711,,,1.067940636378708,0.9024917794346603,0.16544885694404776,25.92322918089549,74.08163138202546,82.03155763097531,0.6988543441024799,0.18096794482673306,41.036632836050636,40.310001373291016,42.32544401330318,43.0233625819307,0.015908103471268528,0.03333331808674182,0.01499863882303782,0.03173529483882821,0.9428301022888566,,,,,,,,,,,,,,,,,,,44.11095543159691,33.09913912485679,-0.054656595965057675,0.25985152077939055,61.61397812540274,0.6256642375940817,0.015003938276906121,0.2584680950853285,0.2197684217361216,0.0,3457.7,139177.6106794548,1.7219240485605711,0.23076923076923078,,,,,,,,0.1649484536082474,0.2996575342465754,0.5008532423208191,0.33676975945017185,3.37,,,29.94,
GNDQ,Betashares Wealth Builder Nasdaq 100 Geared (30-40% LVR) Complex ETF,Unknown,,Spotlight ETP List,AUD,2026-08-14,38.93000030517578,,,,,,,,,,,,,,,,,,,,13.221329883534004,,,,,,,,-0.6603819732881888,0,0.25,,,,0.05,,0.04,0.06,,,0.02,5,0.3,,,,,,,,,,,,,,,,,,,,,,,0.579803,2026-07-01,,,,,,0.012602825368010828,0.06620031420060934,0.33542490111225143,0.23505104995283266,37.56999969482422,38.64807067871094,34.4103472328186,0.047910547023733985,0.01867954183729803,0.14413256761140536,0.14413256761140536,,,0.1708470566518301,-0.1232385897827869,0.294085646434617,15.90460218848439,98.88394548728931,94.12633404146509,0.8746811974334079,0.12787016629583908,39.060001373291016,38.63501409945868,39.89668141074475,40.56383705717503,0.00787395394981052,0.018668652587410677,0.01337776208150809,0.03032354985215414,1.6989891186536612,,,,,,,,,,,,,,,,,,,41.53997654653016,27.262764801125588,-0.052238296577147625,0.4440941415545392,59.07872615306298,0.7524968355069668,0.01911345836734424,0.29271195570689856,0.2791601692094212,0.0,10468.1,393286.5138053894,0.8521112612040737,0.23076923076923078,,,,,,,,0.12714776632302405,0.17465753424657537,0.5008532423208191,0.5189003436426117,5.19,,,25.11,
GOAT,VanEck Morningstar International Wide Moat ETF,Unknown,,Spotlight ETP List,AUD,2026-08-14,26.729999542236328,,,,,,,,,,,,,,,,,,,,9.077989698541915,,,,,,,,-0.660381973288189,0,0.25,,,,0.05,,0.04,0.06,,,0.02,5,0.3,,,,,,,,,,,,,,,,,,,,,,,2.68,2026-07-01,,,,,,0.065017993137501,0.15445836825602965,0.04177871647203779,0.03304255214420415,25.853499984741212,25.233744583129884,25.183182411193847,0.03274221202923577,0.05810695970941393,0.060231400741130425,0.060231400741130425,,,0.3792151682219078,0.29935125030700305,0.07986391791490477,39.56750306188003,84.61540154451201,83.9232886646877,0.8822275201961663,0.08566157667671825,26.460521907129195,26.167702285937633,26.85742396998026,27.110285674490353,0.00896924527967293,0.01993627197721542,0.005896000095225324,0.015366475648959139,0.6573574377085523,,,,,,,,,,,,,,,,,,,27.534730563655074,22.83874648375779,-0.03031552456218467,0.16906594597596092,64.7577598042925,0.508432147881072,0.019042401998234915,0.27171651773404665,0.1917996642339972,0.0,29833.95,771312.0258697701,0.4542050083946679,0.23076923076923078,,,,,,,,0.14604810996563578,0.17808219178082196,0.5008532423208191,0.6563573883161512,6.56,,,26.05,
GOLD,Global X Physical Gold,Unknown,,Spotlight ETP List,AUD,2026-08-14,56.83000183105469,,,,,,923656.0,515896.0,407760.0,,,,407760.0,,,,,,,,19.300493079891403,,,,,,,,-0.6603819732881889,0,0.25,,,,0.05,,0.04,0.06,,,0.02,5,0.3,,,,,,,,,,,,,,,,,,,,,,,,,,,,,,0.06119741600871942,-0.037132541093412796,-0.13000930862016147,0.18791084854560114,54.28450012207031,54.26059997558594,59.417549991607665,0.03178620408372068,0.0322406745729753,-0.05734924564469179,-0.05734924564469179,,,0.6722962717446634,0.27291611236085533,0.3993801593838081,22.125368997638045,68.33664730268886,80.4349978988724,0.7803531149470218,0.11337917215482828,55.5,54.5,56.17666753133138,56.58666737874349,0.009105487177583664,0.026959442363573147,0.0029757046026209753,0.010295823504579303,0.3268034476998344,,,,,,,,,,,,,,,,,,,72.72000122070312,46.900001525878906,-0.22978551455816865,0.19424299571989345,60.368343697423434,0.8286961474224087,0.01479550387888182,0.1691614612135485,0.21412352311899108,0.0,219932.7,11938936.679997254,0.6430808139430628,0.23076923076923078,,,,,,,,0.35910652920962194,0.3133561643835616,0.5008532423208191,0.9656357388316151,9.66,,,39.02,
GOOD,Janus Henderson Sustainable Credit Active ETF,Unknown,,Spotlight ETP List,AUD,2026-08-14,50.38999938964844,,,,,,,,,,,,,,,,,,,,17.113352158721764,,,,,,,,-0.6603819732881889,0,0.25,,,,0.05,,0.04,0.06,,,0.02,5,0.3,,,,,,,,,,,,,,,,,,,,,,,0.024913,2026-07-31,,,,,,0.0034830172049609143,0.018821859991548173,0.02044216001216248,0.02675466923213432,50.23706169128418,50.205654830932616,49.54552885055542,0.0030443201336909365,0.0036717887524144732,0.01704433394262872,0.01704433394262872,,,0.05276203691279591,0.04250469192836265,0.010257344984433259,32.392132303475655,88.7269130705885,80.3144585389572,0.8971758590477975,0.007664917351698029,50.09959853345877,49.33527592890912,50.54993209838867,,0.00576306528492094,0.020931206063002823,0.003173897810625705,,0.5507308443876575,,,,,,,,,,,,,,,,,,,50.58491516113281,48.83058166503906,-0.0038532390706496056,0.03193526825681592,64.9875494196792,0.04961786457787335,0.000984676824347537,0.01891321241863644,0.0260096312215223,0.0,51.7,2597.2560894393923,0.0244060380856741,0.23076923076923078,,,,,,,,0.9501718213058419,0.9589041095890412,0.5008532423208191,0.03608247422680412,0.36,,,81.76,
GOVT,SPDR S&P/ASX Australian Government Bond ETF,Unknown,,Spotlight ETP List,AUD,2026-08-14,24.209999084472656,,,,,,,,,,,,,,,,,,,,8.222152115763356,,,,,,,,-0.6603819732881889,0,0.25,,,,0.05,,0.04,0.06,,,0.02,5,0.3,,,,,,,,,,,,,,,,,,,,,,,0.186023,2026-06-29,,,,,,0.0033112551411966784,0.02413779765190527,0.011133757128662047,0.006015077947373992,24.12800006866455,24.158700103759767,23.92379312515259,0.004641897469118028,0.003365233518741517,0.013217245455660054,0.013217245455660054,,,0.018183458248820727,0.008021984648519243,0.010161473600301485,10.99564661821311,100.0,87.10133477810633,0.9194540428297469,0.011066522181554215,24.159129288794347,23.920653239409432,24.3788672152357,,0.0033362410514613163,0.013174361993568638,0.00572885500943761,,1.7171585988753115,,,,,,,,,,,,,,,,,,,24.42773450676535,23.096506050916126,-0.0076853109564947175,0.04950938110211189,58.67052262535923,0.06548048810526447,0.0027013402938759153,0.034012662196587724,0.0333204884367464,0.0,19140.15,461813.5405142499,0.1095908387004295,0.23076923076923078,,,,,,,,0.9261168384879725,0.9092465753424658,0.5008532423208191,0.5446735395189003,5.45,,,79.43,
GOZ,Growthpoint Properties Australia,Real Estate,,Spotlight A-REITS  List,AUD,2026-08-14,2.190000057220459,1690323584.0,754608746.0,75700000.0,1993600000.0,1917900000.0,,1989900000.0,,,2331741025.14,3.09,,,0.5107127844154372,2.8730814482243914,,0.4085702275323498,2.90228958400516,-0.27108720829623567,0.7437634979319656,Overvalued,-0.766797821428538,0.3119093028111137,,-0.8134382571428305,0.3252463507643632,-1.1237841101430375,-0.6603819732881889,2,0.25,0.3830345883115779,138987504.0,0.057,0.057,0.867,0.04,0.06,0.09201999999999999,0.09201999999999999,0.02,5,0.3,0.08222538294774215,,,0.72491914,16.239,8.588893864755933,0.031040002,0.015360001,0.78642,0.67657,0.11745,84.859,0.448,0.406,0.65122,0.09359,,0.18,0.082100004,3.9782999,0.0742,2026-06-29,0.092,2026-06-29,0.0821917786744058,0.0011178400722830402,0.16521363372635278,,3626131968.0,0.006912380625909265,0.06837140332429481,0.015906781665742553,-0.05131953744375051,2.2107500314712523,2.186777935028076,2.1921210032701492,-0.011647670847062974,-0.0008130648384798711,-0.00324847965964703,-0.00324847965964703,,,0.01216324295294724,0.018383116548499456,-0.006219873595552216,19.979304940896945,22.727164355087965,40.11540399137854,0.33437275037679687,0.07032460463819244,2.1765281223583153,2.144386681762795,2.2074389799664633,2.233800854342733,0.0038772634522126013,0.018587305299917686,0.010269582505516033,0.022334513886125004,2.6486677090914696,,,,,,,,,,,,,,,,,,,2.478945276244171,1.987558364868164,-0.11857677387295296,0.09933875724171415,45.90615279330205,0.04730219271805591,0.021648601353226004,0.15455963935306755,0.1995155566870336,0.0,359256.5,794226.318681252,0.5987571190878643,1.0,0.3333333333333333,0.6836734693877551,0.3333333333333333,0.7171717171717171,0.19387755102040816,0.4166666666666667,0.20588235294117652,0.415807560137457,0.1284246575342466,0.5008532423208191,0.6649484536082474,6.65,47.68,26.25,36.95,45.22
GPEQ,VanEck Global Listed Private Equity ETF,Unknown,,Spotlight ETP List,AUD,2026-08-14,20.290000915527344,,,,,,,,,,,,,,,,,,,,6.890850072912237,,,,,,,,-0.6603819732881889,0,0.25,,,,0.05,,0.04,0.06,,,0.02,5,0.3,,,,,,,,,,,,,,,,,,,,,,,0.59,2026-07-01,,,,,,0.08985204841883121,0.1380061032928097,0.04788358575463181,-0.16718243262450083,19.41800012588501,18.747203598022463,19.757951126098632,0.061901364999275676,0.09989741837595911,0.04363052158763914,0.04363052158763914,,,0.49156308114116243,0.3943814564590156,0.0971816246821468,25.26477332239729,97.72732937630792,97.5010117152877,0.9412653520334925,0.14028149890766262,20.175537847345705,19.832625543508932,20.80054242964448,21.400653157554785,0.021554945383029264,0.03818502733648477,0.008755653882785862,0.03785898576861599,0.406201626921282,,,,,,,,,,,,,,,,,,,24.817399549872878,16.70625390440631,-0.16913128638656982,0.23426837382106536,74.22790759817264,0.2797723697381915,0.013568009619372679,0.20769530742954773,0.18547780280032547,0.0,21098.0,409680.9666559219,0.6352326759022667,0.23076923076923078,,,,,,,,0.24398625429553267,0.3595890410958904,0.5008532423208191,0.5292096219931272,5.29,,,34.99,
GPT,GPT Group,Real Estate,,Spotlight A-REITS  List,AUD,2026-08-14,5.170000076293945,10056781824.0,1915577430.0,108200000.0,5607699968.0,5499499968.0,16927800000.0,,,,10627623581.64,5.548,,,28.55713662772593,5.536215575407953,,22.845709302180747,3.58530026889752,-0.46563167478038897,1.755825224010863,Undervalued,4.5236240244307275,0.07083471831910006,,3.4188992195445826,-0.306518333464397,-1.090064152400201,-0.6603819732881888,3,0.25,21.41785247079445,6214437376.0,-0.052,-0.052,0.949,0.04,0.06,0.09694,0.09694,0.02,5,0.3,0.6179349900153507,,,0.946287,23.794,8.411593710614866,0.02499,0.094610006,0.63256,0.61472,0.94509006,52.763,0.246,0.2,0.37219003,0.58092,,0.24,0.0462,0.4688,0.0526,2026-06-29,0.1225,2026-06-29,0.046421662757893264,0.004797895192494945,-0.1,,15556281344.0,0.05852162853111631,0.1331774677236599,0.04153983997533639,0.005044831272171368,5.122749924659729,4.977663354873657,4.9351233291625975,0.006295502537294606,0.03562652640240538,0.04455347232083473,0.04455347232083473,,,0.0783365860957792,0.08608175148101226,-0.007745165385233052,31.829415070420943,57.35296592579295,63.98571419509792,0.5688739215637547,0.09140618675919213,5.143451619088393,5.084380033421081,5.193456339260889,5.2418128128367405,0.0022402696896080612,0.013699354706698206,0.0074599666124880925,0.016840465469470538,3.3299413222848298,,,,,,,,,,,,,,,,,,,5.492079214677371,4.31486400352066,-0.06137548125092429,0.19470745905367837,56.9696650911815,0.09627745060533922,0.01867651730103782,0.1547340198066405,0.1909099585013264,0.0,4320698.05,22133855.610114936,0.6445793618287191,1.0,0.8020833333333334,1.0,0.8020833333333334,0.36363636363636365,0.6836734693877551,0.9393939393939394,0.23529411764705888,0.4140893470790378,0.18493150684931503,0.5008532423208191,0.9896907216494846,9.9,81.76,69.31,38.28,77.05
GRIN,VanEck India Growth Leaders ETF,Unknown,,Spotlight ETP List,AUD,2026-08-14,19.260000228881836,,,,,,,,,,,,,,,,,,,,6.541043272201879,,,,,,,,-0.6603819732881889,0,0.25,,,,0.05,,0.04,0.06,,,0.02,5,0.3,,,,,,,,,,,,,,,,,,,,,,,0.09,2026-07-01,,,,,,0.026898747547910107,0.1139456340933993,0.05588395988175798,-0.025297570168275496,19.182000064849852,19.14760669708252,18.816348571777343,0.015014036468094183,0.01683722782550645,0.034738447743126954,0.034738447743126954,,,0.10356464937435561,0.0960257316499297,0.007538917724425914,12.573177718506114,58.974237753436896,51.63392769893618,0.7133892680175609,0.0703598480259962,19.307582319349503,19.02742343886358,19.6207801692277,19.796976042485873,0.008341910618023848,0.02273117052384023,0.0077442661114932474,0.016793874713036457,0.9283564001226161,,,,,,,,,,,,,,,,,,,21.055343119399758,16.616379967030404,-0.07529413304049071,0.1717353209294763,55.34704461870824,0.2214970864494521,0.011376327388852399,0.19389974465214,0.18113283585650888,0.0,1723.25,33055.381611752506,0.3903565898502387,0.23076923076923078,,,,,,,,0.29725085910652926,0.4417808219178082,0.5008532423208191,0.17525773195876287,1.75,,,39.45,
GRNV,VanEck MSCI Australian Sustainable Equity ETF,Unknown,,Spotlight ETP List,AUD,2026-08-14,32.5099983215332,,,,,,,,,,,,,,,,,,,,11.040981478363397,,,,,,,,-0.6603819732881888,0,0.25,,,,0.05,,0.04,0.06,,,0.02,5,0.3,,,,,,,,,,,,,,,,,,,,,,,0.65,2026-07-01,,,,,,0.04177413448210676,0.09605460270457855,0.02421011046267796,-0.025944171225179002,31.628750038146972,31.21102725982666,31.326008014678955,0.021064636762274436,0.0347303823131091,0.030932449286621644,0.030932449286621644,,,0.4113675796624534,0.34649281974675916,0.06487475991569425,20.14025977206868,74.04358969281263,79.6655903218645,0.7306685555168225,0.09131993181766049,31.88733891938265,31.5607055337856,32.34122675852669,32.737011309552436,0.012622984136121288,0.022737039070830575,0.0014314473510584726,0.013686736822055647,0.11340007526130971,,,,,,,,,,,,,,,,,,,34.728031158447266,28.08361068576177,-0.07005962930640086,0.14995890415610602,60.67553830248806,0.3701221453894771,0.011460664696534475,0.14321435697564702,0.1322900845266119,0.0,13831.7,437479.3819026375,0.9861677781577158,0.23076923076923078,,,,,,,,0.4553264604810997,0.4383561643835616,0.5008532423208191,0.5360824742268041,5.36,,,46.47,
GROW,Schroder Real Return Active ETF,Unknown,,Spotlight ETP List,AUD,2026-08-14,4.090000152587891,,,,,,,,,,,,,,,,,,,,1.3890377810729055,,,,,,,,-0.6603819732881889,0,0.25,,,,0.05,,0.04,0.06,,,0.02,5,0.3,,,,,,,,,,,,,,,,,,,,,,,0.0226,2026-08-03,,,,,,0.018071481186331617,0.023179424929244075,0.03219604686461497,0.1018374894294356,4.031728053092957,4.021802515983581,3.946610606908798,0.014453380468018029,0.016956982928245656,0.036332326636957735,0.036332326636957735,,,0.01795077134481815,0.010622743176139407,0.007328028168678743,16.750812970989223,100.0,92.78749922618186,0.9538702191549377,0.03184474296403216,4.065885222301011,4.028891023115383,,,0.005896070754819193,0.01494110689307469,,,,,,,,,,,,,,,,,,,,,,4.090000152587891,3.683354139328003,0.0,0.11040100893857496,66.19277206957865,0.02040934444227389,0.0049900595796702266,0.06571237798499036,0.07104484698476161,0.0,11310.6,45601.2633173132,0.24528056296591777,0.23076923076923078,,,,,,,,0.8402061855670103,0.7910958904109588,0.5008532423208191,0.20103092783505155,2.01,,,72.61,
GRPA,Global X S&P Australia GARP ETF,Unknown,,Spotlight ETP List,AUD,2026-08-14,26.639999389648438,,,,,,,,,,,,,,,,,,,,9.047424024316255,,,,,,,,-0.6603819732881888,0,0.25,,,,0.05,,0.04,0.06,,,0.02,5,0.3,,,,,,,,,,,,,,,,,,,,,,,,,,,,,,0.025621111861331647,0.030823290729429464,0.05680000305175792,,25.871000480651855,25.91100025177002,25.213349914550783,0.02122065577064447,0.01964415960704402,0.04785758996057865,0.04785758996057865,,,0.1933669354689478,0.07934320959048988,0.11402372587845791,33.89607403711561,78.43140921475093,92.81046973825032,0.8252599978880149,0.06524213216637423,25.954444249471027,25.643750150998432,26.630000114440918,,0.017621340858384415,0.029381147731033664,0.007948525266485552,,0.4510738047895806,,,,,,,,,,,,,,,,,,,26.639999389648438,23.959999084472656,-0.008258232672481935,0.10267116384889596,69.99854910277443,0.08647455448480845,0.0032730716970133574,0.1441290597811786,0.12927339214964897,0.0,120.7,3122.629758014679,0.2750059412400978,0.23076923076923078,,,,,,,,0.44845360824742264,0.8732876712328768,0.5008532423208191,0.03951890034364261,0.4,,,57.04,
GSCF,Ausbil Global SmallCap Fund – Active ETF,Unknown,,Spotlight ETP List,AUD,2026-08-14,18.670000076293945,,,,,,,,,,,,,,,,,,,,6.340668584620311,,,,,,,,-0.660381973288189,0,0.25,,,,0.05,,0.04,0.06,,,0.02,5,0.3,,,,,,,,,,,,,,,,,,,,,,,0.533996,2026-07-01,,,,,,0.03045410634958068,0.08864689793095715,0.09106068274433343,,18.25349979400635,18.12599250793457,17.127378358840943,0.019530545942881172,0.026702433105669776,0.08656445957155534,0.08656445957155534,,,0.17274746774860006,0.13241439570304972,0.04033307204555034,22.578315397561365,87.6106642810725,86.56091727787735,0.7531366466628311,0.07715416238761832,18.34000015258789,18.06999969482422,18.75866762797038,,0.014508352977349596,0.02901670595469919,0.00798855522530839,,0.5506176502446627,,,,,,,,,,,,,,,,,,,18.816003799438477,15.32653189102805,-0.010948296528993096,0.214234292706859,58.82684431828228,0.16820931906972506,0.009038651991024702,0.1856090380778139,0.1719171309911442,0.0,1125.6,20546.139368133543,0.4325833373263275,0.23076923076923078,,,,,,,,0.3161512027491409,0.5616438356164384,0.5008532423208191,0.13058419243986255,1.31,,,43.29,
GSUS,Candriam Sustainable Global Equity Fund – Active ETF,Unknown,,Spotlight ETP List,AUD,2026-08-14,14.270000457763672,,,,,,,,,,,,,,,,,,,,4.8463493966423385,,,,,,,,-0.6603819732881889,0,0.25,,,,0.05,,0.04,0.06,,,0.02,5,0.3,,,,,,,,,,,,,,,,,,,,,,,0.450299,2026-06-30,,,,,,0.012056742673380416,0.12011881515716705,0.1365275782166977,,13.84600019454956,13.8063822555542,,0.030622581052758946,0.03357999174787163,,,,,0.06951137867823576,0.013292933718569083,0.05621844495966667,58.145264723666514,100.0,100.0,0.9327287457052195,0.0707662279353624,14.100000381469727,13.66531570141132,,,0.011913109379156035,0.04237454358478104,,,,,,,,,,,,,,,,,,,,,,14.270000457763672,11.78133773803711,0.0,0.21123770280277188,80.3663886619307,0.05200934010716354,0.003644662819815649,0.18941787146693367,0.13780323685506565,0.0,534.25,7397.225603938103,0.006354650375600667,0.23076923076923078,,,,,,,,0.3075601374570447,0.8527397260273972,0.5008532423208191,0.06872852233676977,0.69,,,50.18,
GTUM,Betashares Global Momentum ETF,Unknown,,Spotlight ETP List,AUD,2026-08-14,24.190000534057617,,,,,,,,,,,,,,,,,,,,8.215360247534305,,,,,,,,-0.6603819732881889,0,0.25,,,,0.05,,0.04,0.06,,,0.02,5,0.3,,,,,,,,,,,,,,,,,,,,,,,0.336555,2026-07-01,,,,,,0.026215680728705504,0.12994490256849622,0.25446944921715864,,23.295499801635742,23.917016716003417,,0.041832142019957885,0.014758686083288453,,,,,0.06385874533542335,-0.08720711296992179,0.15106585830534514,13.955817335773412,98.41901077162467,93.91963224032186,0.9068082225377091,0.1028301290446025,23.989999771118164,23.77999973297119,24.389999389648438,24.815263248305914,0.011536904876981124,0.02018956388753323,0.004944331669609814,0.022466534003208874,0.4285665628980729,,,,,,,,,,,,,,,,,,,26.020000457763672,17.945167098632336,-0.0672559557729695,0.35245329978640183,58.24889077768459,0.4109039366135023,0.016930528589341628,0.3187352411357939,0.28979502607882257,0.0,9162.15,213436.8635075569,0.8111339766490092,0.23076923076923078,,,,,,,,0.10652920962199308,0.2345890410958904,0.5008532423208191,0.4054982817869416,4.05,,,25.68,
GVF,Staude Capital Global Value Fund Limited,Unknown,,Spotlight LIC List,AUD,2026-08-14,1.3799999952316284,278930944.0,202123867.0,,,0.0,273632725.0,,,,,,,,,,,,,,0.46867287524287427,,,,,,,,-0.6603819732881889,0,0.25,,,,0.05,,0.04,0.06,,,0.02,5,0.3,,,,,,,,,0.0,0.0,0.0,,,,0.09353,0.111090004,,0.07,0.0478,0.8049,0.0535,2026-03-31,0.033,2026-03-30,0.05072463785643038,0.061184892393940975,,,278930944.0,0.025735269303862385,0.05681812537439157,0.055514289675294703,0.03882840554272238,1.3822499930858612,1.3662000012397766,1.3523701643943786,0.009224082405085321,0.02108035401888597,0.03152229889013092,0.03152229889013092,,,0.0035511651033206526,0.004632888806690089,-0.0010817237033694362,21.369683621937074,87.5,54.16666666666665,0.8651811332057038,0.02525892376780977,1.3745431234235308,1.3620193373131781,1.4005834064767166,1.4114714096949499,0.014664414181135753,0.023642038755750272,0.004002455646267923,0.011807475981108205,0.2729366203674653,,,,,,,,,,,,,,,,,,,1.4435522646400978,1.2631082196622179,-0.03363389390386151,0.10441841737010193,56.89272976787069,0.020497534613551284,0.014693573400579897,0.13981412502990606,0.2087321564646991,0.0,56755.0,78449.59835758805,0.1125915219793468,0.38461538461538464,,,,,,0.23106060606060605,,0.47594501718213056,0.31849315068493156,0.5008532423208191,0.26804123711340205,2.68,,,44.41,
GWTH,VanEck MSCI International Growth ETF,Unknown,,Spotlight ETP List,AUD,2026-08-14,21.219999313354492,,,,,,,,,,,,,,,,,,,,7.206694293627439,,,,,,,,-0.6603819732881889,0,0.25,,,,0.05,,0.04,0.06,,,0.02,5,0.3,,,,,,,,,,,,,,,,,,,,,,,0.73,2026-07-01,,,,,,0.02266149076862556,0.11028364573956284,0.16517815043423267,,20.30350008010864,20.732709426879882,19.5978866481781,0.044647425359537474,0.02302109424125587,0.08225950405955751,0.08225950405955751,,,0.14558552763199728,-0.007856248195429176,0.15344177582742646,13.68865004514073,91.94134587572469,94.64421917637738,0.8389024104096103,0.13174124464200465,20.980752781273626,20.75378959029952,21.239999771118164,21.483871644124505,0.010808407029439998,0.021509170856453156,0.0014144595917248584,0.012912426754999009,0.1308666103961616,,,,,,,,,,,,,,,,,,,22.399999618530273,16.800000651420213,-0.05312502474657166,0.26249989655087536,58.80824103518925,0.3755508911150383,0.01770631340526414,0.318936828653601,0.3011546600225736,0.0,2039.0,41398.83666334152,0.7835653941553571,0.23076923076923078,,,,,,,,0.10481099656357384,0.21746575342465757,0.5008532423208191,0.19072164948453607,1.91,,,25.18,
GXAI,Global X Artificial Intelligence ETF,Unknown,,Spotlight ETP List,AUD,2026-08-14,16.670000076293945,,,,,,,,,,,,,,,,,,,,5.66143253119669,,,,,,,,-0.6603819732881889,0,0.25,,,,0.05,,0.04,0.06,,,0.02,5,0.3,,,,,,,,,,,,,,,,,,,,,,,0.804556,2026-07-02,,,,,,0.05312502384185791,0.07523384662290522,0.3139966382044961,0.3169405220265933,15.873000001907348,16.4288627243042,14.64066695690155,0.0615510854561192,0.02563401157053402,0.15090387829133056,0.15090387829133056,,,0.11681178593915575,-0.049973495008193675,0.16678528094734943,19.36247896709847,97.86327973600329,95.70518339041917,0.9212329977280458,0.14612123406309557,16.628279364144788,16.360000610351562,17.010000228881836,17.639440536499023,0.013158517050763355,0.02908010445252134,0.009495539690792193,0.04685104671555139,0.7216268865374412,,,,,,,,,,,,,,,,,,,18.422994200817236,11.925256148963625,-0.08538209382260631,0.41296758501360076,59.53391933763357,0.4317526502851547,0.02562330210745642,0.33673692818590084,0.35263733639873407,0.0,64683.7,1026724.3702233743,0.9904504663341995,0.23076923076923078,,,,,,,,0.08419243986254299,0.08047945205479456,0.5008532423208191,0.7061855670103093,7.06,,,20.83,
GXLD,Global X Gold Bullion ETF,Unknown,,Spotlight ETP List,AUD,2026-08-14,61.95000076293945,,,,,,,,,,,,,,,,,,,,21.039337013904692,,,,,,,,-0.6603819732881888,0,0.25,,,,0.05,,0.04,0.06,,,0.02,5,0.3,,,,,,,,,,,,,,,,,,,,,,,,,,,,,,0.06650370915880233,-0.037037072664480974,-0.15138891008165145,0.18779160391338712,59.13649959564209,59.10479972839355,64.71859985351563,0.0332028255291541,0.033756966522112464,-0.05591285020975256,-0.05591285020975256,,,0.7454564618300381,0.3016989320563642,0.4437575297736739,23.022269810977477,69.47563630077244,81.11754349642005,0.7907959473691938,0.11417912054668339,60.7599983215332,59.97999954223633,61.51800003051758,62.78749942779541,0.005564650754155054,0.018330588540998758,0.006841269506308213,0.027618674235958575,1.2294157905956493,,,,,,,,,,,,,,,,,,,79.12000274658203,51.0099983215332,-0.22775535448574535,0.19780436158784442,61.15326750069722,0.8930945959583703,0.014616933195778073,0.16831306500339316,0.20429880618376728,0.0,38510.35,2277367.2972030356,0.6564859077110432,0.23076923076923078,,,,,,,,0.3608247422680413,0.3236301369863014,0.5008532423208191,0.8230240549828178,8.23,,,39.35,
H100,Betashares FTSE 100 Currency Hedged ETF,Unknown,,Spotlight ETP List,AUD,2026-08-14,13.930000305175781,,,,,,,,,,,,,,,,,,,,4.730879215738725,,,,,,,,-0.6603819732881889,0,0.25,,,,0.05,,0.04,0.06,,,0.02,5,0.3,,,,,,,,,,,,,,,,,,,,,,,0.324372,2026-07-01,,,,,,0.037369207453171516,0.07783200340658736,0.05386240417077737,0.200803256257871,13.805000066757202,13.502831687927246,12.99278444290161,0.0054328176255731275,0.027932542982883612,0.06828526059508544,0.06828526059508544,,,0.12863907060052782,0.14244605833471952,-0.0138069877341917,26.826716167194032,45.00011920940324,66.173068463306,0.5988830788609368,0.054941833204985926,13.649012038866045,13.402476479848652,13.976666768391928,,0.016641792051179438,0.03440371978782948,0.006964456279105975,,0.41849196635120733,,,,,,,,,,,,,,,,,,,13.989999771118164,11.496215665293134,-0.007862734701707175,0.20735383873707125,59.049063558274966,0.08062004810729698,0.005808360766756689,0.11957460632071688,0.1305471840111275,0.0,13537.75,186888.6396537423,0.6352548833913969,0.23076923076923078,,,,,,,,0.5945017182130584,0.7654109589041096,0.5008532423208191,0.37800687285223367,3.78,,,60.91,
HACK,Betashares Global Cybersecurity ETF,Unknown,,Spotlight ETP List,AUD,2026-08-14,18.0,,,,,,,,,,,,,,,,,,,,6.113124480812599,,,,,,,,-0.660381973288189,0,0.25,,,,0.05,,0.04,0.06,,,0.02,5,0.3,,,,,,,,,,,,,,,,,,,,,,,0.615682,2026-07-01,,,,,,0.0833332213997342,0.3172803801924957,0.5285918929803919,0.3047176858842571,17.06049962043762,16.478360958099366,13.972855052947999,0.08203156385634247,0.1202569922707808,0.3211329405852499,0.3211329405852499,,,0.5202142355797683,0.3975687040532565,0.12264553152651181,24.26511981589777,96.3855357084039,93.2243227561002,0.9401220784733102,0.18638366005380266,17.93000030517578,17.399999618530273,,,0.028710661190805547,0.0574214257049441,,,,,,,,,,,,,,,,,,,,,,18.549999237060547,10.881355417266075,-0.004851760446872744,0.6964797469239088,71.08204313311651,0.3423161960922123,0.018543673514054847,0.26284199099429,0.3445285777640251,0.0,154997.2,2644329.6717688944,0.5300599297496863,0.23076923076923078,,,,,,,,0.15807560137457044,0.18664383561643838,0.5008532423208191,0.8419243986254296,8.42,,,26.81,
HBRD,BetaShares Australian Hybrids Active ETF,Unknown,,Spotlight ETP List,AUD,2026-08-14,10.079999923706055,,,,,,,,,,,,,,,,,,,,3.4233496833442567,,,,,,,,-0.6603819732881889,0,0.25,,,,0.05,,0.04,0.06,,,0.02,5,0.3,,,,,,,,,,,,,,,,,,,,,,,0.047582,2026-08-03,,,,,,0.004733432060967324,0.01529672103889168,0.021681345571365584,0.047917716767601926,10.057229137420654,10.022469654083253,9.878987259864807,0.002264121257879559,0.005740129090773927,0.020347497021065974,0.020347497021065974,,,0.016877419735999766,0.016563758335104928,0.00031366140089483796,98.89305925307872,100.0,95.55956434100649,0.8697147209718961,0.006123968371959309,10.048325856589733,9.943611802569903,,,0.003142268586910526,0.013530567675441701,,,,,,,,,,,,,,,,,,,,,,10.079999923706055,9.600102138880526,0.0,0.04998882073159794,71.63588007751922,0.010529388794187008,0.0010445822295518162,0.012161067033022197,0.010569248660078922,0.0,245697.65,2471037.5645757816,0.014089312916051533,0.23076923076923078,,,,,,,,0.9656357388316151,0.9554794520547946,0.5008532423208191,0.8402061855670103,8.4,,,82.37,
HCF,H&G High Conviction Limited,Unknown,,Spotlight LIC List,AUD,2026-08-14,0.029999999329447746,582194.0,19406478.0,,,0.0,,21923.0,,,,,,,,,,,,,0.0101885405736227,,,,,,,,-0.6603819732881888,0,0.25,,,,0.05,,0.04,0.06,,,0.02,5,0.3,,,,,,,,,0.0,0.0,0.0,,,,0.59309,0.060549997,,,,0.0,,2024-09-25,0.02,2024-09-25,,,,,582194.0,0.0,0.0,0.11111105745466787,-0.16666664941995157,0.029999999329447746,0.029999999329447746,0.030044999592937528,0.0,0.0,-0.0014977621600753555,-0.0014977621600753555,,,2.707313169758585e-07,3.9810962951388244e-07,-1.2737831253802393e-07,35.93607516504714,,,,0.0,0.028999999165534973,0.027000000700354576,0.03099999949336052,0.032999999821186066,0.03333333954215063,0.09999995653827888,0.03333333954215063,0.10000001862645191,1.0,,,,,,,,,,,,,,,,,,,0.03700000047683716,0.014999999664723873,-0.18918921776153952,1.0,63.04535821529537,1.222156156280396e-07,4.073853945325717e-06,0.0,0.0,0.0,0.0,0.0,0.09660576578999602,0.38461538461538464,,,,,,0.23106060606060605,,0.9948453608247423,0.9982876712328768,0.5008532423208191,0.00429553264604811,0.04,,,84.75,
HCRD,Betashares Interest Rate Hedged Australian Grade Corporate Bond ETF,Unknown,,Spotlight ETP List,AUD,2026-08-14,25.389999389648438,,,,,,,,,,,,,,,,,,,,8.622901490926491,,,,,,,,-0.6603819732881889,0,0.25,,,,0.05,,0.04,0.06,,,0.02,5,0.3,,,,,,,,,,,,,,,,,,,,,,,0.120406,2026-08-03,,,,,,0.005945058520358204,0.019021596733292956,0.01806919206426949,0.045536108572615364,25.293960189819337,25.172664947509766,24.877409992218016,0.0030062769468841566,0.007839292825575717,0.019800728740229534,0.019800728740229534,,,0.05735589881993164,0.05582445429449263,0.0015314445254390116,50.33166135860512,78.94049633541698,91.12758226470231,0.8452775602439074,0.008706841373533097,25.185232338958507,24.96845034856834,,,0.0072829520757901126,0.01582776812699517,,,,,,,,,,,,,,,,,,,,,,25.40999984741211,24.22698402404785,-0.00157414436910297,0.047179492670279544,65.3989508551109,0.049861453284222396,0.0019653705807969163,0.01756266014213508,0.019642786498605482,0.0,23736.8,600397.6742337036,0.012002813993669974,0.23076923076923078,,,,,,,,0.9518900343642611,0.9366438356164384,0.5008532423208191,0.6065292096219931,6.07,,,81.28,
HCW,Healthco Healthcare and Wellness REIT,Real Estate,,Spotlight A-REITS  List,AUD,2026-08-14,0.7149999737739563,404379328.0,550175919.0,52900000.0,373700000.0,320800000.0,1272800000.0,,,,760893295.977,1.383,,,-0.4236163054279745,1.1184209846710078,,-0.33889304434237966,,0.11599502233457185,0.24282688019210774,Overvalued,-1.5924703789736063,0.5642252107614637,,-1.473976303178885,,-0.8377691935814768,-0.6603819732881889,1,0.25,-0.3177122290709809,4937500.0,0.046,0.046,0.737,0.04,0.06,0.08421999999999999,0.08421999999999999,0.02,5,0.3,0.012210070243748958,,,0.5314534,,,0.02189,-0.1232,0.76337,0.75,-1.62561,48.697,0.142,0.139,0.24237,0.09668,,,,0.0,,2024-12-30,0.021,2024-12-29,,,0.2,,731479296.0,0.014084577986089863,0.06666669021418015,0.07462688160516184,-0.13772449447586277,0.7292500078678131,0.7129999959468841,0.7049749994277954,-0.012684236075127142,0.00981771767620998,0.021312853923372233,0.021312853923372233,,,0.0035054409952099963,0.007003605811572366,-0.00349816481636237,22.131889121486086,12.500130385090502,10.833368847746101,0.3161369109837016,0.06898739786756614,0.7149999737739563,0.7058333158493042,0.7250000238418579,0.7300000190734863,0.006944520329984546,0.01967598916387601,0.006944437545758981,0.013888875091517962,0.9999880792017833,,,,,,,,,,,,,,,,,,,0.8600000143051147,0.6000000238418579,-0.16279067833272787,0.19999999999999996,48.31462742614966,0.01660114090048466,0.02305713922335363,0.22872275230220457,0.3321309355448992,0.0,807377.75,588780.2305397972,0.34467397473954453,1.0,0.15625,0.29591836734693877,0.15625,0.8888888888888888,0.04081632653061224,0.015151515151515152,,0.2096219931271478,0.10273972602739723,0.5008532423208191,0.6030927835051546,6.03,27.14,,27.03,
HDN,Homeco Daily Needs REIT,Real Estate,,Spotlight A-REITS  List,AUD,2026-08-14,1.2050000429153442,2695195904.0,2089299164.0,29400000.0,1837799936.0,1808399936.0,,1887900000.0,,,3230056507.544,1.546,,,0.8906923071570291,1.594433455547784,,0.7125538457256233,1.5912305516265912,0.07780035547395964,0.4092397367625569,Overvalued,-0.26083628594559016,0.32318124378672647,,-0.4086690287564721,0.32052323232853286,-0.9354353919475956,-0.6603819732881889,2,0.25,0.6680192303677718,170087504.0,0.101,0.101,0.776,0.04,0.06,0.08656,0.08656,0.02,5,0.3,0.06310765898225408,,,0.8344114,,,0.028239999,0.12060001,0.67098,0.70035005,1.08333,56.915,0.717,0.274,0.14594,0.37003,,0.09,0.066700004,0.4729,0.0643,2026-06-29,0.0215,2026-06-29,0.07468879402050181,0.11977195714263854,0.14161331863101617,,4502047232.0,-0.08333334910175805,-0.04159139770480691,-0.09075841125529749,-0.06185651060315989,1.2654999792575836,1.2672252249717713,1.2540304869413377,-0.08731727355115315,-0.08855983243586452,-0.07896978309762559,-0.07896978309762559,,,-0.00949383100833967,0.0014705150767746547,-0.010964346085114325,15.863160609140035,8.496739664827103,36.68806293763428,-0.3536449473889411,0.10228757730978444,1.127134838216156,,1.1640293699946258,1.1734197028717692,0.02412565702498285,,0.007817661323394271,0.015947819859973594,0.3240393128070604,,,,,,,,,,,,,,,,,,,1.3458225556817531,1.1253893908292767,-0.14178881419870215,0.026311409012550246,22.148856717544277,0.03400027199535137,0.029437465660228587,0.2733392397445186,0.21069727509453057,0.0,3605374.7,4562601.608065817,0.45243735029478577,1.0,0.4895833333333333,0.6224489795918368,0.4895833333333333,0.5454545454545454,0.826530612244898,0.9545454545454546,,0.13745704467353947,0.049657534246575374,0.5008532423208191,0.9089347079037801,9.09,53.5,,22.45,
HETH,Betashares Global Sustainability Leaders ETF - Currency Hedged,Unknown,,Spotlight ETP List,AUD,2026-08-14,17.540000915527344,,,,,,,,,,,,,,,,,,,,5.956900499454757,,,,,,,,-0.6603819732881888,0,0.25,,,,0.05,,0.04,0.06,,,0.02,5,0.3,,,,,,,,,,,,,,,,,,,,,,,0.318974,2026-07-01,,,,,,0.03632108086219765,0.13085648464544586,0.16672181807557718,0.2020508852575449,17.166750049591066,16.86015678405762,15.673371987342835,0.03048046269416127,0.04921921905166804,0.1286659021647243,0.1286659021647243,,,0.21350195685300477,0.1718387981113097,0.04166315874169507,21.26718594335601,97.64722513934889,95.17978315126375,0.9859909023947269,0.06271817547194475,17.450000762939453,17.105000495910645,,,0.013566973650232812,0.03306953196641816,,,,,,,,,,,,,,,,,,,,,,17.709999084472656,13.866735239102573,-0.0011292236842955772,0.2757148837870562,70.7836751902014,0.14513246557289053,0.008204209225063317,0.12023455126714688,0.1281942479570517,0.0,21698.75,372497.01763856417,0.7851510391947741,0.23076923076923078,,,,,,,,0.5893470790378007,0.6113013698630136,0.5008532423208191,0.5034364261168385,5.03,,,56.83,
HEUR,Betashares Europe ETF - Currency Hedged,Unknown,,Spotlight ETP List,AUD,2026-08-14,18.940000534057617,,,,,,,,,,,,,,,,,,,,6.432365607297295,,,,,,,,-0.6603819732881889,0,0.25,,,,0.05,,0.04,0.06,,,0.02,5,0.3,,,,,,,,,,,,,,,,,,,,,,,0.784359,2026-07-01,,,,,,0.0369357679069251,0.12138904609122259,0.09832549232944321,0.21968362338891012,18.443500137329103,18.317696533203126,17.207306699752806,0.027462283288908207,0.03451876324024683,0.10127639924100862,0.10127639924100862,,,0.19737558712137115,0.13913410601293563,0.05824148110843552,19.791768546546297,97.96968763978367,98.9777982184226,0.8886094843805175,0.07066807268660952,18.653770508193453,18.481139317640796,18.96500015258789,19.267568654946178,0.015632202787312695,0.024742027779524427,0.0007915244878391683,0.01675819943119965,0.05063422593785568,,,,,,,,,,,,,,,,,,,19.267568654946178,15.18196226945801,-0.0164819909400038,0.2481917967258893,67.30193715072141,0.1632863004556891,0.008616690970009267,0.11914422499288452,0.1345723942297152,0.0,15534.9,286517.9302833939,0.9458831165870557,0.23076923076923078,,,,,,,,0.6013745704467354,0.5907534246575342,0.5008532423208191,0.4639175257731959,4.64,,,56.86,
HGBL,Betashares Global Shares Currency Hedged ETF,Unknown,,Spotlight ETP List,AUD,2026-08-14,87.6500015258789,,,,,,,,,,,,,,,,,,,,29.767520559506224,,,,,,,,-0.6603819732881889,0,0.25,,,,0.05,,0.04,0.06,,,0.02,5,0.3,,,,,,,,,,,,,,,,,,,,,,,0.687353,2026-07-01,,,,,,0.0328061289023549,0.07878553777155561,0.13398418192746342,0.22835018939816787,85.64050025939942,84.70776763916015,79.5997451019287,0.029302739461801064,0.040636578942583546,0.10741562567821616,0.10741562567821616,,,0.9534230160440416,0.7020187945506696,0.25140422149337194,22.10017597834631,98.22841652336504,96.28329552805162,0.8991969114697862,0.07340422388017125,85.40499877929688,84.75008565425858,,,0.031140132717707995,0.03856966321914563,,,,,,,,,,,,,,,,,,,,,,88.23999786376953,71.09150107019043,-0.0010199041258995845,0.2399513331255474,68.03406296651292,0.6527004113770566,0.0074044288154145755,0.12443977868582856,0.12032971942559513,0.0,72125.4,6176855.337409286,0.8076539768387633,0.23076923076923078,,,,,,,,0.5567010309278351,0.6695205479452055,0.5008532423208191,0.9347079037800687,9.35,,,56.82,
HGCQ,GCQ Global Equities Hedged Complex ETF,Unknown,,Spotlight ETP List,AUD,2026-08-14,5.320000171661377,,,,,,,,,,,,,,,,,,,,1.806767960406133,,,,,,,,-0.6603819732881889,0,0.25,,,,0.05,,0.04,0.06,,,0.02,5,0.3,,,,,,,,,,,,,,,,,,,,,,,0.046151,2026-07-01,,,,,,0.06640628128661841,0.09038861637122264,,,5.199499988555909,5.031871814727783,,0.05010098089516757,0.08508329289432637,,,,,0.09360572430511027,0.07338592518663131,0.02021979911847896,22.2651114860952,100.0,93.33336058117838,1.0357815188027117,0.09351009532229893,5.299610614776611,5.2649936573256575,,,0.029375352060399373,0.03571545411334775,,,,,,,,,,,,,,,,,,,,,,5.460000038146973,4.645827293395996,0.0,0.17524817289448458,69.66805035556004,0.05456136100752264,0.009992923191634225,0.23652173929058481,0.23243638240136538,0.0,10552.15,54865.90380424023,0.3996585889925751,0.23076923076923078,,,,,,,,0.19587628865979378,0.5068493150684932,0.5008532423208191,0.22336769759450173,2.23,,,36.51,
HGEN,Global X Hydrogen ETF,Unknown,,Spotlight ETP List,AUD,2026-08-14,10.34000015258789,,,,,,,,,,,,,,,,,,,,3.511650448021726,,,,,,,,-0.6603819732881888,0,0.25,,,,0.05,,0.04,0.06,,,0.02,5,0.3,,,,,,,,,,,,,,,,,,,,,,,0.077691,2026-07-02,,,,,,0.015015072636763493,-0.15456478723899103,0.17833748810586925,0.7902461483830672,9.486750078201293,10.551847972869872,9.500550503730773,0.06885922573448022,-0.03903085323120936,0.06730660916342424,0.06730660916342424,,,-0.11161791702416579,-0.3060810881710174,0.19446317114685163,20.543387440313293,89.03509102149364,95.73099811468126,0.8031563094669693,0.2271409948734148,10.010000228881836,9.489999771118164,10.54303740744411,10.86101860987224,0.012820523672518784,0.06410261836259393,0.0397472436366098,0.0711063355164756,3.1002823794015004,,,,,,,,,,,,,,,,,,,13.245871521650034,5.435477120296519,-0.2344784315060594,0.8655216679064213,53.06773586292788,0.3503729002715231,0.03455353929077977,0.657828164084016,0.570679260085055,0.0,18758.15,177953.8809794116,1.6395954591234505,0.23076923076923078,,,,,,,,0.005154639175257714,0.023972602739726012,0.5008532423208191,0.3694158075601375,3.69,,,15.86,
HHIF,Hejaz High Innovation Active ETF,Unknown,,Spotlight ETP List,AUD,2026-08-14,0.8600000143051147,,,,,,,,,,,,,,,,,,,,0.29207150783043245,,,,,,,,-0.6603819732881888,0,0.25,,,,0.05,,0.04,0.06,,,0.02,5,0.3,,,,,,,,,,,,,,,,,,,,,,,,,,,,,,0.0,,,,0.8600000143051147,,,0.0,,,,,,0.0,0.0,0.0,,,,,0.0,,,,,,,,,,,,,,,,,,,,,,,,,,,,0.875,0.8600000143051147,-0.017142840794154623,0.0,,0.0029378377748582895,0.0034160903790589822,0.0,,0.0,0.0,0.0,,0.23076923076923078,,,,,,,,0.9948453608247423,0.863013698630137,0.5008532423208191,0.00429553264604811,0.04,,,81.37,
HJHI,Hejaz High Income Active ETF,Unknown,,Spotlight ETP List,AUD,2026-08-14,1.0800000429153442,,,,,,,,,,,,,,,,,,,,0.3667874834235805,,,,,,,,-0.6603819732881889,0,0.25,,,,0.05,,0.04,0.06,,,0.02,5,0.3,,,,,,,,,,,,,,,,,,,,,,,0.019349,2026-07-01,,,,,,0.009345785021542818,0.008816077992776394,-0.026894171953765422,0.07893546237682192,1.0810000419616699,1.077967882156372,1.077733153104782,-0.0009250684620797367,0.0018851774645707309,0.002103386913570926,0.002103386913570926,,,0.0018203976934969557,0.0017585082613735055,6.188943212345017e-05,16.404641812506867,57.143003113057816,61.904891656051404,0.4514357068821193,0.0190483254813229,1.0758631531235139,1.0665228393885529,1.0858704547112137,1.1000781731399458,0.0038304533587454922,0.01247889165856986,0.005435566261666897,0.018590860580341116,1.419039928852467,,,,,,,,,,,,,,,,,,,1.1245809847673116,1.0009866952896118,-0.03964226894801326,0.07893546237682192,49.68693656999199,0.010094643665960043,0.00934689191188422,0.08981500447368256,0.17632984929943527,0.0,9512.1,10282.5804991436,0.3736031799695754,0.23076923076923078,,,,,,,,0.7628865979381443,0.5410958904109588,0.5008532423208191,0.09450171821305842,0.95,,,62.88,
HJPN,Betashares Japan Currency Hedged ETF,Unknown,,Spotlight ETP List,AUD,2026-08-14,31.75,,,,,,,,,,,,,,,,,,,,10.782872348100003,,,,,,,,-0.6603819732881889,0,0.25,,,,0.05,,0.04,0.06,,,0.02,5,0.3,,,,,,,,,,,,,,,,,,,,,,,1.803182,2026-07-01,,,,,,0.04930966457061059,0.1172191810085852,0.16821261220434525,0.5025895566027969,30.347499942779542,30.379061813354493,27.147252082824707,0.05181646384312932,0.050723694905616235,0.1758096170805008,0.1758096170805008,,,0.35119202442776754,0.13120389183144188,0.21998813259632566,14.936912046418161,95.73773136770063,97.58259942975256,1.016443785722378,0.10033321200806149,31.919983869185224,31.0,,,5.077415000941896e-07,0.02882205745911644,,,,,,,,,,,,,,,,,,,,,,32.04999923706055,20.51079750061035,-0.0040561361579153354,0.5562534843096221,66.28920162196573,0.5663594496944568,0.017743090486866116,0.21460492783393317,0.2612054814317408,0.0,43418.45,1317641.4088905763,1.1156550838581298,0.23076923076923078,,,,,,,,0.23367697594501713,0.21575342465753422,0.5008532423208191,0.7422680412371134,7.42,,,30.93,
HJZP,Hejaz Property Fund Active ETF,Unknown,,Spotlight ETP List,AUD,2026-08-14,0.7699999809265137,,,,,,,,,,,,,,,,,,,,0.2615058740903948,,,,,,,,-0.6603819732881888,0,0.25,,,,0.05,,0.04,0.06,,,0.02,5,0.3,,,,,,,,,,,,,,,,,,,,,,,0.00191,2024-07-01,,,,,,0.0,-0.012820501064172207,-0.0064516069489635175,,0.7699999809265137,0.7699999809265137,0.7714999893307686,0.0,0.0,-0.0019442753402447721,-0.0019442753402447721,,,2.9497609986717244e-05,4.308307452692877e-05,-1.3585464540211527e-05,7.46664283295986,,,,0.0,0.7649999856948853,0.7577499926090241,0.7749999761581421,0.7799999713897705,0.006493500461665078,0.015909076131079385,0.006493500461665078,0.012987000923330156,1.0,,,,,,,,,,,,,,,,,,,0.8349999785423279,0.7225000262260437,-0.07784431052236152,0.06574387955192829,51.21350056721726,0.0001668732911436901,0.00021671856529515416,0.0,0.04038250557030975,0.0,0.0,0.0,0.3349078387946335,0.23076923076923078,,,,,,,,0.9948453608247423,0.9965753424657534,0.5008532423208191,0.00429553264604811,0.04,,,84.71,
HLTH,VanEck Global Healthcare Leaders ETF,Unknown,,Spotlight ETP List,AUD,2026-08-14,11.989999771118164,,,,,,,,,,,,,,,,,,,,4.072020062542217,,,,,,,,-0.6603819732881889,0,0.25,,,,0.05,,0.04,0.06,,,0.02,5,0.3,,,,,,,,,,,,,,,,,,,,,,,0.04,2026-07-01,,,,,,0.054529453984123455,0.11501309111561908,0.018712165224782362,0.07037293298042524,11.724500036239624,11.504224090576171,11.614854578971864,0.022644866225246085,0.04222585345324781,0.03229874206307182,0.03229874206307182,,,0.1477603614825398,0.1276965204932502,0.020063840989289594,16.274448753765583,78.68849383472659,81.50661234240742,0.7799740157918665,0.08088202814535636,11.965564243958754,11.69003390942936,12.048807144165039,12.357750201598279,0.002037992295735555,0.025018003954543018,0.0049047017655940075,0.03067142931611741,2.4066341054659364,,,,,,,,,,,,,,,,,,,12.955706863322996,10.464224807919111,-0.07453912799916029,0.14580869497799576,62.26817828035075,0.15298510043416078,0.012759391439078708,0.16156862581740555,0.17752624811051793,0.0,16031.1,187956.63253096104,0.35787682532356274,0.23076923076923078,,,,,,,,0.3848797250859106,0.3904109589041096,0.5008532423208191,0.38144329896907214,3.81,,,42.11,
HM1,Hearts and Minds Investments Limited,Unknown,,Spotlight LIC List,AUD,2026-08-14,3.0299999713897705,680076992.0,228982167.0,781927360.0,0.0,-781927360.0,857953525.0,,,,769151098.953,3.359,,,5.471368844689424,3.194170171303428,,4.37709507575154,3.9899202015959685,4.985893976644604,1.029042611220238,Undervalued,0.8057323090270099,0.05418158464151984,,0.4445858472216081,0.31680535949507327,0.6455095787864722,-0.6603819732881889,4,0.25,4.103526633517069,46163424.0,-0.887,-0.1,0.627,0.04,0.06,0.07762,0.07762,0.02,5,0.3,0.06787970265578401,,,0.88419175,,,0.03,0.02474,1.0,0.92225,0.44737998,,24.682,24.682,0.13462,0.15099,,0.19,0.064,2.0095,0.058600000000000006,2026-02-25,0.095,2026-02-24,0.06270627121915538,-0.02021451220069717,-0.1,,-101850352.0,0.04040400148252998,0.11956519016170919,0.13207828499612684,-0.021948357746390812,2.9610000252723694,2.932000002861023,2.9265714573860167,0.043566324821316504,0.05388810066647798,0.0558429750180327,0.0558429750180327,,,0.026806064350876735,0.014893927495669245,0.01191213685520749,16.806319971307797,95.65217842001057,91.0653561595601,1.1451288182815673,0.0675312024308017,3.064130084913021,3.0399999618530273,3.102260979224396,3.1432727817462682,0.008372113260477246,0.01618121479130388,0.003967982328692286,0.01724041069796538,0.4739522991673066,,,,,,,,,,,,,,,,,,,3.3876689498805566,2.6500000953674316,-0.08786839567713378,0.1660376614970922,69.43057188725122,0.05310299293310832,0.01718543508354241,0.16601156719491186,0.16955766847758433,0.0,233061.9,690096.2917900264,0.8602364214648035,1.0,0.625,0.6530612244897959,0.625,0.46464646464646464,0.24489795918367346,0.5303030303030303,,0.3711340206185567,0.22773972602739723,0.5008532423208191,0.634020618556701,6.34,61.74,,37.42,
HMC,HMC Capital Limited,Real Estate,,Spotlight A-REITS  List,AUD,2026-08-14,3.059999942779541,1270856448.0,412615731.0,574800000.0,515800000.0,-59000000.0,,299200000.0,,,1649225076.807,3.997,,,-5.891721009174794,3.611569572931187,,-4.713376807339835,1.6055659620016054,1.5126609857682274,1.0392311423050424,Overvalued,-2.9253990586101346,0.18025151649206558,,-2.5403192468881075,-0.475305231364418,-0.5056663352763966,-0.6603819732881889,1,0.25,-4.418790756881095,-348849984.0,-0.212,-0.1,1.079,0.04,0.06,0.10474,0.10474,0.02,5,0.3,-0.27449991267621127,,,0.7705779,18.755,-0.8071135430916553,0.015520001,-0.00179,1.0,0.39793998,-0.01224,28.526,1.646,0.529,0.36909,0.14765,,0.12,0.039,0.32869998,,2026-03-03,0.06,2026-03-02,0.0392156870078234,0.005530436098035918,,,1371003264.0,0.028911577038312597,0.08812954190613942,-0.01158148660434144,-0.10229583793938635,2.971249997615814,2.9697000122070314,3.0648927807807924,0.018090062362557058,0.018621437496409765,-0.013016013370359403,-0.013016013370359403,,,0.040705490304146164,0.03270369516102496,0.008001795143121201,22.17789236029525,59.15493714480671,69.28178559282037,0.6183351726230754,0.1528713903192417,3.0115554097863235,2.976222181630833,3.0850000459601272,3.119999965031942,0.0044445240189240585,0.0161249296524977,0.0198346937854915,0.03140491460148899,4.462726199934708,,,,,,,,,,,,,,,,,,,4.517333199333839,2.1600000858306885,-0.330357101881809,0.40046295146515387,52.947308876633244,0.09669423118792735,0.03196503409570385,0.32591084501920103,0.3420634141124508,0.0,776278.9,2306518.679774207,1.4302243053845867,1.0,0.07291666666666667,0.02040816326530612,0.07291666666666667,0.6464646464646464,0.16326530612244897,0.06818181818181818,0.8823529411764706,0.09621993127147765,0.03595890410958902,0.5008532423208191,0.8281786941580757,8.28,11.45,24.26,20.25,25.78
HMND,Global X Humanoid Robotics ETF,Unknown,,Spotlight ETP List,AUD,2026-08-14,46.970001220703125,,,,,,,,,,,,,,,,,,,,15.951859129226555,,,,,,,,-0.6603819732881888,0,0.25,,,,0.05,,0.04,0.06,,,0.02,5,0.3,,,,,,,,,,,,,,,,,,,,,,,0.095451,2026-07-02,,,,,,0.003024398074735757,-0.15598314039128924,,,43.531500053405765,47.64010711669922,,0.06658397363320923,-0.02540100945951196,,,,,-0.131469349155644,-0.9231951743032809,0.7917258251476369,19.402954495754635,82.82140137008001,90.59538663061727,0.8033512883412529,0.21949461298580702,44.630001068115234,41.0,47.793768553915385,49.8101342070387,0.03876802121967447,0.11695025348880889,0.029372566008524826,0.07280064354180328,0.7576493482112127,,,,,,,,,,,,,,,,,,,58.05525485972461,39.150001525878906,-0.20024465627854404,0.18595143028243966,53.21056381591434,1.540366494114651,0.033176103467372556,0.4582501542595316,0.4766302835649773,0.0,2017.8,87837.86080776215,0.9963153631353722,0.23076923076923078,,,,,,,,0.037800687285223344,0.03253424657534243,0.5008532423208191,0.2869415807560137,2.87,,,17.54,
HNDQ,Betashares NASDAQ 100 ETF - Currency Hedged ETF,Unknown,,Spotlight ETP List,AUD,2026-08-14,57.119998931884766,,,,,,,,,,,,,,,,,,,,19.39898132302746,,,,,,,,-0.660381973288189,0,0.25,,,,0.05,,0.04,0.06,,,0.02,5,0.3,,,,,,,,,,,,,,,,,,,,,,,1.201646,2026-07-01,,,,,,0.020184125334419267,0.04219633540690659,0.20780095477508276,0.25468090097375895,55.424499893188475,56.16946388244629,51.4356561088562,0.039612428491503815,0.02582426374006741,0.12023454721643456,0.12023454721643456,,,0.3894178728473747,0.05062168514146985,0.33879618770590486,14.980670549355535,98.16509587487795,95.10456710904596,0.865725082169594,0.10831203661644068,57.22500038146973,56.57989387259249,58.2706851411794,58.754161555336076,0.006855233560173871,0.018051112089082624,0.011292714705945056,0.019683489143969883,1.647312904340875,,,,,,,,,,,,,,,,,,,58.754161555336076,43.84770281776461,-0.019303528353189603,0.31409390296589024,60.147677433733556,0.7993101141273452,0.013872095261095826,0.24850888318175796,0.2276191079527098,0.0,83154.0,4608768.864118194,0.9129492015195974,0.23076923076923078,,,,,,,,0.1701030927835051,0.34589041095890416,0.5008532423208191,0.9140893470790378,9.14,,,31.33,
HQLT,Betashares Global Quality Leaders ETF - Currency Hedged,Unknown,,Spotlight ETP List,AUD,2026-08-14,35.68000030517578,,,,,,,,,,,,,,,,,,,,12.117571296720616,,,,,,,,-0.6603819732881889,0,0.25,,,,0.05,,0.04,0.06,,,0.02,5,0.3,,,,,,,,,,,,,,,,,,,,,,,1.354352,2026-07-01,,,,,,0.05001471096386889,0.1078515980318766,0.12183706739817368,0.20192676716429303,34.68250007629395,34.32331771850586,32.48223907470703,0.035104200876716396,0.045936229717180144,0.10521942293790909,0.10521942293790909,,,0.4651556141107136,0.3342808849814528,0.1308747291292608,28.29709512245853,90.66670735677083,92.57962730433293,0.8980110129865656,0.08819906919988015,35.33000183105469,34.72999954223633,,,0.015877428150339445,0.032590583117361974,,,,,,,,,,,,,,,,,,,,,,36.11000061035156,29.298254121353803,-0.005815538103659201,0.22532903760000744,71.59940252434073,0.3207809452252317,0.008935401994175217,0.1240267833933543,0.12727247171566908,0.0,11324.65,392767.17448900227,0.7925774999603257,0.23076923076923078,,,,,,,,0.5618556701030928,0.5736301369863014,0.5008532423208191,0.5171821305841925,5.17,,,54.65,
HQUS,Betashares S&P 500 Equal Weight Currency Hedged ETF,Unknown,,Spotlight ETP List,AUD,2026-08-14,51.81999969482422,,,,,,,,,,,,,,,,,,,,17.599006040562855,,,,,,,,-0.6603819732881889,0,0.25,,,,0.05,,0.04,0.06,,,0.02,5,0.3,,,,,,,,,,,,,,,,,,,,,,,1.050342,2026-07-01,,,,,,0.04335668365077128,0.11836892753357975,0.10469914105783573,0.20461792085148223,50.83950004577637,50.063465423583985,47.00191408157349,0.027154106033374426,0.043076039160949486,0.11101860937138563,0.11101860937138563,,,0.5677395737914139,0.47517138211409937,0.09256819167731456,19.308633165683503,94.7917411725437,96.56147856357683,0.9349465492811295,0.06243090347136718,51.81999969482422,51.380001068115234,,,0.007659929462435971,0.01608579343071452,,,,,,,,,,,,,,,,,,,,,,52.31999969482422,42.56131642842417,-0.0019112858315055714,0.22693576239640212,68.32051727477784,0.4082834019224627,0.007818525323216476,0.12754821409838482,0.105572068438441,0.0,14576.3,741051.80451725,0.6876354875316937,0.23076923076923078,,,,,,,,0.5481099656357389,0.6472602739726028,0.5008532423208191,0.6494845360824743,6.49,,,55.87,
HUGE,ETFS Magnificent 7+ ETF,Unknown,,Spotlight ETP List,AUD,2026-08-14,12.859999656677246,,,,,,,,,,,,,,,,,,,,4.367487706915295,,,,,,,,-0.6603819732881889,0,0.25,,,,0.05,,0.04,0.06,,,0.02,5,0.3,,,,,,,,,,,,,,,,,,,,,,,0.08978,2026-06-30,,,,,,-0.0053557533633254994,0.010029842642228282,0.1472381258245663,0.060776810074832266,12.647999906539917,12.852236270904541,12.479243297576904,0.027830494628488633,0.011497122055713627,0.04172983008707032,0.04172983008707032,,,0.039646435311043504,-0.01882390355164653,0.058470338862690034,15.067091951795614,98.14810726708069,87.96293271097305,0.770563130316776,0.10286137137718845,12.87076692550352,12.75574095006434,13.029831898810187,13.167609174164832,0.009941005730498413,0.0187891576873585,0.0022947614469374525,0.012893013397294805,0.23083795635458304,,,,,,,,,,,,,,,,,,,13.595888137817383,10.854862769369818,-0.04382855549979858,0.1976199309201141,55.95477030754207,0.1717870077069649,0.013214385208228069,0.27205351138872924,0.22816759147059823,0.0,4024.3,50899.34602388859,0.45470682326901674,0.23076923076923078,,,,,,,,0.14432989690721654,0.37671232876712324,0.5008532423208191,0.218213058419244,2.18,,,30.94,
HVLU,VanEck MSCI International Value (AUD Hedged) ETF,Unknown,,Spotlight ETP List,AUD,2026-08-14,42.20000076293945,,,,,,,,,,,,,,,,,,,,14.33188098634642,,,,,,,,-0.6603819732881889,0,0.25,,,,0.05,,0.04,0.06,,,0.02,5,0.3,,,,,,,,,,,,,,,,,,,,,,,7.18,2026-07-01,,,,,,0.05607945853636975,0.16588962281492003,0.3206864774292373,0.65675006338933,41.16599998474121,40.4861474609375,33.93001055717468,0.03386293030817944,0.051223789923564356,0.2543468355712455,0.2543468355712455,,,0.5704581875628705,0.46912290239116355,0.10133528517170692,22.937918657578216,93.48840510281933,95.36394091407703,0.9735593268556347,0.07150726083894131,42.0,41.25836166509201,,,0.01315792657944909,0.030583638773467307,,,,,,,,,,,,,,,,,,,,,,42.70000076293945,25.340785848388464,-0.003278674172061069,0.6795059801193024,68.83677092371538,0.44776239767452347,0.010520732688592476,0.12079340301226897,0.19190015145387268,0.0,13056.25,537473.5873007774,0.9795304541404863,0.23076923076923078,,,,,,,,0.5841924398625429,0.4845890410958904,0.5008532423208191,0.5807560137457045,5.81,,,53.43,
HVST,BetaShares Aus Dividend Harvester Active ETF,Unknown,,Spotlight ETP List,AUD,2026-08-14,13.600000381469727,,,,,,,,,,,,,,,,,,,,4.618805292834626,,,,,,,,-0.6603819732881889,0,0.25,,,,0.05,,0.04,0.06,,,0.02,5,0.3,,,,,,,,,,,,,,,,,,,,,,,0.060842,2026-08-03,,,,,,0.02666103774885742,0.06121655165905637,0.009991279690259258,0.011993181022389443,13.41188998222351,13.182667560577393,13.062648367881774,0.004332743922170534,0.021796249137820967,0.031184480181570606,0.031184480181570606,,,0.14070343630739757,0.141180998504201,-0.0004775621968034216,26.872861310702948,52.37259486720735,70.16331378153133,0.5631593209897097,0.06860022961419164,13.462484263287447,13.294135529819693,13.637792275558823,13.770000457763672,0.000557980964540813,0.013056030714386001,0.012456719020320087,0.02227172864051003,22.324630788384095,,,,,,,,,,,,,,,,,,,13.770000457763672,12.329933342167331,-0.02178650550194572,0.09246334860242467,54.75907095114398,0.12158204410276156,0.009026135240721858,0.09957595408295973,0.09849813292871165,0.0,41564.05,557452.4658156371,0.9102566232622563,0.23076923076923078,,,,,,,,0.7130584192439863,0.5650684931506849,0.5008532423208191,0.5859106529209622,5.86,,,61.24,
HYGG,Hyperion Global Growth Companies Fund - Active ETF,Unknown,,Spotlight ETP List,AUD,2026-08-14,6.0,,,,,,,,,,,,,,,,,,,,2.037708160270866,,,,,,,,-0.6603819732881889,0,0.25,,,,0.05,,0.04,0.06,,,0.02,5,0.3,,,,,,,,,,,,,,,,,,,,,,,0.705521,2026-06-30,,,,,,-0.0016446960806181243,0.06729599702994937,0.17236664903625698,-0.05327715538251221,5.809499955177307,5.9643428516387935,5.840125486850739,0.04484038531610923,0.01771483005769059,0.03936125778944466,0.03936125778944466,,,0.02777887979108673,-0.017977456501865545,0.045756336292952275,14.391511317874187,96.87500465661037,92.50670626968402,0.8426933491619786,0.1308469669042655,6.046422040227517,5.955536871169708,6.098612916886977,6.16120863927274,0.003884370801822645,0.0188572153631982,0.00471379644422132,0.015026106265561915,1.2135289560948936,,,,,,,,,,,,,,,,,,,6.992837949868918,4.92717854458194,-0.13196899239240056,0.23194240207433015,57.033667253243216,0.11391490596530059,0.018766870303748566,0.26862179714911305,0.457527793033763,0.0,191093.35,1110156.8082596813,0.7955551571418097,0.23076923076923078,,,,,,,,0.15292096219931273,0.1832191780821918,0.5008532423208191,0.718213058419244,7.18,,,26.49,
HYLD,Betashares S&P Australian Shares High Yield ETF,Unknown,,Spotlight ETP List,AUD,2026-08-14,34.25,,,,,,,,,,,,,,,,,,,,11.631917414879531,,,,,,,,-0.6603819732881888,0,0.25,,,,0.05,,0.04,0.06,,,0.02,5,0.3,,,,,,,,,,,,,,,,,,,,,,,0.127209,2026-08-03,,,,,,0.01865614845351593,0.05351046547496274,0.061489261547234,0.1476248569289731,34.07009716033936,33.50238105773926,32.05473335266113,-0.0011769376780399465,0.015748663375546368,0.06162164585505003,0.06162164585505003,,,0.22566485894843424,0.28164867203793936,-0.05598381308950512,25.962860778755424,33.28519087026257,45.70540837041816,0.4743161864054604,0.045824101382284994,33.95251501762957,33.65622174334857,34.6412853346488,,0.002276925196789663,0.01098375108305046,0.01796316712546631,,7.8892214600608614,,,,,,,,,,,,,,,,,,,34.7400016784668,29.33679060902203,-0.020437618447497363,0.15997687793536386,52.357989756765626,0.3068087470948934,0.009015831857200927,0.10510717399576759,0.09003598360301243,0.0,14559.85,496055.50413996703,0.728904667234608,0.23076923076923078,,,,,,,,0.668384879725086,0.5667808219178082,0.5008532423208191,0.563573883161512,5.64,,,59.27,
IAA,iShares Asia 50 ETF,Unknown,,Spotlight ETP List,AUD,2026-08-14,194.3300018310547,,,,,,,,,,,,,,,,,,,,65.99797175276542,,,,,,,,-0.660381973288189,0,0.25,,,,0.05,,0.04,0.06,,,0.02,5,0.3,,,,,,,,,,,,,,,,,,,,,,,1.959174,2026-07-01,,,,,,-0.0034129599983583336,0.055915548912959245,0.2220337277135347,0.5361796420594656,188.45249862670897,196.77634490966796,168.73920249938965,0.038139588571742156,-0.005774807538686422,0.15942233038796116,0.15942233038796116,,,-1.0240602077969925,-2.4048490245701837,1.3807888167731912,15.921909341235743,94.48527165992861,87.05164965834568,0.8380225372547568,0.11283149603423472,194.86661490872712,187.26158109471032,196.63978270457423,199.5277099609375,0.003953099996596316,0.04282569168409754,0.005110321601129042,0.019871757224585056,1.2927377515188365,,,,,,,,,,,,,,,,,,,218.47183594792057,124.70863502193929,-0.10450700182569439,0.5687766877989691,54.49986569296553,6.621242378387588,0.033844011444716486,0.4444077630395101,0.4388098277032397,0.0,23199.5,4372003.7418903345,1.0051666984077354,0.23076923076923078,,,,,,,,0.044673539518900296,0.02910958904109584,0.5008532423208191,0.9020618556701031,9.02,,,17.76,
IACT,Ishares U.S. Factor Rotation Active ETF,Unknown,,Spotlight ETP List,AUD,2026-08-14,31.100000381469727,,,,,,,,,,,,,,,,,,,,10.56212076029132,,,,,,,,-0.6603819732881889,0,0.25,,,,0.05,,0.04,0.06,,,0.02,5,0.3,,,,,,,,,,,,,,,,,,,,,,,0.052968,2026-07-01,,,,,,0.02166064529981271,0.0767912224126055,0.14554195868616482,0.13664274489888872,30.428500175476074,30.240008392333984,28.50517894744873,0.023054011247517936,0.029430903486727722,0.09208222190630377,0.09208222190630377,,,0.2755367964406048,0.19793229186100764,0.07760450457959717,25.002547346353065,97.59030607203344,95.63282613345537,0.8442013205893799,0.06697827657384435,30.889999389648438,30.59000015258789,,,0.007709597738140571,0.017346579593207193,,,,,,,,,,,,,,,,,,,,,,31.170000076293945,25.615669286341046,-0.0012833145790642764,0.2152717468665144,64.93964557337019,0.24405488542406006,0.00783986161270587,0.11406772158184314,0.10813877111547761,0.0,15588.95,474348.36781048775,0.3095660648948913,0.23076923076923078,,,,,,,,0.6288659793814433,0.6421232876712328,0.5008532423208191,0.5515463917525774,5.52,,,59.38,
IAF,iShares Core Composite Bond ETF,Unknown,,Spotlight ETP List,AUD,2026-08-14,101.55999755859375,,,,,,,,,,,,,,,,,,,,34.491605963705965,,,,,,,,-0.6603819732881889,0,0.25,,,,0.05,,0.04,0.06,,,0.02,5,0.3,,,,,,,,,,,,,,,,,,,,,,,0.757516,2026-07-01,,,,,,0.0016765105166387517,0.0221312858025684,0.012532126050941672,0.00688209670134321,101.21149940490723,101.28465240478516,100.21714618682861,0.00354209049391474,0.002817280636938646,0.013499222034057512,0.013499222034057512,,,0.0834588146390729,0.05078166530623757,0.03267714933283533,17.04083450049801,91.95408346706655,86.37662069374433,0.8145179597484736,0.011261965761025287,101.37496273176355,100.40587542691952,102.39373510343393,,0.001920222148731695,0.011461300299324684,0.00811002669178587,,4.223483567847884,,,,,,,,,,,,,,,,,,,102.60458174718944,98.10710031193372,-0.01008319545529035,0.035297133152240034,56.771931538969355,0.2709064855166897,0.0026671899806109236,0.03754869233412248,0.03072144811242443,0.0,44733.15,4527509.184604626,0.10796187449575781,0.23076923076923078,,,,,,,,0.9072164948453608,0.9143835616438356,0.5008532423208191,0.9072164948453608,9.07,,,78.71,
IBAL,iShares Balanced ESG ETF,Unknown,,Spotlight ETP List,AUD,2026-08-14,31.209999084472656,,,,,,,,,,,,,,,,,,,,10.599478302746034,,,,,,,,-0.6603819732881888,0,0.25,,,,0.05,,0.04,0.06,,,0.02,5,0.3,,,,,,,,,,,,,,,,,,,,,,,0.295782,2026-07-01,,,,,,0.014596197341973927,0.04952327817101421,0.05373724691816917,0.05812444600785627,30.828999710083007,30.69588550567627,29.95156494140625,0.014629114820582156,0.01902910345626685,0.044352799188892345,0.044352799188892345,,,0.18686848715192284,0.14226115030105235,0.04460733685087048,28.275589677034677,93.33338984739085,92.64947862682533,0.8098551333920684,0.04721275604000275,31.015000343322754,30.72845290563158,31.290000915527344,,0.008471877797492873,0.01763260130775512,0.00031970040480546965,,0.03773666387162481,,,,,,,,,,,,,,,,,,,31.34000015258789,28.43358612060547,-0.0019144692294275067,0.10010747691010669,69.8179854686843,0.10465688903903102,0.0033458083996690123,0.0696981786951567,0.0655570520336119,0.0,712.5,21965.662293434143,0.34218428586383004,0.23076923076923078,,,,,,,,0.831615120274914,0.8698630136986302,0.5008532423208191,0.13745704467353953,1.37,,,74.19,
IBC,Ironbark Capital Limited,Unknown,,Spotlight LIC List,AUD,2026-08-14,0.4399999976158142,44162404.0,100369106.0,59314000.0,0.0,-59314000.0,,1827000.0,,,58314450.585999995,0.581,,,2.03209234547163,0.5785394823715833,,1.625673876377304,0.6618133686300463,1.0785269604275605,0.1494319309434844,Undervalued,3.6183917192789408,0.3148624670601356,,2.6947133754231527,0.504121300491252,1.4511976506174342,-0.6603819732881889,4,0.25,1.5240692591037224,2185250.0,0.282,0.25,0.337,0.04,0.06,0.06022,0.06022,0.02,5,0.3,0.04948213417005107,,,0.757315,,,0.04231,0.05573,1.0,0.88426,0.70111,,521.93,521.579,0.57456,0.050029997,,0.02,0.0432,0.78129995,0.05,2026-05-14,0.006,2026-05-14,0.045454545700845644,0.05218855788994542,-0.1,,-14380044.0,0.03529408299799286,0.023255791388182345,0.03311681005141254,0.06420599072730626,0.4360000014305115,0.4305000025033951,0.4251957193017006,0.009174303147199137,0.02206735204918897,0.03481756198869235,0.03481756198869235,,,0.0038395068289052148,0.0031832942880358735,0.0006562125408693413,43.591735222862695,50.0,66.66666666666667,0.6856953381770594,0.04940513443827753,0.4398388693249938,0.43511660397052765,0.44439653754000763,0.44999998807907104,0.0003662006629398275,0.011098621981244857,0.009992136245492115,0.02272725117600642,27.28595892010709,,,,,,,,,,,,,,,,,,,0.44999998807907104,0.40416269992679366,-0.02222220161814692,0.0886704727960097,61.84202629614714,0.001976904862408822,0.004492965620729288,0.07902861006978247,0.13177785177317258,0.0,16695.9,7279.412423883678,0.19593612563259546,1.0,0.7604166666666666,0.5612244897959183,0.7604166666666666,0.6666666666666667,0.46938775510204084,0.7878787878787878,,0.802405498281787,0.809931506849315,0.5008532423208191,0.06357388316151202,0.64,69.13,,71.38,
IBIT,iShares Bitcoin ETF,Unknown,,Spotlight ETP List,AUD,2026-08-14,17.200000762939453,,,,,,,,,,,,,,,,,,,,5.841430318551143,,,,,,,,-0.6603819732881888,0,0.25,,,,0.05,,0.04,0.06,,,0.02,5,0.3,,,,,,,,,,,,,,,,,,,,,,,,,,,,,,-0.031267722131294584,-0.16756221362398582,-0.07441602081693366,,17.417000007629394,17.224599990844727,,-0.021645466609456765,-0.010717176330103606,,,,,-0.08283792309282134,-0.059334355949138134,-0.023503567143683207,14.411755394872241,16.438481435999268,24.919591301419757,0.13522990731343706,0.05934002552137989,16.95,16.68000030517578,17.109999656677246,17.644999980926514,0.0052817435851974055,0.021126795247030736,0.004107907123767667,0.035504638080616366,0.777755878812533,,,,,,,,,,,,,,,,,,,27.75,15.899999618530273,-0.3859459129539696,0.07169819649985931,43.57257281836472,0.3110365961891427,0.01825332039188549,0.2016960421875013,0.28130011332434496,0.0,13443.8,234150.66470256803,1.0274671014091181,0.23076923076923078,,,,,,,,0.2628865979381443,0.19691780821917804,0.5008532423208191,0.4209621993127148,4.21,,,31.78,
ICME,iShares Credit Income Active ETF,Unknown,,Spotlight ETP List,AUD,2026-08-14,99.94000244140625,,,,,,,,,,,,,,,,,,,,33.94142641872397,,,,,,,,-0.6603819732881888,0,0.25,,,,0.05,,0.04,0.06,,,0.02,5,0.3,,,,,,,,,,,,,,,,,,,,,,,0.636897,2026-08-06,,,,,,0.006593908522563474,0.020215544309077682,0.02353123831132531,,99.6032901763916,99.19243576049804,,0.0033805335588650287,0.007536529123180591,,,,,0.20460923458725233,0.1920491657406335,0.012560068846618838,48.653309958666945,100.0,100.0,0.9619222069494993,0.00731840450189597,99.83000183105469,98.98801535147207,,,0.0011006664765298027,0.009525586018394566,,,,,,,,,,,,,,,,,,,,,,99.94000244140625,96.1661376953125,0.0,0.03924317682436884,81.82148212394831,0.06583723660771179,0.0006587676105602604,0.013002011987947575,0.019018816083451903,0.0,1652.45,164589.4568519783,0.016114238546887854,0.23076923076923078,,,,,,,,0.9587628865979382,0.976027397260274,0.5008532423208191,0.359106529209622,3.59,,,82.57,
ICOR,iShares Core Corporate Bond ETF,Unknown,,Spotlight ETP List,AUD,2026-08-14,94.58000183105469,,,,,,,,,,,,,,,,,,,,32.12107358826227,,,,,,,,-0.6603819732881889,0,0.25,,,,0.05,,0.04,0.06,,,0.02,5,0.3,,,,,,,,,,,,,,,,,,,,,,,1.013661,2026-07-01,,,,,,0.0049367908040971464,0.022023817418300506,0.016489643318942315,0.02073781192097357,94.33875045776367,94.21616470336915,93.06227649688721,0.003352263200420369,0.00465773657110069,0.01711458544067468,0.01711458544067468,,,0.11440827585600744,0.10081434973032166,0.013593926125685774,19.23026079960449,92.14277929155314,85.04413205546548,0.858083605743002,0.009361677403422876,94.40530839275792,93.47104016479412,,,0.002637899632972909,0.012508146741022562,,,,,,,,,,,,,,,,,,,,,,94.70999908447266,91.42693729022501,-0.0005807233207417717,0.035307553602334174,60.724033272109054,0.19917746745967274,0.0021042466856302706,0.028161254882457628,0.023606421566901584,0.0,6378.95,601782.1722325515,0.0763996255098072,0.23076923076923078,,,,,,,,0.9329896907216495,0.9315068493150684,0.5008532423208191,0.6082474226804123,6.08,,,80.3,
IEM,iShares MSCI Emerging Markets ETF,Unknown,,Spotlight ETP List,AUD,2026-08-14,94.83999633789062,,,,,,,,,,,,,,,,,,,,32.20937240962981,,,,,,,,-0.6603819732881889,0,0.25,,,,0.05,,0.04,0.06,,,0.02,5,0.3,,,,,,,,,,,,,,,,,,,,,,,0.754371,2026-07-01,,,,,,0.01606385251309006,0.05063192235116465,0.09973576340691714,0.24848107146069864,92.65599899291992,95.18153503417969,88.05213325500489,0.030802140976631476,0.003450954031502196,0.0846983327437063,0.0846983327437063,,,-0.0016729109212292315,-0.5153193499876038,0.5136464390663745,16.7529075653106,96.37853216111574,91.36394972153253,0.8790557156890871,0.0812601939549604,94.68721287708568,92.03857579630008,96.32589828845522,97.9000015258789,0.008614692081895262,0.03634620733207532,0.008542520510689558,0.025023550792507232,0.99162226919783,,,,,,,,,,,,,,,,,,,102.41946076545891,75.31871126265945,-0.06746236093793867,0.2680780185305853,55.97057748055499,1.9545823278812047,0.020464687301475406,0.29529974640871165,0.28336243890443563,0.0,34750.65,3219856.1914033126,0.8918189437826928,0.23076923076923078,,,,,,,,0.1254295532646048,0.14554794520547942,0.5008532423208191,0.8642611683848798,8.64,,,24.31,
IESG,iShares Core MSCI Australia ESG ETF,Unknown,,Spotlight ETP List,AUD,2026-08-14,32.20000076293945,,,,,,,,,,,,,,,,,,,,10.935700719228308,,,,,,,,-0.6603819732881889,0,0.25,,,,0.05,,0.04,0.06,,,0.02,5,0.3,,,,,,,,,,,,,,,,,,,,,,,0.067738,2026-07-01,,,,,,0.027804556546049852,0.07281845507083573,0.012410401597718668,-0.022270610686132453,31.60125026702881,31.192898712158204,30.962036743164063,0.011827067324322593,0.025073067961031814,0.03271631148520315,0.03271631148520315,,,0.35686328552380076,0.31208134060362813,0.04478194492017262,24.876903418181143,62.36266039547099,75.49086946044144,0.647418395805559,0.08022789326728409,31.846983840735966,31.516597848145288,32.1604817612169,32.58071980132231,0.004003644697622872,0.014336279213622575,0.005800824942434227,0.01894353127837998,1.4488860477250678,,,,,,,,,,,,,,,,,,,33.44173617854164,28.310033033488477,-0.04385943927196767,0.12945825049535942,57.46828528936427,0.28917763051086537,0.00904386636625189,0.1287635058375085,0.13599710668610607,0.0,47012.7,1485660.0984287453,1.0225587433128693,0.23076923076923078,,,,,,,,0.5429553264604812,0.5582191780821918,0.5008532423208191,0.7646048109965635,7.65,,,53.41,
IEU,iShares Europe ETF,Unknown,,Spotlight ETP List,AUD,2026-08-14,100.4800033569336,,,,,,,,,,,,,,,,,,,,34.12482046407794,,,,,,,,-0.6603819732881889,0,0.25,,,,0.05,,0.04,0.06,,,0.02,5,0.3,,,,,,,,,,,,,,,,,,,,,,,7.204252,2026-07-01,,,,,,0.02670746979953509,0.11405323038231874,0.06740507209300972,0.11020247934197047,99.13850021362305,98.03520965576172,94.28838806152343,0.01595244030999332,0.027385992995462738,0.06821214458542912,0.06821214458542912,,,0.8402234927007157,0.762123381013314,0.07810011168740172,36.13517888279277,91.7160057152789,87.12607203815439,0.8068031000686076,0.051995694653756704,99.19000244140625,97.83239085695658,101.0,105.69999694824219,0.015190615178253014,0.028669681580116922,0.002779971960914958,0.04944396015868413,0.1830058841128952,,,,,,,,,,,,,,,,,,,105.69999694824219,85.14363044352078,-0.04711443586869357,0.1829422905277076,67.43983593193263,0.7227909193541973,0.007176240176669365,0.08618494908265247,0.09691164249670037,0.0,18581.9,1842181.6971195221,0.6891154425064725,0.23076923076923078,,,,,,,,0.7835051546391752,0.6917808219178082,0.5008532423208191,0.7938144329896907,7.94,,,67.58,
IFRA,VanEck FTSE Global Infrastructure (Hedged) ETF,Unknown,,Spotlight ETP List,AUD,2026-08-14,25.360000610351562,,,,,,,,,,,,,,,,,,,,8.612713364697921,,,,,,,,-0.6603819732881889,0,0.25,,,,0.05,,0.04,0.06,,,0.02,5,0.3,,,,,,,,,,,,,,,,,,,,,,,0.19,2026-07-01,,,,,,-0.003515630908077494,0.03245450150939866,0.010274373310287466,0.12857455914406946,25.675500106811523,25.60924934387207,24.49488432884216,-0.00644582879559108,-0.0038755183198675436,0.041441955243054496,0.041441955243054496,,,-0.10002386972463384,-0.05011606677310704,-0.0499078029515268,37.6752821905219,25.174862484194353,16.55018059786697,0.36310989663487925,0.04708761727207104,25.36186317691414,25.14328801395298,25.70019292929538,26.06313536361816,0.0058070188411827985,0.014375233698103753,0.0074556134342253725,0.021683070551684114,1.2838968906646049,,,,,,,,,,,,,,,,,,,26.850000381469727,22.031856676684512,-0.04990689510428015,0.15786883526153805,47.624445563330674,0.28075362478103616,0.011005630037712558,0.08881160289431266,0.11486210665408285,0.0,123897.95,3181141.8284587287,0.31852876103811156,0.23076923076923078,,,,,,,,0.7714776632302406,0.4486301369863014,0.5008532423208191,0.8625429553264605,8.63,,,60.96,
IGB,iShares Treasury ETF,Unknown,,Spotlight ETP List,AUD,2026-08-14,97.05000305175781,,,,,,,,,,,,,,,,,,,,32.95993052881323,,,,,,,,-0.6603819732881889,0,0.25,,,,0.05,,0.04,0.06,,,0.02,5,0.3,,,,,,,,,,,,,,,,,,,,,,,0.755688,2026-07-01,,,,,,0.00041195588214137935,0.020356671496644996,0.01021334444761024,0.0034607137545776823,96.85699882507325,96.97824340820313,96.1144185256958,0.00292183908244259,0.001667961552618058,0.010670416360875734,0.010670416360875734,,,0.04837639975026775,0.023786360500838707,0.024590039249429044,10.433642043034995,82.49997615800567,75.30810740347128,0.7905084379497025,0.010057673722194637,96.52074729883653,95.42567367760543,97.35403076492925,98.28593875249172,0.006374841411393932,0.017647989734553064,0.002203328974939432,0.011796781655790234,0.3456288294484253,,,,,,,,,,,,,,,,,,,98.30066450877165,94.19146716971156,-0.011807296775899645,0.031303602210848824,54.805938744458636,0.26069054014535825,0.0026836580377118916,0.0383576014065416,0.03383846633463815,0.0,7966.3,771591.909740181,0.10983667171424585,0.23076923076923078,,,,,,,,0.9054982817869416,0.9126712328767124,0.5008532423208191,0.6580756013745704,6.58,,,78.59,
IGRO,iShares High Growth ESG ETF,Unknown,,Spotlight ETP List,AUD,2026-08-14,37.33000183105469,,,,,,,,,,,,,,,,,,,,12.677941559011089,,,,,,,,-0.6603819732881889,0,0.25,,,,0.05,,0.04,0.06,,,0.02,5,0.3,,,,,,,,,,,,,,,,,,,,,,,0.521009,2026-07-01,,,,,,0.030828485423510132,0.07306482191448427,0.08684215187659272,0.08632501803663972,36.60350017547607,36.30126281738281,35.039823875427246,0.023126219716838037,0.03164457256860409,0.06878393270699101,0.06878393270699101,,,0.3692226415976023,0.2818455901911317,0.08737705140647062,24.246177148071016,96.61030099527149,91.68071280220143,0.8204589675565879,0.07216593092453995,37.0,36.56594657860328,37.5099983215332,,0.01201604148923741,0.023606252772390666,0.0016020709578495823,,0.13332768193955835,,,,,,,,,,,,,,,,,,,37.5099983215332,31.98934273124793,-0.0015995084318440878,0.1707024141623712,66.99691187320327,0.233966694354872,0.006247441644551463,0.10141900171376919,0.09186772338304355,0.0,664.3,24315.705166568754,0.6298374770903299,0.23076923076923078,,,,,,,,0.6993127147766323,0.7465753424657534,0.5008532423208191,0.14432989690721648,1.44,,,65.16,
IHCB,iShares Core Global Corporate Bond (AUD Hedged) ETF,Unknown,,Spotlight ETP List,AUD,2026-08-14,91.01000213623047,,,,,,,,,,,,,,,,,,,,30.908637336544302,,,,,,,,-0.6603819732881889,0,0.25,,,,0.05,,0.04,0.06,,,0.02,5,0.3,,,,,,,,,,,,,,,,,,,,,,,0.082166,2026-07-01,,,,,,0.0013158196337454964,0.012872742529155934,-0.006413510291607971,0.02669361629528444,90.97300033569336,91.27277709960937,90.94857723236083,0.0038143114753874663,0.0005173787487950943,0.004083873258560855,0.004083873258560855,,,-0.025492756679653894,-0.068224123174124,0.04273136649447011,10.325584099870815,82.7270268208269,64.84832511438327,0.8845084255640674,0.009919968515103217,90.4089496256574,89.18610979890208,91.35058496740318,92.05752904502104,0.009976457207746304,0.02336716932822199,0.0003349241423693751,0.008076317922268064,0.03357145080613591,,,,,,,,,,,,,,,,,,,93.10233598607071,88.67726135253906,-0.01914384072503994,0.02980175866932644,53.95447425327204,0.3134244782686601,0.0034321559276836505,0.04710122436119393,0.04091728338106741,0.0,4265.05,388004.39508174895,0.16194953447077917,0.23076923076923078,,,,,,,,0.8745704467353952,0.8613013698630136,0.5008532423208191,0.5154639175257731,5.15,,,75.91,
IHD,iShares S&P/ASX Dividend Opportunities ESG Screened ETF,Unknown,,Spotlight ETP List,AUD,2026-08-14,17.469999313354492,,,,,,,,,,,,,,,,,,,,5.9331266934581475,,,,,,,,-0.6603819732881889,0,0.25,,,,0.05,,0.04,0.06,,,0.02,5,0.3,,,,,,,,,,,,,,,,,,,,,,,0.111666,2026-07-01,,,,,,0.010507899240768337,0.023071982904732335,0.04220652637635158,0.1403508220821894,17.417999839782716,17.24669204711914,16.700600490570068,-0.0062005037796395435,0.003670699207145578,0.036489644532027965,0.036489644532027965,,,0.08722320232218905,0.11344124886211282,-0.026218046539923767,20.403953460118856,14.285714285714286,34.23942635894131,0.3848357163562519,0.05384051012569413,17.248074561083236,16.979999542236328,17.45923366040135,17.72083017359067,0.0035774065147133583,0.019064120964031987,0.008621270887534461,0.023733721566924444,2.409922062834183,,,,,,,,,,,,,,,,,,,17.850000381469727,14.910874366760254,-0.030252151483869172,0.16089768045597164,46.65866145339006,0.16159810456967777,0.00933553492521036,0.10577887506877202,0.10286918922049422,0.0,32300.15,562604.0075249578,0.8402398680078432,0.23076923076923078,,,,,,,,0.6632302405498282,0.5428082191780822,0.5008532423208191,0.5893470790378007,5.89,,,58.44,
IHEB,iShares J.P.Morgan USD Emerging Markets Bond (AUD Hedged) ETF,Unknown,,Spotlight ETP List,AUD,2026-08-14,76.58000183105469,,,,,,,,,,,,,,,,,,,,26.007949107449672,,,,,,,,-0.6603819732881889,0,0.25,,,,0.05,,0.04,0.06,,,0.02,5,0.3,,,,,,,,,,,,,,,,,,,,,,,1.272672,2026-07-01,,,,,,0.002081655366176216,0.018636248468917316,0.00414702461527483,0.059686510070058985,76.59399948120117,76.82271942138672,75.96081592559814,0.005561756335361379,0.0025679541568632835,0.013943777519526801,0.013943777519526801,,,0.024819357916896934,-0.027612654572810688,0.05243201248970762,12.534144149860245,100.0,79.7121168227586,0.8474107564205158,0.016009165613252673,76.86218737714434,75.9436930174374,77.48984880280386,,0.0020489388834097695,0.01397434007452533,0.0061003918490790295,,2.9773420273653937,,,,,,,,,,,,,,,,,,,77.61773588400725,72.05091935279567,-0.007701065151321962,0.06896618856367054,56.38879554517431,0.31759188421404067,0.004123499065909545,0.0577690837552165,0.05334869308528727,0.0,1130.0,86551.21941375732,0.21343351262857335,0.23076923076923078,,,,,,,,0.8487972508591065,0.827054794520548,0.5008532423208191,0.28350515463917525,2.84,,,73.9,
IHHY,iShares Global High Yield Bond (AUD Hedged) ETF,Unknown,,Spotlight ETP List,AUD,2026-08-14,93.01000213623047,,,,,,,,,,,,,,,,,,,,31.587873389967932,,,,,,,,-0.6603819732881888,0,0.25,,,,0.05,,0.04,0.06,,,0.02,5,0.3,,,,,,,,,,,,,,,,,,,,,,,1.601056,2026-07-01,,,,,,0.0032307026683819906,0.023421749564880967,0.019508279899744574,0.04554033796762358,92.65800056457519,92.47967620849609,91.30811485290528,0.005417806281976967,0.007356507737759532,0.020281754936978258,0.020281754936978258,,,0.1552158886576791,0.11057840974363332,0.04463747891404578,17.188581116371125,96.72184457215756,95.3818427087682,0.9415770399183154,0.012269220978924137,92.8894759537596,91.98480921639121,93.5,94.0999984741211,0.002903904011543159,0.012614796044669379,0.003649595583140906,0.010090111368190503,1.2567893320969243,,,,,,,,,,,,,,,,,,,94.0999984741211,88.57210744479718,-0.009989318036707884,0.05179843124057548,58.784281170496456,0.3690714336497138,0.003961694065495457,0.04642324220193038,0.053763050145054364,0.0,5253.55,486783.438866024,0.1545856109741517,0.23076923076923078,,,,,,,,0.8780068728522337,0.839041095890411,0.5008532423208191,0.5584192439862543,5.58,,,75.51,
IHOO,iShares Global 100 AUD Hedged ETF,Unknown,,Spotlight ETP List,AUD,2026-08-14,250.41000366210938,,,,,,,,,,,,,,,,,,,,85.04375131262299,,,,,,,,-0.6603819732881888,0,0.25,,,,0.05,,0.04,0.06,,,0.02,5,0.3,,,,,,,,,,,,,,,,,,,,,,,10.816219,2026-07-01,,,,,,0.0370278557205137,0.04779542365576095,0.15967661646911657,0.2742292164809952,244.39749908447266,240.31781616210938,226.1799186706543,0.029061266756549076,0.046530814970237255,0.1119466373414646,0.1119466373414646,,,3.4502064244463213,2.786676204141262,0.6635302203050593,23.825425074994893,95.45161159192106,89.12570727430894,0.8065860352875038,0.09478992325693084,247.53014227688703,244.9409823619106,252.1999969482422,,0.01578472255710921,0.0260795929943912,0.0027832880645812623,,0.1763279686742235,,,,,,,,,,,,,,,,,,,252.1999969482422,194.22991943359375,-0.0027755628735627313,0.29485715039894567,66.38381263044954,2.087378738094478,0.008299716652463134,0.13208260321290602,0.1418915831868174,0.0,6294.8,1538433.3772369386,0.8133093509840155,0.23076923076923078,,,,,,,,0.5154639175257731,0.6095890410958904,0.5008532423208191,0.7697594501718213,7.7,,,53.46,
IHVV,iShares S&P 500 AUD Hedged ETF,Unknown,,Spotlight ETP List,AUD,2026-08-14,67.86000061035156,,,,,,,,,,,,,,,,,,,,23.046479499949893,,,,,,,,-0.6603819732881889,0,0.25,,,,0.05,,0.04,0.06,,,0.02,5,0.3,,,,,,,,,,,,,,,,,,,,,,,2.702723,2026-07-01,,,,,,0.03095734497996916,0.06305125910775922,0.13808414063234786,0.2035797421169081,66.28349914550782,65.6412452697754,61.9058353805542,0.02996971377744795,0.04004725020811595,0.10280389923485811,0.10280389923485811,,,0.7443051384606747,0.5333106359216637,0.21099450253901098,19.99628548257941,99.5214289234341,96.28147957414903,0.8695279991013741,0.08110268734799249,67.94999694824219,66.81305207090661,,,0.004687266889688918,0.021340920518527196,,,,,,,,,,,,,,,,,,,,,,68.29000091552734,55.18629570762604,-0.00029293120797702077,0.23708242721629835,66.31904078946764,0.5189720497503704,0.00760175882919247,0.13970728719602782,0.1288357551917377,0.0,173396.15,11493303.560359346,0.7785372661429437,0.23076923076923078,,,,,,,,0.4776632302405498,0.6592465753424658,0.5008532423208191,0.9639175257731959,9.64,,,53.0,
IHWL,iShares Core MSCI World ex Australia ESG (AUD Hedged) ETF,Unknown,,Spotlight ETP List,AUD,2026-08-14,66.41000366210938,,,,,,,,,,,,,,,,,,,,22.55403439764973,,,,,,,,-0.6603819732881889,0,0.25,,,,0.05,,0.04,0.06,,,0.02,5,0.3,,,,,,,,,,,,,,,,,,,,,,,3.353583,2026-07-01,,,,,,0.0380375222627638,0.07869924253264582,0.1361601962755461,0.22678762813168807,64.6269998550415,63.94732696533203,60.11743398666382,0.03455213394275902,0.04554801245404039,0.11215659379579446,0.11215659379579446,,,0.8282515123672312,0.5958731684747378,0.23237834389249334,21.796107799769626,98.83983778262801,96.4972679678101,0.8790337001049671,0.09115847465064539,64.4900016784668,63.97371789556164,,,0.03544718681198803,0.043169050081388334,,,,,,,,,,,,,,,,,,,,,,66.91000366210938,53.36631474696862,-0.0007473180245262112,0.252850246965,69.84456269841029,0.5310367155669171,0.007942517360442556,0.13836260462928435,0.1248016495951116,0.0,24549.05,1586531.4507914067,0.8236849609020949,0.23076923076923078,,,,,,,,0.4862542955326461,0.6284246575342466,0.5008532423208191,0.7800687285223368,7.8,,,52.62,
IIGF,Intelligent Investor Australian Equity Income Fund - Active ETF,Unknown,,Spotlight ETP List,AUD,2026-08-14,2.9700000286102295,,,,,,,,,,,,,,,,,,,,1.0086655490506289,,,,,,,,-0.6603819732881888,0,0.25,,,,0.05,,0.04,0.06,,,0.02,5,0.3,,,,,,,,,,,,,,,,,,,,,,,0.206228,2026-06-29,,,,,,0.04561407676877738,0.10371207294604146,0.07408221545602722,0.015389632112729146,2.8950000047683715,2.852510805130005,2.8421740520000456,0.029360972077758563,0.0446936830928748,0.048493148045051004,0.048493148045051004,,,0.04575319549987,0.037444473902206926,0.008308721597663077,19.360083099993187,88.0000114440918,88.57295470427698,0.7476124776968051,0.11857630257918676,2.9564364233601563,2.917465690280213,2.985753820796762,3.011065675739911,0.007907246833057461,0.02098467395739009,0.00193080593504982,0.010424716935432548,0.2441818215384132,,,,,,,,,,,,,,,,,,,3.0165288846635576,2.6161870755551573,-0.012109569305233214,0.13906228148502242,63.486420740079836,0.03515126075674422,0.011795725010657255,0.19032079245522351,0.15198067238203922,0.0,42441.4,122867.85320237637,0.5795157084139809,0.23076923076923078,,,,,,,,0.30584192439862545,0.422945205479452,0.5008532423208191,0.32130584192439865,3.21,,,39.36,
IIND,Betashares India Quality ETF,Unknown,,Spotlight ETP List,AUD,2026-08-14,10.175000190734863,,,,,,,,,,,,,,,,,,,,3.4556134865696757,,,,,,,,-0.6603819732881889,0,0.25,,,,0.05,,0.04,0.06,,,0.02,5,0.3,,,,,,,,,,,,,,,,,,,,,,,0.040264,2026-01-01,,,,,,0.03556904698861829,0.08519693373913739,-0.032288714264948504,-0.1274992354893011,10.081250047683715,9.96870002746582,10.428237309455872,0.01078730635439129,0.022199439476336513,-0.02284544568779112,-0.02284544568779112,,,0.07548584601568109,0.08029595645360035,-0.004810110437919263,14.419466379981603,59.999856949057175,58.854412621902725,0.6603852270949153,0.06725872793762566,10.168333053588867,10.050000190734863,10.229999542236328,10.380000114440918,0.002126253943733587,0.013738900433121645,0.0039254134936404705,0.018645784286722242,1.846164003697346,,,,,,,,,,,,,,,,,,,12.227152208390303,9.1899995803833,-0.16660892031826535,0.10881393315126697,56.85364272749472,0.1320866789131989,0.012962383155292573,0.13125610894079345,0.16035346624295058,0.0,31891.35,321504.67370819807,0.44284495941025787,0.23076923076923078,,,,,,,,0.5223367697594501,0.38527397260273977,0.5008532423208191,0.48109965635738833,4.81,,,48.16,
IISV,Intell Investor Select Value Share Fund - Active ETF,Unknown,,Spotlight ETP List,AUD,2026-08-14,3.1600000858306885,,,,,,,,,,,,,,,,,,,,1.073192993558972,,,,,,,,-0.660381973288189,0,0.25,,,,0.05,,0.04,0.06,,,0.02,5,0.3,,,,,,,,,,,,,,,,,,,,,,,0.34058,2026-06-29,,,,,,0.03257333720705291,0.08878472491487477,0.0755472383291187,-0.022499874466870184,3.092500019073486,3.0437427711486817,3.076028517484665,0.025060648906213512,0.04148093798925556,0.030549638364901543,0.030549638364901543,,,0.040744778279498295,0.03465418598603135,0.006090592293466944,28.103326998909047,91.30435684002114,92.75363070001761,0.7401558221068603,0.10435161923770662,3.1500000953674316,3.119999885559082,3.1906295557928086,3.2322161990992293,0.00630914209626635,0.015772930451572298,0.00650772208276451,0.019626536690188667,1.0314749586343406,,,,,,,,,,,,,,,,,,,3.4042189628518393,2.812959909439087,-0.06880253271419423,0.12692685937570047,61.429651603555136,0.03381165641560372,0.010666137413830289,0.17326571561615903,0.1659887463427382,0.0,19385.35,59949.1952447462,0.4733697892759694,0.23076923076923078,,,,,,,,0.3470790378006873,0.4657534246575342,0.5008532423208191,0.24054982817869416,2.41,,,42.29,
IJH,iShares S&P Midcap ETF,Unknown,,Spotlight ETP List,AUD,2026-08-14,55.290000915527344,,,,,,,,,,,,,,,,,,,,18.777481007825628,,,,,,,,-0.6603819732881888,0,0.25,,,,0.05,,0.04,0.06,,,0.02,5,0.3,,,,,,,,,,,,,,,,,,,,,,,0.212158,2026-07-01,,,,,,0.027047037733490376,0.10441289050620295,0.10966156202062094,0.13789346869737784,54.35249977111816,54.210160675048826,50.910840873718264,0.020008258316919214,0.02268648416358987,0.08896254069393716,0.08896254069393716,,,0.3311508847938427,0.22001138516312754,0.11113949963071515,16.774297299293377,96.6507325495865,95.16317141538529,0.9637857994540153,0.04314116202021192,55.060001373291016,54.66999816894531,55.5,55.900001525878906,0.006854207482517863,0.013888897489847944,0.001082275879821345,0.008297310796618763,0.1578994920392716,,,,,,,,,,,,,,,,,,,55.900001525878906,46.65031413220738,-0.008229031960883981,0.18841640529132486,64.2216282847154,0.43005430264305455,0.0077571124331859195,0.1114331517197048,0.10288601681142882,0.0,10200.2,554406.3681653595,0.6092562710591963,0.23076923076923078,,,,,,,,0.640893470790378,0.6523972602739726,0.5008532423208191,0.584192439862543,5.84,,,60.18,
IJP,iShares MSCI Japan ETF,Unknown,,Spotlight ETP List,AUD,2026-08-14,136.86000061035156,,,,,,,,,,,,,,,,,,,,46.48012334306486,,,,,,,,-0.6603819732881889,0,0.25,,,,0.05,,0.04,0.06,,,0.02,5,0.3,,,,,,,,,,,,,,,,,,,,,,,2.094739,2026-07-01,,,,,,0.05451339931027621,0.11388362859632628,0.08167197270280924,0.1821869745166913,131.41399993896485,131.4493681335449,124.09946891784668,0.048061818310892956,0.04777982338883069,0.10983549670720771,0.10983549670720771,,,1.6322755753931233,0.8467458411538615,0.7855297342392618,19.502785676884017,96.74341714559968,97.01316938445773,0.962848565597669,0.10383918603881044,135.79466283573288,131.4199981689453,,,0.014051644172230336,0.04581425799995192,,,,,,,,,,,,,,,,,,,,,,138.13999938964844,111.84382267260702,-0.0029680299979797375,0.23144928737554782,67.59662224695657,2.151735807178296,0.015622855397708092,0.1763385670542531,0.2060419305681408,0.0,36513.2,4798345.662571411,0.7726473425836636,0.23076923076923078,,,,,,,,0.3384879725085911,0.2722602739726028,0.5008532423208191,0.9209621993127147,9.21,,,37.06,
IJR,iShares S&P Small-Cap ETF,Unknown,,Spotlight ETP List,AUD,2026-08-14,211.77999877929688,,,,,,,,,,,,,,,,,,,,71.92430528245457,,,,,,,,-0.6603819732881889,0,0.25,,,,0.05,,0.04,0.06,,,0.02,5,0.3,,,,,,,,,,,,,,,,,,,,,,,0.824674,2026-07-01,,,,,,0.013269050891059786,0.1375916769256733,0.1496445206064676,0.20221835077400496,209.8224998474121,208.11825134277345,189.86312507629395,0.01175990868717669,0.020045055714447813,0.11812124234670063,0.11812124234670063,,,1.088952119917849,1.089168165283507,-0.00021604536565811294,15.413012936410308,66.0825425441101,56.278665910411824,0.8623338924456223,0.032455999652148355,210.38666788736978,207.3766632080078,215.0,216.85000610351562,0.008965685896450396,0.023144426178876083,0.012765588579648848,0.0214801119298951,1.423827326440565,,,,,,,,,,,,,,,,,,,216.85000610351562,169.96131662891247,-0.02102841913320508,0.24904888651597878,58.69277252617095,1.8314843112275583,0.0086272757508594,0.12010193004732057,0.121812479569559,0.0,6211.65,1303343.9311771772,0.6534991130319266,0.23076923076923078,,,,,,,,0.5910652920962199,0.589041095890411,0.5008532423208191,0.7371134020618557,7.37,,,56.35,
IKO,iShares MSCI South Korea ETF,Unknown,,Spotlight ETP List,AUD,2026-08-14,248.0,,,,,,,,,,,,,,,,,,,,84.22527062452914,,,,,,,,-0.6603819732881889,0,0.25,,,,0.05,,0.04,0.06,,,0.02,5,0.3,,,,,,,,,,,,,,,,,,,,,,,13.985419,2026-07-01,,,,,,0.06267780639137688,0.012466141046798995,0.3407783729513354,1.294318455148002,233.6889991760254,257.31596710205076,202.3724893951416,0.08682906180033556,-0.012964494244496971,0.25501245987853327,0.25501245987853327,,,-2.4358527941462,-6.544310185513585,4.108457391367385,22.326533909703972,96.7596978005705,92.09642748924641,0.8961368452445938,0.2191895625026325,251.3800048828125,248.79258212994733,270.6539828203598,273.8397301202832,0.010236990662507698,0.02042449675114022,0.06565078893342445,0.07819408901025804,6.41309454094416,,,,,,,,,,,,,,,,,,,314.64382740072995,106.16892426070494,-0.1928015946612851,1.3922253851218658,55.75321388807557,13.395197941667996,0.05274115350422283,0.7985510133554322,0.7177625960752206,0.0,12002.0,2804735.3681106567,1.8278870069170403,0.23076923076923078,,,,,,,,0.0034364261168384758,0.001712328767123239,0.5008532423208191,0.8487972508591065,8.49,,,15.22,
ILB,iShares Government Inflation ETF,Unknown,,Spotlight ETP List,AUD,2026-08-14,126.44000244140625,,,,,,,,,,,,,,,,,,,,42.941304126586964,,,,,,,,-0.6603819732881889,0,0.25,,,,0.05,,0.04,0.06,,,0.02,5,0.3,,,,,,,,,,,,,,,,,,,,,,,0.696153,2026-07-01,,,,,,7.89746238449851e-05,0.009055594401174094,0.010845276663027814,0.010562108197161413,126.32049980163575,126.63122482299805,125.31897426605225,0.002687638673111392,0.00022726495105418465,0.010700928601682591,0.010700928601682591,,,-0.052354079531781395,-0.08293297651004508,0.030578896978263687,36.82537765770812,63.970761480550664,51.90456418624279,0.8357510754026164,0.008004854995292075,126.4395371347988,125.00061094730081,128.0957579306668,129.60555792346793,0.0017406167766954718,0.01310115795697685,0.011335498397643948,0.023255599054113413,6.512345824429073,,,,,,,,,,,,,,,,,,,137.38318738657946,117.46109266649279,-0.07805310044449887,0.07831453621613282,53.78899351250559,0.5546439313245943,0.004378998225866287,0.03556915941502472,0.03870743601876668,0.0,26794.2,3384656.735784989,0.08567344292927076,0.23076923076923078,,,,,,,,0.9192439862542955,0.8184931506849316,0.5008532423208191,0.8711340206185567,8.71,,,76.85,
ILC,iShares S&P/ASX 20 ETF,Unknown,,Spotlight ETP List,AUD,2026-08-14,35.63999938964844,,,,,,,,,,,,,,,,,,,,12.103986264722552,,,,,,,,-0.660381973288189,0,0.25,,,,0.05,,0.04,0.06,,,0.02,5,0.3,,,,,,,,,,,,,,,,,,,,,,,0.294722,2026-07-01,,,,,,0.014088605395767617,0.06379158113174643,0.04714510333427002,0.08620649347094411,35.45549983978272,34.742570877075195,33.33015962600708,-0.0052318930168037125,0.015181075187400639,0.05820076631865145,0.05820076631865145,,,0.3100936145393618,0.3795259724568104,-0.06943235791744862,21.279937262089458,22.012720454692676,41.8538215333698,0.41822616307274807,0.06398003583295449,34.946340609097994,34.63138797181981,35.4273142352657,35.959999084472656,0.009176632959028869,0.01810639290205304,0.004460271490226125,0.019563329111244768,0.48604662626695494,,,,,,,,,,,,,,,,,,,36.5099983215332,30.378343322935873,-0.033963240777203585,0.16102448651749102,49.147709825345586,0.3444723422126367,0.009766723497073589,0.1114476048186506,0.11610294399940609,0.0,25291.6,896726.3197478486,0.9635860379707715,0.23076923076923078,,,,,,,,0.6391752577319587,0.5188356164383562,0.5008532423208191,0.6872852233676976,6.87,,,56.76,
IMLC,Investors Mutual Concentrated Australian Share Fund - Active ETF,Unknown,,Spotlight ETP List,AUD,2026-08-14,3.8499999046325684,,,,,,,,,,,,,,,,,,,,1.307529370451974,,,,,,,,-0.6603819732881889,0,0.25,,,,0.05,,0.04,0.06,,,0.02,5,0.3,,,,,,,,,,,,,,,,,,,,,,,0.265642,2026-07-01,,,,,,0.04312664306387015,0.10286514705678518,0.008947157803318673,-0.06495407017978827,3.780500018596649,3.7305630111694335,3.776659255027771,0.02367408187334341,0.037376898332013075,0.024715131609251983,0.024715131609251983,,,0.045244984802806254,0.03655686622479734,0.008688118578008913,24.669748188632173,94.99988675120193,93.5713583839332,0.7994060524184703,0.07907015132831982,3.837678911238282,3.7899999618530273,3.87790709733963,3.9221533496110794,0.008351673198080903,0.02067181552241763,0.002043207238856488,0.013476347698770798,0.24464645471592306,,,,,,,,,,,,,,,,,,,4.166365146636963,3.4530465602874756,-0.07113281017077999,0.12074940722400629,65.44604122817942,0.023048833613953875,0.0059557711357978785,0.1709142404975434,0.26413491645615245,0.0,4011.15,15164.152649593949,-0.016474611264621093,0.23076923076923078,,,,,,,,0.35567010309278346,0.7602739726027398,0.5008532423208191,0.10824742268041238,1.08,,,50.04,
IMPQ,Perennial Better Future Active ETF,Unknown,,Spotlight ETP List,AUD,2026-08-14,4.389999866485596,,,,,,,,,,,,,,,,,,,,1.490923091920952,,,,,,,,-0.6603819732881889,0,0.25,,,,0.05,,0.04,0.06,,,0.02,5,0.3,,,,,,,,,,,,,,,,,,,,,,,0.09003,2026-06-29,,,,,,0.006912380625909265,0.05727709691382343,-0.03634790784787456,-0.11649321840598559,4.306499934196472,4.300332136154175,4.45588308095932,0.014745141607545031,0.01620055084098948,-0.0192741133103852,-0.0192741133103852,,,0.035498450854183794,0.025054914610675636,0.010443536243508158,17.180874525703974,80.55551508328091,87.96291267922783,0.6855138685506896,0.07948269163238357,4.349999904632568,4.323117810234543,4.393957264942742,4.442227045694987,0.004576654794112185,0.01072816397077337,0.005482237988799125,0.01652795469734086,1.1978701115609511,,,,,,,,,,,,,,,,,,,5.053937374303401,4.035314180467181,-0.13532765408249403,0.08293919385804882,55.227166238762436,0.0463465877420878,0.010605626763342212,0.14918844328551772,0.12976840763781425,0.0,11562.95,49795.843414117095,0.5938646509994873,0.23076923076923078,,,,,,,,0.43470790378006874,0.476027397260274,0.5008532423208191,0.21477663230240548,2.15,,,46.49,
INA,Ingenia Communities Group,Real Estate,,Spotlight A-REITS  List,AUD,2026-08-14,4.329999923706055,1825972992.0,407583264.0,9861000.0,973484032.0,963623032.0,,965172000.0,,,1673944465.2480001,4.107,,,1.2500407766416326,4.060930860890088,,1.0000326213133062,1.334915455354494,0.593954752942841,1.4705460297513426,Overvalued,-0.7113069749036576,-0.06214066225333093,,-0.7690455799229261,-0.6917054321303688,-0.8628279992128789,-0.660381973288189,0,0.25,0.9375305824812245,101453752.0,0.043,0.043,0.957,0.04,0.06,0.09742,0.09742,0.02,5,0.3,0.05556147459162419,,,1.0908206,16.643,5.7489579099474595,0.03659,0.085109994,0.63031,0.31039,0.25573,58.155,1.002,0.294,0.0072899996,0.64509004,,0.09,0.020499999,0.2866,0.0225,2026-02-27,0.048,2026-02-26,0.020785219765770534,0.013913208765060574,0.1971574216352565,,2789595904.0,0.02983293515344765,0.1445623551860089,-0.02454091755477117,-0.23201102673717278,4.341249990463257,4.284300007820129,4.472937046289444,-0.006046630187264701,0.007165709531147035,-0.03530945940766217,-0.03530945940766217,,,0.022730568366799098,0.037283126670913595,-0.014552558304114498,26.084100855625195,23.75006109474633,24.900835352644805,0.4242970519994492,0.07987311388746313,4.296666781107585,4.230000019073486,4.364181410726387,4.420000076293945,0.004248731371902594,0.01969873395592168,0.011397764276649628,0.024333723680440206,2.682627654933542,,,,,,,,,,,,,,,,,,,6.129349397225427,3.640000104904175,-0.2960101019573578,0.18543954199530277,49.03797802339763,0.13529213307116877,0.03135391223107382,0.2147098629168223,0.2738665020950586,0.0,567167.0,2462213.733341074,1.062336269129512,1.0,0.3541666666666667,0.5918367346938775,0.3541666666666667,0.14141414141414144,0.6122448979591837,0.4621212121212121,0.47058823529411764,0.2319587628865979,0.04109589041095896,0.5008532423208191,0.8384879725085911,8.38,40.42,54.6,26.49,49.58
INCM,Betashares S&P Global High Dividend Aristocrats ETF,Unknown,,Spotlight ETP List,AUD,2026-08-14,20.559999465942383,,,,,,,,,,,,,,,,,,,,6.9825464478192405,,,,,,,,-0.6603819732881889,0,0.25,,,,0.05,,0.04,0.06,,,0.02,5,0.3,,,,,,,,,,,,,,,,,,,,,,,0.586158,2026-07-01,,,,,,0.03507018011258323,0.09014513643634192,0.11030793089101176,0.1335174916378965,20.334499835968018,20.000133781433107,19.031529359817505,0.01600727896283649,0.03299308260585643,0.08556697976321859,0.08556697976321859,,,0.18895198252106837,0.18022119349254062,0.008730789028527752,58.577008310490385,89.09099105972437,81.48016177767295,0.8340691523436657,0.04791606423561469,20.64666684468587,20.479999542236328,,,0.000645353476510711,0.008712502735005017,,,,,,,,,,,,,,,,,,,,,,20.719999313354492,17.730103950112653,-0.00289572721673359,0.16524978677752422,68.3261426087538,0.16351714558511343,0.007914673126466442,0.07466499638391597,0.08164770840986044,0.0,12294.25,249997.4246083498,0.24327147950066977,0.23076923076923078,,,,,,,,0.8178694158075601,0.6352739726027397,0.5008532423208191,0.4329896907216495,4.33,,,67.71,
INES,Intelligent Investor Ethical Share Fund - Active ETF,Unknown,,Spotlight ETP List,AUD,2026-08-14,3.299999952316284,,,,,,,,,,,,,,,,,,,,1.120739471954727,,,,,,,,-0.6603819732881889,0,0.25,,,,0.05,,0.04,0.06,,,0.02,5,0.3,,,,,,,,,,,,,,,,,,,,,,,0.264886,2026-06-29,,,,,,0.04416399467386456,0.1061903699902147,0.06997582155984383,-0.07102871965175483,3.202999973297119,3.149597978591919,3.2111002552509307,0.03340617245534272,0.050927758170371984,0.030799314772836928,0.030799314772836928,,,0.054063424783031166,0.043678126865853616,0.01038529791717755,22.85330577235149,68.96548605704449,74.14842371833602,0.7772205953544065,0.12050393446646859,3.2200000286102295,3.200000047683716,3.37894262609481,3.4065634975763714,0.027190306865605245,0.03323259728018419,0.020828605591266303,0.02917327989913562,0.7660305451577576,,,,,,,,,,,,,,,,,,,3.682771100924996,2.8909754753112793,-0.10122028981161135,0.1449422421762827,64.76884360427907,0.03459656669888633,0.010452135135033928,0.22297499953714142,0.20433586613075042,0.0,17664.7,56580.03362830162,0.4913140972263512,0.23076923076923078,,,,,,,,0.22164948453608246,0.4914383561643836,0.5008532423208191,0.23024054982817868,2.3,,,37.29,
INIF,Intelligent Investor Australian Equity - Active ETF,Unknown,,Spotlight ETP List,AUD,2026-08-14,2.8499999046325684,,,,,,,,,,,,,,,,,,,,0.9679113437401627,,,,,,,,-0.6603819732881889,0,0.25,,,,0.05,,0.04,0.06,,,0.02,5,0.3,,,,,,,,,,,,,,,,,,,,,,,0.3003,2026-06-29,,,,,,0.05535049993999941,0.10434194776545769,0.09295698960490317,0.07634654928617635,2.761499989032745,2.732238745689392,2.6786989319324492,0.03566898658492512,0.04676060963120432,0.06768247114377379,0.06768247114377379,,,0.047689834661990727,0.036213532622321604,0.011476302039669123,33.682810487591695,83.99991989135742,85.16042194794976,0.7705756941761661,0.13182627764673444,2.8055919788872217,2.780863106250763,2.9000000953674316,2.9800000190734863,0.019023747623872052,0.02767020690481905,0.013986084524057727,0.041958086845887976,0.735190815215989,,,,,,,,,,,,,,,,,,,2.9800000190734863,2.4728775840227533,-0.040268497721342444,0.15654730083456903,65.0356608856315,0.030508152856079163,0.01066718670458447,0.19896089107183595,0.16089571253438853,0.0,31234.4,86253.79525744438,0.7317754502043229,0.23076923076923078,,,,,,,,0.27835051546391754,0.464041095890411,0.5008532423208191,0.281786941580756,2.82,,,39.15,
IOO,iShares Global 100 ETF,Unknown,,Spotlight ETP List,AUD,2026-08-14,202.74000549316406,,,,,,,,,,,,,,,,,,,,68.85416060113012,,,,,,,,-0.660381973288189,0,0.25,,,,0.05,,0.04,0.06,,,0.02,5,0.3,,,,,,,,,,,,,,,,,,,,,,,1.815051,2026-07-01,,,,,,0.02667878672930235,0.05808810962138167,0.16494874491821143,0.1739724217081211,198.49649963378906,195.87847686767577,186.00494438171387,0.023645267378902712,0.037326845147308996,0.09239032928299862,0.09239032928299862,,,2.369448459494606,1.9545370949079592,0.4149113645866469,24.94655199742953,90.98074479470779,87.04027100611376,0.7851041345749685,0.08293554709107555,198.0640071935814,196.69000244140625,204.1050033569336,,0.02522759577850306,0.03198976289138242,0.004503178820479624,,0.1785020998440475,,,,,,,,,,,,,,,,,,,204.22000122070312,165.92905244623938,-0.0050435744449132125,0.224559529786017,66.33844248919699,1.544806328277342,0.007602767408415268,0.1071362722810722,0.11610391735684594,0.0,35016.25,6950603.055301666,0.5320487871532072,0.23076923076923078,,,,,,,,0.6580756013745704,0.6575342465753424,0.5008532423208191,0.9415807560137457,9.42,,,61.08,
IOZ,iShares Core S&P/ASX 200 ETF,Unknown,,Spotlight ETP List,AUD,2026-08-14,36.869998931884766,,,,,,,,,,,,,,,,,,,,12.521716282113287,,,,,,,,-0.6603819732881888,0,0.25,,,,0.05,,0.04,0.06,,,0.02,5,0.3,,,,,,,,,,,,,,,,,,,,,,,0.24507,2026-07-01,,,,,,0.031911919598548666,0.07240934068056326,0.03649986674141692,0.051422751934712796,36.20100002288818,35.60552444458008,34.90908479690552,0.009364406851325446,0.026245266304159465,0.046718959494647105,0.046718959494647105,,,0.42230672893619214,0.40105441330996827,0.021252315626223872,20.313028076397924,59.99995640345982,74.35565371899462,0.6197055487573976,0.07822867819021329,36.42698106038003,35.929586670417685,37.2400016784668,,0.0030930446720182623,0.01670537027409513,0.01915710852218381,,6.193608742703183,,,,,,,,,,,,,,,,,,,37.2400016784668,32.97980721038498,-0.01879701212108731,0.10795071306606352,57.963371715168705,0.3300196133978027,0.009031735225205314,0.1034755277105681,0.1075655660707353,0.0,468373.45,16955587.274170216,0.9721674670732414,0.23076923076923078,,,,,,,,0.6804123711340206,0.5633561643835616,0.5008532423208191,0.9759450171821306,9.76,,,59.73,
ISEC,iShares Enhanced Cash ETF,Unknown,,Spotlight ETP List,AUD,2026-08-14,100.47000122070312,,,,,,,,,,,,,,,,,,,,34.12142355830844,,,,,,,,-0.660381973288189,0,0.25,,,,0.05,,0.04,0.06,,,0.02,5,0.3,,,,,,,,,,,,,,,,,,,,,,,0.467402,2026-08-06,,,,,,0.003657522302169758,0.011611844136312,0.02165980815399049,0.041617044621845345,100.3335350036621,100.0580094909668,98.7945635986328,0.0016591162300003681,0.004417342612368369,0.017262451892553266,0.017262451892553266,,,0.12658985898308117,0.1277145544526895,-0.0011246954696083333,97.35661484453448,100.0,93.91396702372151,0.9009666212047277,0.004137791382772791,,,,,,,,,,,,,,,,,,,,,,,,,,,,100.5,96.44623565673828,0.0,0.04203133814044824,90.8417152177322,0.03333871232889921,0.0003317284808845693,0.0032275636805274436,0.0029361709338252126,0.0,14096.2,1414321.576118622,0.00036263393883990725,0.23076923076923078,,,,,,,,0.9862542955326461,0.988013698630137,0.5008532423208191,0.7560137457044673,7.56,,,84.11,
ISLM,Hejaz Equities Fund Active ETF,Unknown,,Spotlight ETP List,AUD,2026-08-14,1.159999966621399,,,,,,,,,,,,,,,,,,,,0.39395689964972624,,,,,,,,-0.6603819732881889,0,0.25,,,,0.05,,0.04,0.06,,,0.02,5,0.3,,,,,,,,,,,,,,,,,,,,,,,0.070514,2026-07-01,,,,,,0.0009545846991070306,0.048210016242155485,0.043730459602166594,,1.1469485759735107,1.152029526233673,1.0997027683258056,0.002660450737332676,-0.0017617170648100977,0.04573709304097617,0.04573709304097617,,,0.0005851979498008308,-0.0006567946044771268,0.0012419925542779577,10.845315217688071,75.0,79.16666666666667,0.5747162828370881,0.03560737547842824,1.139485998663853,1.1223902848663574,1.159999966621399,1.1699999570846558,0.009142589315013371,0.024008427707991498,0.008695644061371431,0.017391288122742862,0.9511139308305149,,,,,,,,,,,,,,,,,,,1.318413496017456,0.988810122013092,-0.12773952964532165,0.1630139604729044,50.20016779670393,0.01728273744943568,0.015028467658906322,0.15556411303247922,0.4298517826343929,0.0,18078.1,20734.651051306722,0.6951309517825499,0.23076923076923078,,,,,,,,0.40893470790378006,0.297945205479452,0.5008532423208191,0.1323024054982818,1.32,,,40.88,
ISO,iShares S&P/ASX Small Ordinaries ETF,Unknown,,Spotlight ETP List,AUD,2026-08-14,5.210000038146973,,,,,,,,,,,,,,,,,,,,1.7694099321239354,,,,,,,,-0.6603819732881889,0,0.25,,,,0.05,,0.04,0.06,,,0.02,5,0.3,,,,,,,,,,,,,,,,,,,,,,,0.170734,2026-07-01,,,,,,0.033797135659217936,0.03941313497933607,-0.03349533932186499,0.028078837424773795,5.037499952316284,5.082871351242066,5.270803594589234,0.032258036424225534,0.023043758129831282,-0.013433205023382189,-0.013433205023382189,,,0.05709041884857324,0.024768257991527327,0.032322160857045916,19.836121323596323,80.43475105992599,86.23188105332629,0.7618038436336215,0.12321452571708083,5.192345496438335,5.147379398345947,5.245604214275853,5.307837058765572,0.0014719832899153717,0.010119310163325903,0.008770078208360801,0.020737933356900436,5.958001200451818,,,,,,,,,,,,,,,,,,,5.912427168989732,4.7415536911832135,-0.12049659798960854,0.09668689799598629,59.59393896141583,0.06487066609261238,0.01247512855231814,0.16799660857277832,0.18231875372837839,0.0,50963.45,256728.3769448733,1.197703067378686,0.23076923076923078,,,,,,,,0.3625429553264605,0.398972602739726,0.5008532423208191,0.4381443298969072,4.38,,,41.31,
ITEK,iShares Future Tech Innovators ETF,Unknown,,Spotlight ETP List,AUD,2026-08-14,34.22999954223633,,,,,,,,,,,,,,,,,,,,11.625124898880498,,,,,,,,-0.6603819732881888,0,0.25,,,,0.05,,0.04,0.06,,,0.02,5,0.3,,,,,,,,,,,,,,,,,,,,,,,2.024279,2026-07-01,,,,,,-0.0043277993808216175,0.02819288169971057,0.23808733298507834,0.1988795989647052,33.50999956130981,34.206721534729006,31.361020584106445,0.02984180165069228,0.008865999815161674,0.1004105631378156,0.1004105631378156,,,0.06500341269939724,-0.10593671762503927,0.1709401303244365,15.519987805746513,97.65089008492818,87.76914412952733,0.8125094359033062,0.09549088194548365,34.1035901560084,33.377540588378906,34.56999969482422,35.164796220964064,0.011776533911658154,0.03281535173091206,0.0017386663636426946,0.01897415042823362,0.14763820804027114,,,,,,,,,,,,,,,,,,,36.529998779296875,26.762069702148438,-0.05529703053011037,0.28951156265626077,56.49152561925098,0.477324605207368,0.01383148734926283,0.23481687364919163,0.21447113300481088,0.0,1097.1,36763.82051871299,0.5239002892960097,0.23076923076923078,,,,,,,,0.19931271477663226,0.351027397260274,0.5008532423208191,0.17869415807560138,1.79,,,32.77,
IUSG,iShares U.S. Treasury Bond (AUD Hedged) ETF,Unknown,,Spotlight ETP List,AUD,2026-08-14,99.33999633789062,,,,,,,,,,,,,,,,,,,,33.73765352983295,,,,,,,,-0.6603819732881889,0,0.25,,,,0.05,,0.04,0.06,,,0.02,5,0.3,,,,,,,,,,,,,,,,,,,,,,,1.777014,2026-03-29,,,,,,-0.0027046405640448468,0.009736299181836383,-0.01076433461905768,0.01788341545076544,99.34949989318848,99.64319976806641,99.77745761871338,0.0021187591848130793,-0.0008350013815927593,-0.002179450802912153,-0.002179450802912153,,,-0.07294596135146492,-0.09969821306155224,0.026752251710087327,10.837686802899688,76.47006024975036,53.452591372898475,0.7816739563379959,0.0075220272841646,99.50235723527868,98.08848843249767,100.52404468723167,101.3997853225839,0.0005789506300574894,0.014780124168143512,0.009683077061854561,0.018479186511704968,16.72522069954918,,,,,,,,,,,,,,,,,,,101.3997853225839,92.91214911226437,-0.018143901963275533,0.07154982970307655,52.579733258673436,0.2300989846569192,0.002311159002605436,0.03550164161075457,0.038367357558709236,0.0,3989.75,396379.66719884874,0.08980238450611341,0.23076923076923078,,,,,,,,0.9209621993127148,0.922945205479452,0.5008532423208191,0.520618556701031,5.21,,,79.54,
IVE,iShares MSCI EAFE ETF,Unknown,,Spotlight ETP List,AUD,2026-08-14,151.02000427246094,,,,,,,,,,,,,,,,,,,,51.289115845022465,,,,,,,,-0.6603819732881889,0,0.25,,,,0.05,,0.04,0.06,,,0.02,5,0.3,,,,,,,,,,,,,,,,,,,,,,,3.080714,2026-07-01,,,,,,0.030296819174213674,0.1049604974257119,0.06519007789397979,0.12009676309621131,148.12800064086915,146.7272476196289,140.94743034362793,0.021616447777140113,0.031369457862099326,0.07366272277624497,0.07366272277624497,,,1.4175436181866417,1.1429967345914942,0.27454688359514745,28.32068088010213,96.47050903746255,93.98346878218659,0.8507750013720234,0.06162482415391496,150.80500030517578,147.0243441672666,,,0.003469249451705021,0.02845210871400724,,,,,,,,,,,,,,,,,,,,,,151.57000732421875,128.54052801594926,-0.001583462964745208,0.17729407344800796,68.36415991297653,1.1921709722942266,0.00787795518317095,0.0866629408738417,0.10996028313076289,0.0,4345.7,643719.852385025,0.7080224308053393,0.23076923076923078,,,,,,,,0.7800687285223368,0.6404109589041096,0.5008532423208191,0.6254295532646048,6.25,,,66.14,
IVV,iShares S&P 500 ETF,Unknown,,Spotlight ETP List,AUD,2026-08-14,73.19000244140625,,,,,,,,,,,,,,,,,,,,24.856644204183027,,,,,,,,-0.6603819732881889,0,0.25,,,,0.05,,0.04,0.06,,,0.02,5,0.3,,,,,,,,,,,,,,,,,,,,,,,0.232986,2026-07-01,,,,,,0.021669749052366516,0.07343346415612517,0.14975093698654773,0.1192832107506776,71.84200019836426,71.46153335571289,67.81019332885742,0.023774433460615807,0.029225089330915832,0.08464523460454054,0.08464523460454054,,,0.5913212902514715,0.42181065396529027,0.16951063628618124,21.56008378507982,98.84077328957669,93.279290422239,0.8743619582312703,0.06350654209883295,73.3499984741211,72.43500137329102,,,0.0027193007387909104,0.015159777460269579,,,,,,,,,,,,,,,,,,,,,,73.58999633789062,61.19214477531598,-0.0005434609066859997,0.20195171000815804,66.14924410558723,0.5032189289124508,0.006841861428045503,0.10247901991325363,0.09454565009940312,0.0,299174.7,21493308.856745567,0.4362532276970778,0.23076923076923078,,,,,,,,0.6924398625429553,0.7106164383561644,0.5008532423208191,0.9879725085910653,9.88,,,63.95,
IWLD,iShares Core MSCI World ex Australia ESG ETF,Unknown,,Spotlight ETP List,AUD,2026-08-14,72.4800033569336,,,,,,,,,,,,,,,,,,,,24.615515716147232,,,,,,,,-0.6603819732881889,0,0.25,,,,0.05,,0.04,0.06,,,0.02,5,0.3,,,,,,,,,,,,,,,,,,,,,,,0.658805,2026-07-01,,,,,,0.027370238665079816,0.08655300772931329,0.13469892741308276,0.12670275941550102,70.7715000152588,70.33161499023437,66.91993125915528,0.02894526298190314,0.03538074171814998,0.08816608631620126,0.08816608631620126,,,0.7293511236977253,0.5211227117352187,0.20822841196250652,28.85308070294255,95.86206049848903,91.17615202352317,0.8657388391576276,0.07914189001247454,71.54000091552734,70.25500106811523,,,0.017577571884937162,0.03522382089341446,,,,,,,,,,,,,,,,,,,,,,73.0,59.87544414985655,-0.002465757605147667,0.21619139079068828,70.11235560611107,0.5317323130040178,0.0073020092726231,0.10450529475977503,0.0933310815017443,0.0,53455.4,3783118.841915665,0.5184397939339135,0.23076923076923078,,,,,,,,0.6735395189003437,0.6832191780821918,0.5008532423208191,0.8848797250859106,8.85,,,62.42,
IXI,iShares Global Consumer Staples ETF,Unknown,,Spotlight ETP List,AUD,2026-08-14,96.88999938964844,,,,,,,,,,,,,,,,,,,,32.90559040082098,,,,,,,,-0.6603819732881889,0,0.25,,,,0.05,,0.04,0.06,,,0.02,5,0.3,,,,,,,,,,,,,,,,,,,,,,,1.259503,2026-07-01,,,,,,0.015475673895520625,0.037718984351345686,-0.03864913002192183,-0.008702439908878867,97.64349975585938,97.07830307006836,96.05972911834716,0.0012954972683620891,0.007125109845593336,0.017804209322849207,0.017804209322849207,,,0.08325157726601162,0.21311010290053958,-0.12985852563452796,8.076335358148329,34.69865741089698,24.682007949390975,0.5301642634131672,0.042948082325674646,96.8505860355768,95.71385723746876,98.26168808562713,99.46879181901072,0.009403811384449014,0.021030372058864787,0.0050290626924716295,0.01737542430471983,0.5347898300882702,,,,,,,,,,,,,,,,,,,102.44117644226667,90.14823655908141,-0.04559865438320909,0.08454696813719531,52.01383485266573,0.9425992288271673,0.00964098661339183,0.1502009172044425,0.16315405685851553,0.0,5857.3,571927.2711199952,0.018132702950518394,0.23076923076923078,,,,,,,,0.43127147766323026,0.5222602739726028,0.5008532423208191,0.5945017182130584,5.95,,,47.49,
IXJ,iShares Global Healthcare ETF,Unknown,,Spotlight ETP List,AUD,2026-08-14,144.41000366210938,,,,,,,,,,,,,,,,,,,,49.044240481171,,,,,,,,-0.6603819732881889,0,0.25,,,,0.05,,0.04,0.06,,,0.02,5,0.3,,,,,,,,,,,,,,,,,,,,,,,1.539739,2026-07-01,,,,,,0.04728114365678637,0.15394945138528082,0.03677057347880375,0.117071377182423,142.11700057983398,139.37180358886718,137.00623363494873,0.01775296973283047,0.0377995811571894,0.0557183826762202,0.0557183826762202,,,1.3428240910998284,1.272542537802115,0.07028155329771346,16.326560514332392,69.73051662265556,66.73389824844115,0.7863636026152883,0.061994504785863276,142.81436591398932,141.59425194949736,144.73522773797873,146.84279346970638,0.012621912910418429,0.021057435377513232,0.0006583818358140162,0.015229494533692529,0.052161811009690306,,,,,,,,,,,,,,,,,,,150.80248042427493,123.40443599373509,-0.040864586691735316,0.1720810376459354,59.96236851107515,1.5265875917360097,0.010554394345809601,0.1768791080147453,0.18235825993799318,0.0,28726.1,4082467.1703563686,0.23177136477557145,0.23076923076923078,,,,,,,,0.33676975945017185,0.4811643835616438,0.5008532423208191,0.8969072164948454,8.97,,,42.21,
IYLD,iShares Yield Plus ETF,Unknown,,Spotlight ETP List,AUD,2026-08-14,99.37000274658203,,,,,,,,,,,,,,,,,,,,33.74784424714144,,,,,,,,-0.6603819732881888,0,0.25,,,,0.05,,0.04,0.06,,,0.02,5,0.3,,,,,,,,,,,,,,,,,,,,,,,0.476917,2026-08-06,,,,,,0.00288541449238755,0.015942426122595776,0.02053062107117576,0.03550891047029969,99.15268898010254,98.9394189453125,97.63049152374268,0.0018890799605613129,0.004048713817488059,0.017509947839730033,0.017509947839730033,,,0.12738157289344088,0.12299140266549147,0.004390170227949408,29.367955714625907,84.16268844372586,91.30739865241786,0.7980464335890177,0.006338206895527765,99.04471566075667,98.20591735839844,99.88062039763247,,0.002972424884430286,0.011416136715314362,0.0054421590464226515,,1.8308819425274496,,,,,,,,,,,,,,,,,,,99.88062039763247,95.81875610351562,-0.0054127022598535746,0.03674896625219093,65.58018617640133,0.11236565350687044,0.0011311219815699906,0.012798918084536374,0.010799298015750022,0.0,2359.4,233940.85437965393,0.034238290049781066,0.23076923076923078,,,,,,,,0.9621993127147767,0.9503424657534246,0.5008532423208191,0.41924398625429554,4.19,,,82.08,
IZZ,iShares China Large-Cap ETF,Unknown,,Spotlight ETP List,AUD,2026-08-14,49.56999969482422,,,,,,,,,,,,,,,,,,,,16.834865480461282,,,,,,,,-0.6603819732881888,0,0.25,,,,0.05,,0.04,0.06,,,0.02,5,0.3,,,,,,,,,,,,,,,,,,,,,,,0.447885,2026-07-01,,,,,,-0.012323244653566934,-0.017381529267282536,-0.08221970120233169,-0.1463253554268923,50.16349983215332,48.44460517883301,52.59033176422119,-0.02538699346668405,0.009193886691227116,-0.07036145714315878,-0.07036145714315878,,,0.338037770965002,0.6200784577778524,-0.28204068681285044,20.634615976670947,1.5105503418820163,9.966822412949465,0.15534867471643876,0.07365993281992154,48.824080112696876,48.42336334915078,49.83181024760957,51.27247509349717,0.0013483182199736027,0.00954461129726371,0.019263875428898885,0.04873135065641214,14.287335989033828,,,,,,,,,,,,,,,,,,,62.003284582360806,44.35852239500726,-0.21149339556832025,0.10215572453673993,44.85502348875254,0.9474696055015345,0.019379619908568537,0.20147668981876363,0.2198822340419105,0.0,32262.5,1618399.9133348465,0.41276882042855456,0.23076923076923078,,,,,,,,0.2646048109965635,0.17123287671232879,0.5008532423208191,0.7835051546391752,7.84,,,31.21,
J100,Global X Japan Topix 100 ETF,Unknown,,Spotlight ETP List,AUD,2026-08-14,56.720001220703125,,,,,,,,,,,,,,,,,,,,19.263134889666716,,,,,,,,-0.6603819732881888,0,0.25,,,,0.05,,0.04,0.06,,,0.02,5,0.3,,,,,,,,,,,,,,,,,,,,,,,1.138627,2026-07-02,,,,,,0.0514296402965746,0.10907474472786216,0.0851408396653619,,54.47150001525879,53.97834259033203,,0.0396262458763168,0.04912448864738095,,,,,0.7639337494694445,0.5020706428411456,0.2618631066282989,20.04393566155676,97.92147541503536,99.12500493253906,0.9117906112702823,0.09622911448631322,56.029998779296875,54.578649360559986,,,0.010595131158423775,0.03622376247331972,,,,,,,,,,,,,,,,,,,,,,56.720001220703125,46.02699118928521,-0.0015867445460322482,0.23036504461535023,65.1492574210474,0.6587883310487944,0.011633203578018584,0.1824145301515628,0.20551714675651733,0.0,4097.2,223180.6298625183,0.7616402455364524,0.23076923076923078,,,,,,,,0.3264604810996563,0.4366438356164384,0.5008532423208191,0.41408934707903783,4.14,,,40.63,
JEGA,JPMorgan Global Equity Premium Income Complex ETF,Unknown,,Spotlight ETP List,AUD,2026-08-14,46.349998474121094,,,,,,,,,,,,,,,,,,,,15.74129501987646,,,,,,,,-0.6603819732881889,0,0.25,,,,0.05,,0.04,0.06,,,0.02,5,0.3,,,,,,,,,,,,,,,,,,,,,,,0.280988,2026-07-15,,,,,,0.021968365332681872,0.07777319190380161,0.002372334155044342,-0.021629202913834633,46.037499809265135,45.40549774169922,45.84054922103882,0.010480600608146595,0.024545545616625253,0.014822057071101069,0.014822057071101069,,,0.3018593413820838,0.3072903550322304,-0.005431013650146588,29.50229887208521,63.964066135356845,62.76172970847774,0.7312843855242457,0.04531477810052156,46.00462571440926,45.153210502383615,46.556568335551034,47.06701361335324,0.011078562731793862,0.02938069522636805,0.0007860678724748339,0.011758666169537349,0.0709539577926416,,,,,,,,,,,,,,,,,,,48.586341857910156,42.4321559560576,-0.04252926483309771,0.09633836437487209,60.261944165858615,0.3408259223023786,0.0073264384984652025,0.09600632902205473,0.1080039918829288,0.0,2612.7,120282.175751667,0.20154360414472292,0.23076923076923078,,,,,,,,0.731958762886598,0.6797945205479452,0.5008532423208191,0.3178694158075601,3.18,,,64.96,
JEME,JPMorgan EM Research Enhanced IDX EQTY Active ETF,Unknown,,Spotlight ETP List,AUD,2026-08-14,83.3499984741211,,,,,,,,,,,,,,,,,,,,28.307162008213474,,,,,,,,-0.6603819732881889,0,0.25,,,,0.05,,0.04,0.06,,,0.02,5,0.3,,,,,,,,,,,,,,,,,,,,,,,,,,,,,,0.010885359489077873,0.05132077774911559,0.11917516724035249,0.2819019285752902,81.4425006866455,83.62460037231445,76.37865005493164,0.026245524466805614,-0.0005333184381294265,0.09428487896740556,0.09428487896740556,,,-0.02774607812291663,-0.43344747424237684,0.4057013961194602,14.57667988242256,94.46809615846624,89.73772882791063,0.842166013036015,0.07670406605825894,83.04499816894531,82.12000274658203,83.66000366210938,84.69000244140625,0.006401096558849212,0.01746828251360703,0.0009571886731517432,0.013280696171738233,0.14953510923506932,,,,,,,,,,,,,,,,,,,89.47000122070312,64.08000183105469,-0.06583211477911,0.3043071074094421,54.8042406547196,1.5021488461854955,0.017972586902090283,0.28096618181346394,0.2852452300180609,0.0,6320.5,514757.3255899429,0.7867388580856991,0.23076923076923078,,,,,,,,0.13573883161512024,0.2106164383561644,0.5008532423208191,0.5670103092783505,5.67,,,26.4,
JEPI,JPMorgan Equity Premium Income Active ETF,Unknown,,Spotlight ETP List,AUD,2026-08-14,49.54999923706055,,,,,,,,,,,,,,,,,,,,16.828072964462244,,,,,,,,-0.660381973288189,0,0.25,,,,0.05,,0.04,0.06,,,0.02,5,0.3,,,,,,,,,,,,,,,,,,,,,,,0.265558,2026-08-05,,,,,,0.019589305354600572,0.06743097884119109,0.011432557242615937,0.004008732437442708,49.118832969665526,48.58725273132324,48.60968456268311,0.008574469717591127,0.019609015341381708,0.01913849804239276,0.01913849804239276,,,0.26913505086780987,0.2695035182195391,-0.0003684673517292403,22.029784111843767,58.31342048853338,60.020971018570236,0.7741517903915541,0.03127635863820121,48.94180574186895,48.48236575359541,49.58109164608873,50.027900450585435,0.012074993189410781,0.021349114702992243,0.0008294454945903531,0.009848597618922697,0.06869117701182134,,,,,,,,,,,,,,,,,,,54.302580983151,45.72234935205292,-0.08770448809977172,0.08349639984768209,59.62885868456084,0.4508752846299204,0.0091012369054802,0.07686220200576784,0.08607938567563665,0.0,7523.35,369538.17202233314,0.19292559306130458,0.23076923076923078,,,,,,,,0.8127147766323024,0.5565068493150684,0.5008532423208191,0.5,5.0,,,65.51,
JGLO,JPMorgan Global Select Equity Active ETF,Unknown,,Spotlight ETP List,AUD,2026-08-14,61.13999938964844,,,,,,,,,,,,,,,,,,,,20.76424594587374,,,,,,,,-0.6603819732881888,0,0.25,,,,0.05,,0.04,0.06,,,0.02,5,0.3,,,,,,,,,,,,,,,,,,,,,,,0.421442,2026-07-01,,,,,,0.026416953353607386,0.07521584131108683,0.08770075769250107,0.03959829036584339,59.84449996948242,59.297555923461914,58.08138740539551,0.025825254132863407,0.03528717893343414,0.056965099011143217,0.056965099011143217,,,0.5908545614593095,0.4459641310747142,0.14489043038459526,26.33681365389545,100.0,97.31378571208991,0.8663308509774222,0.07049707679262597,61.08000183105469,60.50634666010626,,,0.005049642640101112,0.01439408272239173,,,,,,,,,,,,,,,,,,,,,,61.38999938964844,52.85554828436437,0.0,0.16146745956296726,73.32765581116178,0.29001146232452796,0.0047240831602521505,0.08250899496514721,0.09203161203150564,0.0,254.45,15227.433017234802,0.1865362595059813,0.23076923076923078,,,,,,,,0.7920962199312714,0.8013698630136986,0.5008532423208191,0.10996563573883161,1.1,,,70.7,
JHGA,JPMorgan Global Equity Premium Income (Hedged) Complex ETF,Unknown,,Spotlight ETP List,AUD,2026-08-14,45.540000915527344,,,,,,,,,,,,,,,,,,,,15.466205247385464,,,,,,,,-0.6603819732881889,0,0.25,,,,0.05,,0.04,0.06,,,0.02,5,0.3,,,,,,,,,,,,,,,,,,,,,,,0.296844,2026-07-15,,,,,,0.031067112224241633,0.07207569449392803,0.024628753060032427,0.07003804874431663,45.05400009155274,44.17769554138184,43.872471466064454,0.016557889288229433,0.03672223450766188,0.04393478886839208,0.04393478886839208,,,0.42537776136868644,0.4082201571806142,0.017157604188072217,27.334819027901283,96.93852130384349,90.34842178850938,0.8470377296758126,0.047712072412694435,45.632035293260145,45.152322133382164,,,0.0036673350785667315,0.014141421713262698,,,,,,,,,,,,,,,,,,,,,,45.83000183105469,42.16413879394531,-0.0006546496355104292,0.08623110887865071,70.90726444091068,0.1955615749761315,0.004269903454886666,0.06913493925079092,0.08878882466525516,0.0,1025.1,46184.85549385071,0.32313183519360883,0.23076923076923078,,,,,,,,0.8350515463917526,0.8202054794520548,0.5008532423208191,0.20446735395189003,2.04,,,73.11,
JHLO,JPMorgan Global Select Equity (Hedged) Active ETF,Unknown,,Spotlight ETP List,AUD,2026-08-14,62.40999984741211,,,,,,,,,,,,,,,,,,,,21.195560995262532,,,,,,,,-0.6603819732881889,0,0.25,,,,0.05,,0.04,0.06,,,0.02,5,0.3,,,,,,,,,,,,,,,,,,,,,,,2.239307,2026-07-01,,,,,,0.037572705971767206,0.05700002170801777,0.08351780603964021,0.15684881656108085,60.74050045013428,59.87190734863281,57.7174108505249,0.027485769542653582,0.04239204346706438,0.0813028326762606,0.0813028326762606,,,0.7723331723054301,0.5571969074713551,0.215136264834075,37.73848973404672,100.0,100.0,0.8420238502150512,0.08036214294813512,62.400001525878906,60.04897372675384,,,0.00016020383844974028,0.037830894510988665,,,,,,,,,,,,,,,,,,,,,,62.40999984741211,52.85967671422973,0.0,0.18067312792723622,82.69735232507688,0.2064487836683713,0.0033079439861099743,0.12065058627659755,0.10695887433823249,0.0,76.1,4622.352084255218,0.24329980675458715,0.23076923076923078,,,,,,,,0.5859106529209621,0.8715753424657534,0.5008532423208191,0.04982817869415808,0.5,,,63.18,
JHPI,JPMorgan Equity Premium Income Active ETF (Hedged),Unknown,,Spotlight ETP List,AUD,2026-08-14,46.630001068115234,,,,,,,,,,,,,,,,,,,,15.836388948322938,,,,,,,,-0.6603819732881889,0,0.25,,,,0.05,,0.04,0.06,,,0.02,5,0.3,,,,,,,,,,,,,,,,,,,,,,,0.244873,2026-08-05,,,,,,0.029982264109886803,0.06474600222284388,0.017992979747904814,0.09613340161281192,45.952531051635745,45.26286865234375,44.714081840515135,0.0169189481581975,0.03241356400013795,0.04508462700657723,0.04508462700657723,,,0.3913000585467685,0.34660893903340606,0.044691119513362465,33.98734370368109,100.0,97.88306318198693,0.8995815078809785,0.04234166953300804,46.52000045776367,46.078937680121975,,,0.004493881586342649,0.013932417472546718,,,,,,,,,,,,,,,,,,,,,,46.72999954223633,42.63167190551758,0.0,0.09613340161281192,71.41386418020112,0.17931544537657462,0.00383726614879383,0.07412437661216896,0.0860149473006553,0.0,646.2,29694.52556556702,0.3477201401957368,0.23076923076923078,,,,,,,,0.8195876288659794,0.8441780821917808,0.5008532423208191,0.16323024054982818,1.63,,,73.01,
JNDQ,BetaShares NASDAQ Next Gen 100 ETF,Unknown,,Spotlight ETP List,AUD,2026-08-14,21.700000762939453,,,,,,,,,,,,,,,,,,,,7.369711438754292,,,,,,,,-0.6603819732881889,0,0.25,,,,0.05,,0.04,0.06,,,0.02,5,0.3,,,,,,,,,,,,,,,,,,,,,,,1.076409,2026-07-01,,,,,,0.04504066070480861,0.14820384805784648,0.22828255377291207,0.26843136193472716,21.003999996185303,21.047676734924316,19.02889899253845,0.038373617877712096,0.03621885401504432,0.1461514128849204,0.1461514128849204,,,0.21292701970863703,0.11299561652519122,0.09993140318344582,19.12657790634632,100.0,100.0,0.955730492803819,0.08420243649184767,20.933427810668945,20.71573210415763,21.950000762939453,,0.04019127357807856,0.05017273675286034,0.006419133444532665,,0.1597146065068672,,,,,,,,,,,,,,,,,,,21.950000762939453,16.67053425587221,-0.006378190985462218,0.30829637078126604,65.688691441976,0.18914899404829305,0.008672581324160988,0.14665475464333516,0.1492952485307593,0.0,2633.35,55310.883389954564,0.7365604840439995,0.23076923076923078,,,,,,,,0.4415807560137457,0.5873287671232876,0.5008532423208191,0.22508591065292097,2.25,,,49.58,
JPEQ,JPMorgan US 100Q Equity Premium Income Active ETF (Hedged),Unknown,,Spotlight ETP List,AUD,2026-08-14,60.20000076293945,,,,,,,,,,,,,,,,,,,,20.445005467159017,,,,,,,,-0.6603819732881889,0,0.25,,,,0.05,,0.04,0.06,,,0.02,5,0.3,,,,,,,,,,,,,,,,,,,,,,,0.601674,2026-08-05,,,,,,0.006832284565359448,0.054308716041264526,0.1087355249307318,0.0912214754296845,59.23788146972656,59.82900680541992,57.82421083450318,0.026707879921502586,0.016563752973992596,0.05180855591605371,0.05180855591605371,,,0.1807084257219742,-0.03881081719900651,0.2195192429209807,14.363979509576472,98.9840713470488,94.10577785113365,0.9187623672888455,0.06377812814082347,60.26503445293607,59.87266616784002,61.2487421099659,61.731939952858,0.009124716288602274,0.015576019923341325,0.0070493656246790526,0.014994085212259325,0.7725572392299417,,,,,,,,,,,,,,,,,,,63.064690325927074,53.1536792877802,-0.03559346156307097,0.14422934611050486,60.595656865137485,0.6452601013918504,0.010609340753527857,0.15580809732696688,0.14626984279958927,0.0,6349.7,376142.7759683227,0.4024244728575365,0.23076923076923078,,,,,,,,0.4072164948453608,0.47431506849315064,0.5008532423208191,0.5051546391752577,5.05,,,45.21,
JPHQ,JPMorgan US 100Q Equity Premium Income Active ETF (Hedged),Unknown,,Spotlight ETP List,AUD,2026-08-14,56.2400016784668,,,,,,,,,,,,,,,,,,,,19.100118392309835,,,,,,,,-0.6603819732881889,0,0.25,,,,0.05,,0.04,0.06,,,0.02,5,0.3,,,,,,,,,,,,,,,,,,,,,,,0.548447,2026-08-05,,,,,,0.015541253197471239,0.044744756022277565,0.10790005519476242,0.1805778622558234,54.88981189727783,55.20236427307129,52.866753273010254,0.03243199803633812,0.026586431853063974,0.07194020174257054,0.07194020174257054,,,0.3348558601577807,0.07966751400275271,0.25518834615502795,18.02377399217436,100.0,96.83943672418484,0.8964120564054169,0.08181385382277419,56.31966638227846,54.947148595193795,56.93171065915078,60.08609932640251,0.006181962201982715,0.03040144043441358,0.004618184200840237,0.06028059410330445,0.7470418048429778,,,,,,,,,,,,,,,,,,,60.08609932640251,47.04452882038223,-0.05685343524964226,0.20460337450319632,61.38968823585496,0.6681448355746191,0.011790098061812837,0.2076396316105806,0.18305156411333118,0.0,3187.6,174966.76440376282,0.726388896622545,0.23076923076923078,,,,,,,,0.2457044673539519,0.4246575342465754,0.5008532423208191,0.36597938144329895,3.66,,,36.7,
JREG,JPMorgan Global Research Enhanced Index Equity Active ETF,Unknown,,Spotlight ETP List,AUD,2026-08-14,89.05000305175781,,,,,,,,,,,,,,,,,,,,30.24298631511875,,,,,,,,-0.6603819732881888,0,0.25,,,,0.05,,0.04,0.06,,,0.02,5,0.3,,,,,,,,,,,,,,,,,,,,,,,2.212961,2026-07-01,,,,,,0.027241410880253225,0.08697675480337375,0.12667090381976664,0.12861367175189264,87.27299995422364,86.52459197998047,82.39576717376708,0.024028081920620448,0.03288557277750481,0.08464312927758488,0.08464312927758488,,,0.8150924583558634,0.6257752843064267,0.1893171740494367,29.223084366012486,97.37468863348337,87.03258605369344,0.8857694661562316,0.062286116524550045,87.56999969482422,86.45999908447266,89.53000259399414,,0.020141020436822733,0.032561302144758726,0.001790308185016013,,0.08888865341414826,,,,,,,,,,,,,,,,,,,89.58000183105469,75.06007285986801,-0.0023442630071465187,0.19064636285964798,65.85777343010348,0.7005362804430791,0.007838606455339639,0.10526194045932276,0.09759340121546817,0.0,2004.85,174969.27395822524,0.4935058103303444,0.23076923076923078,,,,,,,,0.6666666666666667,0.6438356164383562,0.5008532423208191,0.36769759450171824,3.68,,,61.12,
JRHG,JPMorgan Global Research Enhanced Index Equity (Hedged) Active ETF,Unknown,,Spotlight ETP List,AUD,2026-08-14,76.25,,,,,,,,,,,,,,,,,,,,25.895874536775594,,,,,,,,-0.6603819732881889,0,0.25,,,,0.05,,0.04,0.06,,,0.02,5,0.3,,,,,,,,,,,,,,,,,,,,,,,6.502766,2026-07-01,,,,,,0.034766229118503134,0.07851337525508151,0.12859550619122895,0.22177928844631123,74.5765007019043,73.70517379760742,69.30686946868896,0.029680934245906787,0.04185360347145761,0.10797099196954885,0.10797099196954885,,,0.8494425079219212,0.6401052856785578,0.20933722224336337,20.520667412187468,100.0,96.03171853805436,0.9032307337049423,0.07360781747262705,74.62327686189991,73.60231399536133,,,0.02821622643306038,0.041511744786572186,,,,,,,,,,,,,,,,,,,,,,76.79000091552734,61.62939510796905,0.0,0.24599634283280403,67.7497259615989,0.5739663096766247,0.0074744928093960425,0.11626084309660768,0.12372093635544962,0.0,662.55,49410.66054004669,0.8208625449015315,0.23076923076923078,,,,,,,,0.6151202749140894,0.6678082191780822,0.5008532423208191,0.21305841924398625,2.13,,,59.4,
KAT,Katana Capital Limited,Unknown,,Spotlight LIC List,AUD,2026-08-14,1.409999966621399,43735764.0,31578168.0,53320000.0,0.0,-53320000.0,,,,,48346175.208,1.531,,,38.956950919187896,1.724575050943904,,31.16556073535032,1.9305019305019304,7.282938497713666,0.4788614063276788,Undervalued,26.629043859153708,0.22310290196409063,,21.103235087322968,0.3691503377320946,4.165204730582252,-0.660381973288189,4,0.25,29.21771318939092,8755625.0,5.555,0.25,0.006,0.04,0.06,0.04036,0.04036,0.02,5,0.3,0.20019371331892133,,,0.90463746,,,0.13415,0.1719,1.0,0.79107004,0.59902,,21.052,21.052,0.59976,0.07955,,0.02,0.014400001,0.0817,0.017,2026-07-07,0.005,2026-07-07,0.0141843974989045,-0.01497246431409971,-0.1,,-9325697.0,-0.017421586867605088,0.04829847347147287,0.014673728929516017,0.10943018806761518,1.3819999933242797,1.3781735301017761,1.3534953784942627,0.020260472816477915,0.023093199676583964,0.0417471600013859,0.0417471600013859,,,0.0067253568003171615,0.0029652707336872684,0.003760086066629893,17.156659350995543,100.0,100.0,0.968230043463601,0.04327033922600679,1.3998345136642456,1.3896092176437378,1.434999942779541,,0.007209541275033845,0.014461524439976304,0.01773047996451114,,2.4593076435959382,,,,,,,,,,,,,,,,,,,1.434999942779541,1.246292451655652,-0.017421586867605088,0.13135561781527905,67.57107601780976,0.0062241795665836045,0.0044143118538490485,0.103401738504591,0.16452319252538058,0.0,809.75,1119.0744945943354,-0.02309761926731037,1.0,0.9895833333333334,0.8673469387755102,0.9895833333333334,0.4444444444444444,0.8775510204081632,0.6666666666666666,,0.6821305841924399,0.8133561643835616,0.5008532423208191,0.024054982817869417,0.24,89.84,,66.06,
KIT,Kapstream Investment Trust,Unknown,,Spotlight LIC List,AUD,2026-08-14,1.840000033378601,,,,,,,,,,,,,,,,,,,,0.624897180485707,,,,,,,,-0.6603819732881889,0,0.25,,,,0.05,,0.04,0.06,,,0.02,5,0.3,,,,,,,,,0.0,0.0,0.0,,,,0.093210004,0.2058,,,,,,,0.005426,2026-07-01,,,,,,-0.03183020853214724,-0.05172420734825922,,,1.8714999973773956,1.8870703744888306,,-0.024846353063768034,-0.032892428202063395,,,,,-0.01801883645641955,-0.010537809462595131,-0.00748102699382442,17.0558867336573,29.032312645262316,22.580679067511436,0.0864667644404656,0.060083086260647234,,,1.8298142667953479,1.8636041321318015,,,0.0026379282114223704,0.02115292243256755,,,,,,,,,,,,,,,,,,,,1.9644327645825148,1.7799999713897705,-0.07097861500412894,0.02528094214451615,40.009298291915954,0.040368159497322725,0.02211953887264708,0.1817542532835499,0.17049333379779893,0.0,258466.25,483719.5861971453,0.08064765049334682,0.23076923076923078,,,,,,0.23106060606060605,,0.32817869415807566,0.11130136986301364,0.5008532423208191,0.5567010309278351,5.57,,,32.58,
KKC,KKR Credit Income Fund,Unknown,,Spotlight LIC List,AUD,2026-08-14,2.130000114440918,,,,,,,,,,,,,,,,,,,,0.7233864357623564,,,,,,,,-0.6603819732881888,0,0.25,,,,0.05,,0.04,0.06,,,0.02,5,0.3,,,,,,,,,0.0,0.0,0.0,,,,0.05056,0.17266001,,0.2,0.0945,,,2026-07-30,0.0167,2026-07-30,0.09389670857012887,-0.006384036294932599,,,,0.034515428535648596,0.056449762403656845,-0.00877770518891785,-0.021280509437298867,2.112144076824188,2.0579040908813475,2.073846282362938,0.010821190604305198,0.03746331032798089,0.029488062167577933,0.029488062167577933,,,0.02020068490438076,0.020714862855921327,-0.0005141779515405662,44.39527860970452,89.2392235739611,82.06571469130925,0.9066840971183522,0.02660834461190156,2.110832832296229,2.097263061905993,2.1379007952865074,2.150813836712678,0.011319512072589707,0.017675376452379047,0.0013586907897930203,0.007406953779887353,0.12003086184987614,,,,,,,,,,,,,,,,,,,2.2216842289185847,1.8885528501134845,-0.03901735328855527,0.1304952309568479,69.60014415367758,0.01714027766102213,0.008028233132358467,0.09970377619347018,0.10268414071096384,0.0,368524.9,778377.6846972263,0.11832802008585744,0.23076923076923078,,,,,,0.23106060606060605,,0.7096219931271477,0.6267123287671232,0.5008532423208191,0.6597938144329897,6.6,,,62.63,
L1HI,L1 Capital International (Hedged) Active ETF,Unknown,,Spotlight ETP List,AUD,2026-08-14,5.809999942779541,,,,,,,,,,,,,,,,,,,,1.9731807157625232,,,,,,,,-0.6603819732881889,0,0.25,,,,0.05,,0.04,0.06,,,0.02,5,0.3,,,,,,,,,,,,,,,,,,,,,,,0.080998,2025-06-30,,,,,,0.06181820956143458,0.0484739627657822,0.04285718786473258,0.01213174556200558,5.616500067710876,5.550400018692017,5.678850004673004,0.039793480313818685,0.05217644366542795,0.028377250285230193,0.028377250285230193,,,0.08836196075079705,0.06210696697277994,0.026254993778017113,20.934283426287386,90.47620128882248,96.8254004296075,0.8462375270078991,0.11493115913143315,5.8129412146175605,5.755000054836273,5.879000043869018,5.9566665755377874,0.004633379668378847,0.014554810878549578,0.006678063401050679,0.019977126695484453,1.4412942342338282,,,,,,,,,,,,,,,,,,,6.079999923706055,5.179999828338623,-0.039473647060816464,0.12741319423189035,69.65848640085531,0.046222628618552246,0.007914833460761045,0.19792724614798,0.18779468361076465,0.0,11894.2,66803.7751053667,0.6200500845614505,0.23076923076923078,,,,,,,,0.281786941580756,0.6335616438356164,0.5008532423208191,0.2508591065292096,2.51,,,43.55,
L1IF,L1 Capital International (Unhedged) Active ETF,Unknown,,Spotlight ETP List,AUD,2026-08-14,6.559999942779541,,,,,,,,,,,,,,,,,,,,2.2278942357963807,,,,,,,,-0.660381973288189,0,0.25,,,,0.05,,0.04,0.06,,,0.02,5,0.3,,,,,,,,,,,,,,,,,,,,,,,0.037471,2026-07-01,,,,,,0.04792327522826478,0.10181772108467868,0.08729616531642304,-0.027998811044623872,6.3625000476837155,6.219910039901733,6.323109958171845,0.031041240646862756,0.05467762406466914,0.0374641570642853,0.0374641570642853,,,0.10766786547235174,0.0904858787927704,0.017181986679581346,27.552673310121644,88.63632176533763,90.74290600887859,0.7872349843293985,0.10806915013968102,6.539999961853027,6.290000120798747,6.602402176112239,6.686840637669016,0.0030487776068545925,0.041158509807302256,0.006463755137584929,0.019335471950588407,2.1201136885328777,,,,,,,,,,,,,,,,,,,6.977572802059626,5.7251883673477115,-0.0598450021412642,0.14581381814316963,67.10778362060469,0.06916344991340513,0.010543208920227498,0.14350387110658397,0.15919981796042518,0.0,30844.35,196247.1783457732,0.445572120556846,0.23076923076923078,,,,,,,,0.4518900343642611,0.48287671232876717,0.5008532423208191,0.38831615120274915,3.88,,,47.43,
LED,Ldr Capital Property Fund,Real Estate,,Spotlight A-REITS  List,AUD,2026-08-14,0.5299999713897705,213676032.0,407002000.0,3874000.0,200342000.0,196468000.0,492961000.0,,,,256411260.0,0.63,,,2.008576134409628,0.5927714731811344,,1.6068609075277025,3.434739941118744,0.6048705075942568,0.17999754444071017,Undervalued,2.7897664959164477,0.11843680222616607,,2.0318131967331583,5.480641748172436,0.14126517027568905,-0.660381973288189,4,0.25,1.506432100807221,25977000.0,0.053,0.053,0.173,0.04,0.06,0.05038,0.05038,0.02,5,0.3,0.12157189440882167,,,0.8333333,11.072,5.118886949271775,0.036340002,-0.01169,0.93917,0.62137,-0.01668,73.857,0.586,0.406,0.64348,0.05863,,0.07,0.1238,1.4877,0.1128,2026-06-30,0.01625,2026-06-30,0.13207547882775428,0.06684554788169858,-0.1,,424947040.0,0.08080812337848275,0.1309383546239229,0.0015343570563017828,-0.10565758219758792,0.5152499914169312,0.488193085193634,0.5318411381542683,0.0383309755227752,0.09587792709895604,0.005939533152208298,0.005939533152208298,,,0.01269272043279479,0.01230138230022417,0.0003913381325706209,26.84556662718996,72.72730228329108,69.2640399091154,0.7713133510371745,0.14127935605175299,0.5294945575570649,0.5248088240623474,0.5400000214576721,0.551461786031723,0.0102905951384995,0.019048975073115957,0.0093457850215429,0.030769642988249194,0.9081870286178254,,,,,,,,,,,,,,,,,,,0.6383828573013239,0.434441477060318,-0.16194487350790865,0.2314662721574443,61.114289248401434,0.01670229811576358,0.031219247284123806,0.40038104847120065,0.41604122005201644,0.0,153920.45,79307.51054139019,0.16470449658121758,1.0,0.71875,0.8163265306122449,0.71875,0.5555555555555556,0.11224489795918367,0.06060606060606061,0.5588235294117647,0.054982817869415834,0.042808219178082196,0.5008532423208191,0.2697594501718213,2.7,73.17,16.37,18.57,45.18
LEND,VanEck Global Listed Private Credit (AUD Hedged) ETF,Unknown,,Spotlight ETP List,AUD,2026-08-14,15.390000343322754,,,,,,,,,,,,,,,,,,,,5.226721547693369,,,,,,,,-0.6603819732881889,0,0.25,,,,0.05,,0.04,0.06,,,0.02,5,0.3,,,,,,,,,,,,,,,,,,,,,,,0.145,2026-08-03,,,,,,0.06653558175610441,0.08848784294638268,0.0550238443867177,-0.058706469028867114,14.821691036224365,14.548605003356933,14.851622576713561,0.05790899748575917,0.07776658322621244,0.05577691758482106,0.05577691758482106,,,0.27316697878294427,0.17693735878473224,0.09622961999821203,20.038169543268573,98.49048956544326,94.02534564823402,0.9992158904209288,0.1159999082499787,15.614879188240598,15.493513025784289,15.749640013104534,15.896991056964024,0.004153132376769607,0.011893321158286932,0.0044413078171793964,0.0138386956355235,1.0693874922026776,,,,,,,,,,,,,,,,,,,17.01069744637573,13.08075781538192,-0.07822707713160015,0.19870733228753457,68.52966631209618,0.24300386391184936,0.015497695100913785,0.2141712202570541,0.20135798733545063,0.0,20222.4,299730.16481094365,0.49227356150348567,0.23076923076923078,,,,,,,,0.23711340206185572,0.27910958904109584,0.5008532423208191,0.4725085910652921,4.73,,,32.67,
LEVR,First Sentier Geared Australian Share Complex ETF,Unknown,,Spotlight ETP List,AUD,2026-08-14,1.5549999475479126,,,,,,,,,,,,,,,,,,,,0.5281060137231918,,,,,,,,-0.660381973288189,0,0.25,,,,0.05,,0.04,0.06,,,0.02,5,0.3,,,,,,,,,,,,,,,,,,,,,,,0.004693,2026-07-01,,,,,,0.08480565936639639,0.16672112235622616,0.044116545230922455,-0.09953931900443902,1.4942500054836274,1.4403264355659484,1.439287230372429,0.027271180182852017,0.06573060711633083,0.06650009409463276,0.06650009409463276,,,0.04030770790134208,0.03700071033400866,0.0033069975673334223,22.91804518941389,61.7646893828047,73.96159763223024,0.6475334194164923,0.18484747585131467,1.528547085547948,1.5100079476833344,1.5399117469787598,1.5651773348020717,0.004203831409621499,0.01628144591629737,0.003199856979913739,0.019659523672234617,0.7611763337107387,,,,,,,,,,,,,,,,,,,1.7643218933129963,1.2408997773200383,-0.12997737406125065,0.2370055943893603,58.24276727489458,0.026767261847886897,0.017437955980417898,0.3292343597408007,0.3026941699150535,0.0,137786.65,205887.70251807064,2.177383432520424,0.23076923076923078,,,,,,,,0.09278350515463918,0.22431506849315064,0.5008532423208191,0.3951890034364261,3.95,,,24.81,
LF1,La Trobe Private Credit Fund,Unknown,,Spotlight LIC List,AUD,2026-08-14,1.8949999809265137,,0.0,,,,,,,,,,,,,,,,,,0.6435761541411823,,,,,,,,-0.6603819732881888,0,0.25,,,,0.05,,0.04,0.06,,,0.02,5,0.3,,,,,,,,,0.0,0.0,0.0,,,,0.27969,0.11579,,,,,,,0.0114,2025-10-01,,,,,,0.0026315764707212086,-0.012953355874389949,-0.047500014305114746,-0.03624437588518514,1.901499980688095,1.8869999933242798,1.936899995803833,0.0018406472454493006,0.009538939125156354,-0.016469629037726197,-0.016469629037726197,,,0.0026248412454972225,0.003744189654788642,-0.0011193484092914194,18.25125271805493,49.999914850571265,45.555481254789576,0.550708538494583,0.03629856627885188,1.9032192284968472,1.8883333206176758,1.918124958872795,1.9453333854675292,0.0009347731861770961,0.008748898174489612,0.0068897573124105695,0.021172396159320636,7.3705123491906415,,,,,,,,,,,,,,,,,,,2.0199999809265137,1.8350000381469727,-0.056930698328024776,0.038147101791608407,52.18550034773614,0.023854271800186348,0.012521927642226547,0.15605630697697692,0.13642086809494275,0.0,144949.7,275621.8517507452,0.17265649621099705,0.3076923076923077,,,,,,0.23106060606060605,,0.4020618556701031,0.3955479452054794,0.5008532423208191,0.4570446735395189,4.57,,,43.01,
LGF,L1 Gold Fund Limited,Unknown,,Spotlight LIC List,AUD,2026-08-14,2.2200000286102295,,,,,,,,,,,,,,,,,,,,0.7539520290167703,,,,,,,,-0.6603819732881889,0,0.25,,,,0.05,,0.04,0.06,,,0.02,5,0.3,,,,,,,,,0.0,0.0,0.0,,,,0.23127002,0.23692,,,,,,,,,,,,,,0.10714287452030424,0.03827759110527551,,,2.008500003814697,1.9386000037193298,,0.08040830080782424,0.1193645270456305,,,,,0.056590009244926076,0.03590464761974595,0.02068536162518013,21.30161058819409,77.77779985357127,75.58808893513961,0.9687091007951759,0.1715526766418863,2.1500000953674316,2.049999952316284,,,0.00921658074808496,0.05529959435881885,,,,,,,,,,,,,,,,,,,,,,2.25,1.6399999856948853,-0.03555552164713538,0.32317078976954594,63.37587247061639,0.07662437963729155,0.03531077278492782,0.4558410100265785,0.5352407921696882,0.0,430762.15,865185.7799182272,0.7036371702362684,0.23076923076923078,,,,,,0.23106060606060605,,0.04123711340206182,0.017123287671232834,0.5008532423208191,0.6769759450171822,6.77,,,17.31,
LHGG,Lakehouse Global Growth Fund Active ETF,Unknown,,Spotlight ETP List,AUD,2026-08-14,1.7699999809265137,,,,,,,,,,,,,,,,,,,,0.6011239008022058,,,,,,,,-0.6603819732881889,0,0.25,,,,0.05,,0.04,0.06,,,0.02,5,0.3,,,,,,,,,,,,,,,,,,,,,,,0.271335,2025-06-30,,,,,,0.13496934310049902,0.2637167964319025,0.2197266569841536,-0.20692669757550097,1.6900000035762788,1.6091708302497865,1.7162109261751175,0.09467456800413987,0.1496604270130153,0.07795609247454993,0.07795609247454993,,,0.05868761856690963,0.04757934683391071,0.011108271732998914,34.55149710382481,100.0,93.49708208808347,0.9395207123926377,0.2154041102835767,1.681666612625122,1.6463276147842407,1.8623181170630636,2.015911337722422,0.0909910319174814,0.11009319266637348,0.006658428682408856,0.08968179013101818,0.07317675755614356,,,,,,,,,,,,,,,,,,,2.4094939342834856,1.4207375029745464,-0.23220390907852817,0.3021406276448537,71.30359691597971,0.033728227190951546,0.018231473922313154,0.3066015513548105,0.3680748371034609,0.0,20353.2,34396.90807278872,0.3681847775935192,0.23076923076923078,,,,,,,,0.1116838487972509,0.20205479452054798,0.5008532423208191,0.17697594501718214,1.77,,,25.1,
LNAS,Global X Ultra Long Nasdaq 100 Complex ETF,Unknown,,Spotlight ETP List,AUD,2026-08-14,12.329999923706055,,,,,,,,,,,,,,,,,,,,4.187490243445832,,,,,,,,-0.6603819732881888,0,0.25,,,,0.05,,0.04,0.06,,,0.02,5,0.3,,,,,,,,,,,,,,,,,,,,,,,2.068072,2026-07-03,,,,,,0.031967241755739506,0.2126737981766864,0.6793155161788826,0.7258457107709364,11.582499980926514,11.430656909942627,9.148798756599426,0.0869846901204816,0.1014240259137551,0.37613696481258563,0.37613696481258563,,,0.2731113888686778,0.15606422438521805,0.11704716448345975,14.42781518601528,98.03148852418147,94.99601303597107,0.8664402592501507,0.2373775477030799,12.520000457763672,12.399999618530273,12.699999809265137,,0.005559943921829916,0.01509138457147376,0.008737065555526266,,1.5714305177111716,,,,,,,,,,,,,,,,,,,12.699999809265137,6.0944577737126915,-0.00866139041962799,1.0658113683045785,61.083033312968226,0.38883740193230976,0.030884622495606858,0.5799182773215111,0.6077992044256012,0.0,176662.35,2046191.6655054332,2.2559405884386363,0.23076923076923078,,,,,,,,0.01718213058419249,0.046232876712328785,0.5008532423208191,0.8127147766323024,8.13,,,16.95,
LNYN,Lanyon Investment Fund Active ETF,Unknown,,Spotlight ETP List,AUD,2026-08-14,1.965000033378601,,,,,,,,,,,,,,,,,,,,0.6673494338246834,,,,,,,,-0.6603819732881889,0,0.25,,,,0.05,,0.04,0.06,,,0.02,5,0.3,,,,,,,,,,,,,,,,,,,,,,,0.009824,2026-07-01,,,,,,0.028947403919664216,0.020780445606659592,0.06216336070413786,0.14786888321011027,1.9030000150203705,1.9084801769256592,1.8895693385601045,0.027325290322931073,0.024375346703691347,0.03462731058342605,0.03462731058342605,,,0.01753795125749913,0.007785317135838458,0.00975263412166067,28.81426828241889,82.6087136800423,91.30435684002116,0.8013493588511427,0.09067645083800849,1.9549989265634276,1.9366639538134522,1.9724607467651367,1.9898196173228295,5.710239857698191e-07,0.009379073503522161,0.008931306120973096,0.01781052360262943,15640.859829963996,,,,,,,,,,,,,,,,,,,1.9898196478448715,1.688302993774414,-0.017498874818750343,0.1579675272296328,64.1519069533723,0.012106597911093465,0.006192633066667255,0.13812238609729544,0.12481215609142869,0.0,28487.15,54211.04687788755,0.18312272370323526,0.23076923076923078,,,,,,,,0.48797250859106533,0.7482876712328768,0.5008532423208191,0.22164948453608246,2.22,,,55.69,
LPGD,Loftus Peak Global Disruption Active ETF,Unknown,,Spotlight ETP List,AUD,2026-08-14,5.880000114440918,,,,,,,,,,,,,,,,,,,,1.996954035931648,,,,,,,,-0.6603819732881889,0,0.25,,,,0.05,,0.04,0.06,,,0.02,5,0.3,,,,,,,,,,,,,,,,,,,,,,,0.49,2026-06-30,,,,,,0.013698616715036138,0.08207632896910977,0.25082110971315363,0.18171496842386614,5.718500018119812,5.779628162384033,5.261434745788574,0.03523652313292902,0.024287360703151295,0.12516839271503044,0.12516839271503044,,,0.037148430323332704,0.007697022036062995,0.02945140828726971,16.053794417522898,96.00000381469727,91.57450677261193,0.8926123028261606,0.08974890210847732,5.917290687561035,5.850000060233742,6.460000038146973,,0.0004576670097961038,0.011824326884810587,0.0912162085969228,,199.3069341781063,,,,,,,,,,,,,,,,,,,6.460000038146973,4.5299209311843756,-0.08359132487063026,0.3068660946243327,58.81052090018311,0.10046180594019459,0.016969899433360476,0.20002663987447986,0.35262028825217556,0.0,176748.8,1010738.0160026549,0.7441411289765887,0.23076923076923078,,,,,,,,0.2731958762886598,0.23287671232876717,0.5008532423208191,0.7010309278350515,7.01,,,33.14,
LPHD,Loftus Peak Global Disruption Hedged Active ETF,Unknown,,Spotlight ETP List,AUD,2026-08-14,10.550000190734863,,,,,,,,,,,,,,,,,,,,3.582970246586605,,,,,,,,-0.6603819732881889,0,0.25,,,,0.05,,0.04,0.06,,,0.02,5,0.3,,,,,,,,,,,,,,,,,,,,,,,0.6,2026-06-30,,,,,,0.022094188211522647,0.06336277278288205,0.24431066185798822,,10.22750015258789,10.30668312072754,9.334589781761169,0.04033245510443595,0.03233991175346107,0.13984659123555954,0.13984659123555954,,,0.08424736105573949,0.023202119910524344,0.061045241145215146,16.548417395259435,100.0,97.91665921608785,0.9054928876121838,0.09946525903805813,10.530385971069336,10.4399995803833,10.676838874816895,10.880000114440918,0.010302102322976675,0.018797063579510668,0.003462267885852,0.022556368738162542,0.3360739174692663,,,,,,,,,,,,,,,,,,,10.880000114440918,8.06904411315918,-0.022058802260453536,0.3186196771400469,62.54774955037607,0.11505339738668548,0.010813288879157647,0.19667013271666248,0.2741325936383581,0.0,13950.5,142678.74087867734,0.7265959052926664,0.23076923076923078,,,,,,,,0.28865979381443296,0.4571917808219178,0.5008532423208191,0.3402061855670103,3.4,,,39.45,
LRT,Lowell Resources Fund,Unknown,,Spotlight LIC List,AUD,2026-08-14,2.299999952316284,99565928.0,42732159.0,,,0.0,74743972.0,,,,,,,,,,,,,,0.781121445242916,,,,,,,,-0.6603819732881889,0,0.25,,,,0.05,,0.04,0.06,,,0.02,5,0.3,,,,,,,,,0.0,0.0,0.0,,,,0.15852,0.01222,,0.14,0.0615,0.0168,0.07490000000000001,2026-06-30,0.1432,2026-06-30,0.060869566479342226,-0.010250951555410951,,,99565928.0,0.1047619231433834,0.0008823099528738609,-0.09479031993092313,0.5682613695619223,2.113999980688095,2.2071510624885557,2.2132596242427827,0.09744557920367214,0.051128748127917234,0.04822764931454171,0.04822764931454171,,,0.04239633477459437,0.0056052924290883495,0.03679104234550602,18.65333261197399,86.53843111893715,80.76920696264645,0.8342887347830593,0.29150123550202967,2.3148140146164145,2.27084192232669,2.374490261077881,2.3963791131973267,0.002235309817071737,0.021188798418367558,0.023487210949579094,0.03292206127254892,10.507362679750324,,,,,,,,,,,,,,,,,,,2.9209999960507727,1.4416548579848154,-0.2057514767615659,0.6092616900592678,59.349688355618405,0.08918925537085727,0.038443645662606676,0.5710813415322763,0.570059897391275,0.0,23833.5,50384.01853972971,2.1919332340833684,0.38461538461538464,,,,,,0.23106060606060605,,0.020618556701030966,0.008561643835616417,0.5008532423208191,0.21649484536082475,2.16,,,16.17,
LSF,L1 Long Short Fund Limited,Unknown,,Spotlight LIC List,AUD,2026-08-14,4.619999885559082,2976599808.0,634669420.0,5664793088.0,0.0,-5664793088.0,,,,,2335583465.6,3.68,,,84.94291829215,4.419379430302804,,67.95433463372,4.321301474326385,23.048120252050563,1.5690352445423683,Undervalued,17.385913505681994,-0.043424342040216314,,13.708730804545596,-0.06465333736616537,3.9887707409026114,-0.660381973288189,2,0.25,63.707188719112494,905130240.0,12.021,0.25,0.489,0.04,0.06,0.06934,0.06934,0.02,5,0.3,0.30408193858218513,,,1.2744565,,,0.108059995,0.28419,1.0,0.78462,0.52084,,1.747,1.743,0.21434,0.09578,,0.17,0.0369,0.77,0.0331,2026-06-01,0.037,2026-06-01,0.03679653770801506,-0.0028038561513534354,-0.1,,-2696102656.0,0.03707864470229616,0.08217338669235108,0.09360313158088318,0.5491569945955168,4.519249987602234,4.551899967193603,4.13437686085701,0.021187096039962938,0.013862300221738844,0.116250387044186,0.116250387044186,,,0.027988355587983627,0.021458802710003652,0.006529552877979974,20.31567260407849,47.14279486215334,50.858968130724236,0.6941859788540586,0.10910723917861359,4.599999904632568,4.550000190734863,4.679999828338623,4.800000190734863,0.003250242086569248,0.014084416816244411,0.014084520139577424,0.04008676680213044,4.333375719235782,,,,,,,,,,,,,,,,,,,4.900000095367432,2.9312984796138943,-0.05816333034742449,0.5743875293539005,54.39371842867512,0.1352462375852158,0.029305795079692307,0.23010414835594015,0.3013943638169357,0.0,510314.4,2306238.345873242,1.1003536268107155,1.0,0.9479166666666666,0.9183673469387755,0.9479166666666666,0.08080808080808077,0.9591836734693877,0.5833333333333334,,0.20274914089347074,0.05308219178082196,0.5008532423208191,0.8264604810996563,8.26,85.23,,25.48,
LSGE,Loomis Sayles Global Equity Fund - Active ETF,Unknown,,Spotlight ETP List,AUD,2026-08-14,1.9500000476837158,,,,,,,,,,,,,,,,,,,,0.6622551682822813,,,,,,,,-0.6603819732881888,0,0.25,,,,0.05,,0.04,0.06,,,0.02,5,0.3,,,,,,,,,,,,,,,,,,,,,,,0.230344,2026-07-01,,,,,,0.007614205825909215,0.037723691844794294,0.05748995531730894,-0.08234352256828059,1.9227500021457673,1.9320411849021912,1.9858638173341752,0.032375510123457074,0.027410818059556252,-0.0004349759643740292,-0.0004349759643740292,,,0.013032799302791664,0.005274861390071969,0.007757937912719695,16.770956629459633,100.0,88.461549042245,0.8529930373477247,0.09171713517840518,1.976250022649765,1.9605125235893996,2.002225637435913,2.0558565712070798,0.004408056217779336,0.012336267274178025,0.008677895721239318,0.03569599818203006,1.968644520965528,,,,,,,,,,,,,,,,,,,2.332950115727471,1.7385396291542607,-0.1491459671926405,0.1417628801885571,60.134387612166506,0.020837346205152846,0.010497403554149262,0.16784332487250042,0.1868999121900663,0.0,43508.25,83655.48778085857,0.6456326535341956,0.23076923076923078,,,,,,,,0.36426116838487976,0.488013698630137,0.5008532423208191,0.27835051546391754,2.78,,,43.62,
LSX,Lion Selection Group Limited,Unknown,,Spotlight LIC List,AUD,2026-08-14,0.8899999856948853,121759088.0,143245975.0,41845000.0,72000.0,-41773000.0,133057000.0,,,,157284080.55,1.098,,,13.350579475105565,1.440913375441204,,10.680463580084453,,4.217186571968152,0.30226003891523706,Undervalued,14.000651336732139,0.619003818653078,,11.000521069385712,,3.738411954777167,-0.6603819732881889,3,0.25,10.012934606329175,40643248.0,0.898,0.25,0.61,0.04,0.06,0.0766,0.0766,0.02,5,0.3,0.3338005291235427,,,0.77413476,1.302,-0.6797552601174882,0.27598,0.41283,1.0,0.95347,0.83997,0.046,11.711,11.711,0.4737,0.03093,,,,0.0,,2025-09-01,0.02,2025-09-01,,,-0.1,,79986080.0,0.0,0.08536584568052041,-0.12315271109528436,0.14599374020347833,0.8602500110864639,0.8558500051498413,0.9202624985575676,0.03458294010464269,0.0399018289882056,-0.03288465292252618,-0.03288465292252618,,,0.007277447223447586,0.002472135050347415,0.004805312173100171,19.961847063540038,84.61539872299336,84.61539872299336,0.9358535306300688,0.07934532514776145,0.8799999952316284,0.8737500011920929,0.8999999761581421,0.9128571663584027,0.011235944521335181,0.01825840984716967,0.011235944521335181,0.025682225877420993,1.0,,,,,,,,,,,,,,,,,,,1.1200000047683716,0.7521965503692627,-0.20535715901273843,0.18320136573076962,61.794825330451545,0.022697001754595214,0.025502249572368338,0.1964571414939703,0.38374242140332865,0.0,88603.35,76221.03281979785,1.473239478396537,1.0,0.8958333333333334,0.9387755102040817,0.8958333333333334,0.6262626262626263,0.9693877551020408,0.8787878787878788,0.8529411764705882,0.2903780068728522,0.08561643835616439,0.5008532423208191,0.2611683848797251,2.61,88.18,92.47,30.23,77.59
MA1,MA Credit Income Trust,Unknown,,Spotlight LIC List,AUD,2026-08-14,1.9900000095367432,557982720.0,279690584.0,,,0.0,,,,,,,,,,,,,,,0.6758398763953539,,,,,,,,-0.6603819732881889,0,0.25,,,,0.05,,0.04,0.06,,,0.02,5,0.3,,,,,,,,,0.0,0.0,0.0,,,,0.050279997,0.098629996,,0.12,0.0623,,,2026-07-31,0.014606,2026-07-31,0.06030150724870352,-0.03207853533381189,,,557982720.0,0.00994393831398055,0.0426541060930441,0.0401628059759751,0.05527721115749373,1.9829070746898652,1.9702329206466676,1.9235291403532029,0.006098586379998494,0.012570637645002325,0.037156112125260154,0.037156112125260154,,,0.006553579059014325,0.0061823558493220784,0.0003712232096922466,21.756585132661698,83.33333333333333,72.22222222222221,0.8778144036129675,0.01614175193343332,1.9639535080883272,1.936576354889372,1.997605030882547,,0.015562153687136943,0.02928503746333718,0.0013057774977188095,,0.08390724857049273,,,,,,,,,,,,,,,,,,,2.0,1.863025377107925,-0.002499997615814209,0.07083887813987699,58.53037939147951,0.01610064006204792,0.00807049625241343,0.04806697978148178,0.1024383029077335,0.0,396505.1,786232.7679406124,0.001870754558668897,0.38461538461538464,,,,,,0.23106060606060605,,0.8711340206185567,0.6232876712328768,0.5008532423208191,0.6615120274914089,6.62,,,69.81,
MAET,Munro Global Growth Fund Complex ETF,Unknown,,Spotlight ETP List,AUD,2026-08-14,5.510000228881836,,,,,,,,,,,,,,,,,,,,1.871295404914476,,,,,,,,-0.660381973288189,0,0.25,,,,0.05,,0.04,0.06,,,0.02,5,0.3,,,,,,,,,,,,,,,,,,,,,,,0.789128,2026-07-01,,,,,,-0.009009043066040445,0.10310667449995603,0.21559461069066077,0.19980772845482608,5.399999976158142,5.436555976867676,4.8720906186103825,0.01851852301543966,0.011669892373457724,0.1288788387866049,0.1288788387866049,,,0.008673222366695654,-0.005655212873076392,0.014328435239772046,8.784347961759678,94.73684870965394,92.60656645715495,0.760360252487274,0.07112653655282795,5.494999885559082,5.398884192939539,5.590000152587891,6.409774474572284,0.0009091117165305398,0.018384692192811126,0.016363664106889206,0.1654135408313244,17.999618539004388,,,,,,,,,,,,,,,,,,,6.409774474572284,4.256634971201194,-0.14193548902248898,0.29210045898014525,54.21040017450007,0.08227076473071741,0.014958320860130438,0.19338944658357562,0.5087043379909107,0.0,279908.65,1511506.7033264579,0.5707234689374386,0.23076923076923078,,,,,,,,0.30068728522336774,0.3047945205479452,0.5008532423208191,0.7680412371134021,7.68,,,36.18,
MCCL,Munro Climate Change Leaders Fund Active ETF,Unknown,,Spotlight ETP List,AUD,2026-08-14,18.09000015258789,,,,,,,,,,,,,,,,,,,,6.143690155038262,,,,,,,,-0.6603819732881889,0,0.25,,,,0.05,,0.04,0.06,,,0.02,5,0.3,,,,,,,,,,,,,,,,,,,,,,,2.025735,2026-07-01,,,,,,-0.008815418775477979,0.08615802016751961,0.22447013456208653,0.3493720094688395,17.72899971008301,17.844337882995607,15.598993096351624,0.014721646190039461,0.008162919189137474,0.15327955208376642,0.15327955208376642,,,0.0004029418281596975,-0.04174902736071633,0.04215196918887603,9.140739478359794,87.93108551171211,89.80422388293955,0.7482965613782979,0.05929057618969597,17.899999618530273,17.664999961853027,18.038619331223977,20.401551348838844,0.005002787867311723,0.01806558162312508,0.0027025881447685462,0.13404956133419618,0.5402164186147668,,,,,,,,,,,,,,,,,,,20.401551348838844,12.632505548450679,-0.11820432360688748,0.4241038487669264,53.88318217743787,0.22121269866315202,0.012296425874240164,0.18151127555003962,0.4214654500775532,0.0,58471.15,1036635.0013982202,0.5691772350261027,0.23076923076923078,,,,,,,,0.3298969072164949,0.4058219178082192,0.5008532423208191,0.7079037800687286,7.08,,,40.02,
MCGG,Munro Concentrated Global Growth Active ETF,Unknown,,Spotlight ETP List,AUD,2026-08-14,14.920000076293945,,,,,,,,,,,,,,,,,,,,5.067100984451021,,,,,,,,-0.6603819732881889,0,0.25,,,,0.05,,0.04,0.06,,,0.02,5,0.3,,,,,,,,,,,,,,,,,,,,,,,0.848807,2026-07-01,,,,,,-0.009327137987204637,0.0661373606484541,0.1859073306361958,0.13905378395831924,14.595999956130981,14.86877103805542,13.583131070137023,0.018772261595753736,8.26462052927468e-05,0.09474021923054865,0.09474021923054865,,,-0.0002299903204683318,-0.05447967200504277,0.05424968168457444,11.288606804915526,95.09802271613803,94.54657520030112,0.7616218315034445,0.07175342167691598,14.821863002429058,14.528332826597541,15.039999961853027,15.230477434565188,0.0032371811365494094,0.022976937564965872,0.01143241947560739,0.024241933542728647,3.531597088136219,,,,,,,,,,,,,,,,,,,16.74070902685785,11.962470110742224,-0.11174611172666027,0.24305429797529143,53.53195152765358,0.19494086882572728,0.013109675206860157,0.19287721198999172,0.3293091424791505,0.0,116732.05,1703820.9966790795,0.6173773487366468,0.23076923076923078,,,,,,,,0.302405498281787,0.38013698630136983,0.5008532423208191,0.7920962199312714,7.92,,,38.14,
MEC,Morphic Ethical Equities Fund Limited,Unknown,,Spotlight LIC List,AUD,2026-08-14,1.2050000429153442,36384500.0,30194603.0,,,0.0,44256511.0,,,,,,,,,,,,,,0.4092397367625569,,,,,,,,-0.6603819732881889,0,0.25,,,,0.05,,0.04,0.06,,,0.02,5,0.3,,,,,,,,,0.0,0.0,0.0,,,,0.56012,0.062589996,,0.04,0.0332,0.0,0.058899999999999994,2026-05-27,0.01,2026-05-27,0.03319501956466748,-0.00015001311242535188,,,36384500.0,-0.02799997329711912,-0.06885530372366189,0.09758949759356828,0.07372901470360027,1.2372500121593475,1.2904000139236451,1.2008390569686889,-0.01798341366908862,-0.05843147840318108,0.01179256814452656,0.01179256814452656,,,-0.02298470123413976,-0.021486197627476503,-0.001498503606663256,29.922028398537705,15.384615384615385,5.128205128205129,0.26826688057684933,0.07760398562732157,1.2120399169939018,1.2016216648949518,1.2202509778822153,1.2599999904632568,0.002436309714714959,0.011011002564705679,0.0043217649048228135,0.037037000698281884,1.7738979895371996,,,,,,,,,,,,,,,,,,,1.3899999856948853,1.0725321769714355,-0.1258992475663938,0.13283317691172614,38.41356332028181,0.013605023910041496,0.011197550235623814,0.2293004294486393,0.27647325025487746,0.0,9050.65,11197.916822549998,0.2015348500436728,0.38461538461538464,,,,,,0.23106060606060605,,0.20618556701030932,0.44691780821917804,0.5008532423208191,0.0979381443298969,0.98,,,35.48,
MFF,MFF Capital Investments Limited,Unknown,,Spotlight LIC List,AUD,2026-08-14,5.369999885559082,3175712768.0,589186019.0,3116699904.0,8262000.0,-3108437904.0,,511405000.0,,,2614218366.303,4.437,,,10.229893694962017,4.6001489294555435,,8.183914955969614,6.436512580456407,11.96231660880452,1.8237487645762265,Undervalued,0.9050081774623654,-0.1433614473947773,,0.5240065419698924,0.1986057202282953,1.2276195276974569,-0.6603819732881889,3,0.25,7.6724202712215135,222834256.0,-0.457,-0.1,0.403,0.04,0.06,0.06418,0.06418,0.02,5,0.3,0.07016826529319166,,,1.2147847,,,0.0728,0.103310004,1.0,0.96557,0.69563,0.316,141.298,141.246,0.25794,0.05293,,0.22,0.040799998,0.3843,0.0304,2026-10-07,0.1,2026-04-21,0.04096834351740314,0.004126115824886596,-0.1,,67274640.0,0.03660887381997724,0.11157023653486786,0.17917551927060638,0.20133120197346344,5.272999906539917,5.16499997138977,4.820283415317536,0.020292093646406384,0.041626359001372126,0.1161169688373005,0.1161169688373005,,,0.06662258555485145,0.06176007362796308,0.0048625119268883715,28.701890604292124,72.97299038850642,70.27026794819916,0.7889406903361632,0.0702292696220736,5.246666590372722,5.150000095367432,5.480000019073486,,0.024783182385127542,0.042750932003909003,0.01858734247312562,,0.7499982118632164,,,,,,,,,,,,,,,,,,,5.480000019073486,4.307950019836426,-0.018248157716151847,0.24885388402096598,63.33428715755108,0.09069438158480131,0.0168576913857977,0.14177197006421952,0.1418140184322897,0.0,265397.9,1399443.1018958904,0.5632554158072295,1.0,0.6354166666666666,0.6632653061224489,0.6354166666666666,0.12121212121212122,0.7244897959183674,0.7803030303030303,,0.46219931271477666,0.238013698630137,0.5008532423208191,0.7525773195876289,7.53,59.24,,41.77,
MFOA,Milford Australian Absolute Growth Complex ETF,Unknown,,Spotlight ETP List,AUD,2026-08-14,10.229999542236328,,,,,,,,,,,,,,,,,,,,3.474292257797032,,,,,,,,-0.6603819732881889,0,0.25,,,,0.05,,0.04,0.06,,,0.02,5,0.3,,,,,,,,,,,,,,,,,,,,,,,1.360917,2026-07-01,,,,,,0.02211058002473032,0.010691092039266659,0.007172598151467424,0.03306670040467208,10.121499919891358,10.062331581115723,10.000818409919738,0.0047917953649609935,0.01070015376757083,0.016916782151188414,0.016916782151188414,,,0.060349446438731746,0.049411300336501575,0.010938146102230172,13.440619624591138,51.724013193592626,72.79676484610921,0.6073694999117482,0.044629018193243844,10.119636102358879,9.997492929795392,10.20742654800415,10.340004016678723,0.004952209789306109,0.016962354494044082,0.0036800856862769737,0.016716218201517332,0.7431199086564986,,,,,,,,,,,,,,,,,,,11.25,9.585636705253485,-0.09599999321831598,0.0609623949883471,52.72332730425296,0.08672452038757614,0.008527484733233106,0.09273216990606006,0.3912438808364883,0.0,1910.3,19335.10129696846,0.21675156525956726,0.23076923076923078,,,,,,,,0.7525773195876289,0.6027397260273972,0.5008532423208191,0.12886597938144329,1.29,,,63.96,
MGR,Mirvac Group,Real Estate,,Spotlight A-REITS  List,AUD,2026-08-14,1.7699999809265137,7142006784.0,3945860217.0,126000000.0,4052999936.0,3926999936.0,15078000000.0,,,,9189908445.393002,2.329,,,5.624388410449125,2.21767466829928,,4.4995107283593,1.5537600994406464,0.4594188876171595,0.6011239008022058,Undervalued,2.177620605117191,0.25292355491350305,,1.5420964840937528,-0.122169425884782,-0.7404413036339837,-0.6603819732881889,3,0.25,4.218291307836844,862499968.0,0.217,0.217,0.906,0.04,0.06,0.09436,0.09436,0.02,5,0.3,0.12076437254753523,,,0.77715755,14.779,5.242990568758344,0.02893,0.04205,0.34289002,0.26398,0.1317,44.107,1.691,0.568,0.00087,0.58361,,0.1,0.053000003,0.9417,0.0461,2026-06-29,0.048,2026-06-29,0.05649717575005543,0.06598438777551455,0.0012006526566210598,,11069259776.0,0.030498489887521574,0.08116928201869356,-0.06930281556600115,-0.2204638252679414,1.7693499982357026,1.7300492453575134,1.8375367414951325,-0.006979980651423134,0.01557800981517099,-0.04382865941890279,-0.04382865941890279,,,0.017314609622741894,0.022653742995942226,-0.005339133373200331,20.49933656316434,30.83328283495574,44.060432079291,0.42215333777939557,0.08966319752596476,1.7418655717020233,1.7175525819198962,1.7631523091594865,1.7975000143051147,0.008613772363841816,0.022451558479051125,0.0035016162685973145,0.023050680436052254,0.4065136760864625,,,,,,,,,,,,,,,,,,,2.3394956109755456,1.5642730700589027,-0.24898342991557443,0.12320540646797817,49.250569810460505,0.034941651592323875,0.01988710995972129,0.18358583203606377,0.2079472034339245,0.0,7793588.9,13789586.506464792,0.7592708341727417,1.0,0.7083333333333334,0.8061224489795918,0.7083333333333334,0.6060606060606061,0.3469387755102041,0.4393939393939394,0.5294117647058824,0.32302405498281783,0.15753424657534243,0.5008532423208191,0.9690721649484536,9.69,72.74,40.2,33.5,62.86
MHOT,VanEck Morningstar Wide Moat (AUD Hedged) ETF,Unknown,,Spotlight ETP List,AUD,2026-08-14,130.99000549316406,,,,,,,,,,,,,,,,,,,,44.48656718455767,,,,,,,,-0.6603819732881889,0,0.25,,,,0.05,,0.04,0.06,,,0.02,5,0.3,,,,,,,,,,,,,,,,,,,,,,,20.54,2026-07-01,,,,,,0.07679187651268737,0.15860339335980256,0.07481408801622513,0.17057836806293114,126.26599998474121,122.95821136474609,119.96089958190917,0.05055988082710017,0.07882175923158452,0.10577691863598515,0.10577691863598515,,,2.590169048808889,2.055727727761779,0.53444132104711,35.373511643765156,84.15672104939937,85.30375102965822,0.9260171830324345,0.11868037919787602,125.49984356962558,124.41531699931211,,,0.05390237961441997,0.06207823050182973,,,,,,,,,,,,,,,,,,,,,,134.50999450683594,108.78039885525865,-0.013827973283108252,0.21942919213769563,77.36188960867405,1.4035903685987303,0.010581156676826124,0.14116790429879855,0.15333960643767017,0.0,323.2,40809.17119506836,0.6717191377803681,0.23076923076923078,,,,,,,,0.4690721649484536,0.4777397260273972,0.5008532423208191,0.18556701030927836,1.86,,,48.08,
MICH,Magellan Infra Fund (Currency Hedged) - Active ETF,Unknown,,Spotlight ETP List,AUD,2026-08-14,3.0899999141693115,,,,,,,,,,,,,,,,,,,,1.0494196733898473,,,,,,,,-0.6603819732881889,0,0.25,,,,0.05,,0.04,0.06,,,0.02,5,0.3,,,,,,,,,,,,,,,,,,,,,,,0.35,2026-07-01,,,,,,0.0032258034744816477,0.037704425851099455,0.0016102660198471508,0.12376448051408784,3.106499934196472,3.113959941864014,2.99848641872406,0.0011266573228685406,-0.0012717076783647085,0.03718992211384342,0.03718992211384342,,,-0.006712378833805932,-0.004269185217362114,-0.0024431936164438176,10.316629841784554,44.44432670707413,22.222163353537056,0.5430684324057368,0.02615970119958382,3.0992499706863113,3.076374959927384,3.138666609567522,3.1622500658376853,0.0034565674508431833,0.010811876624646945,0.009217593388636914,0.016800698554444864,2.6666898649376582,,,,,,,,,,,,,,,,,,,3.1859999656677247,2.6879074573516846,-0.023854385245095644,0.1570338430326823,50.76219898812701,0.026526027884974525,0.008529269704093416,0.10892037288058139,0.11768620485461138,0.0,149109.1,463207.40933809517,0.35592770838909465,0.23076923076923078,,,,,,,,0.6460481099656357,0.601027397260274,0.5008532423208191,0.5463917525773195,5.46,,,59.12,
MIDS,Antipodes Global SMID Active ETF,Unknown,,Spotlight ETP List,AUD,2026-08-14,10.6899995803833,,,,,,,,,,,,,,,,,,,,3.6305165630398646,,,,,,,,-0.6603819732881889,0,0.25,,,,0.05,,0.04,0.06,,,0.02,5,0.3,,,,,,,,,,,,,,,,,,,,,,,,,,,,,,0.038684682072288146,0.10835915750301095,0.12460728341532445,,10.337499952316284,10.297800006866455,,0.03893589558969657,0.04294118782233647,,,,,0.11210130216161396,0.06028671626256677,0.05181458589904719,22.09625104196966,98.70126974847784,95.8177460560657,0.9635138946311916,0.08400157156168332,10.634999752044678,10.300000190734863,,,0.009776538297128339,0.04096830444694614,,,,,,,,,,,,,,,,,,,,,,10.75,8.630000114440918,-0.000930253849473095,0.2444959013553778,68.55519862358697,0.09674137377165454,0.009007576893233265,0.12318842450052422,0.14527541225881932,0.0,60351.4,623882.594622221,0.7362627367060549,0.23076923076923078,,,,,,,,0.5652920962199313,0.5684931506849316,0.5008532423208191,0.6219931271477663,6.22,,,54.68,
MIR,Mirrabooka Investments Limited,Unknown,,Spotlight LIC List,AUD,2026-08-14,2.569999933242798,579794816.0,223859000.0,41336000.0,0.0,-41336000.0,626354000.0,,,,588525311.0,2.629,,,0.7887322235086097,2.5335150774169186,,0.6309857788068878,3.7671232876712324,0.8890464495576246,0.8728183059774051,Overvalued,-0.6931002941648344,-0.014196442324355645,,-0.7544802353318676,0.46580676479548283,-0.6540675203692183,-0.6603819732881889,1,0.25,0.5915491676314573,2863375.0,0.158,0.158,0.32,0.04,0.06,0.0592,0.0592,0.02,5,0.3,0.004938600554855599,,,0.9851655,,,0.0137600005,0.02073,1.0,0.70268995,0.68294996,,9.017,9.017,0.06678,0.12719,,0.11,0.0425,1.8966,0.0335,2026-07-30,0.095,2026-07-30,0.042801557532028106,0.007095471341837718,0.2,,538458816.0,0.013049538893325163,0.07407665104745087,-0.1288433544795482,-0.17504401776201317,2.562264883518219,2.4618992805480957,2.6810746073722838,0.006921626371229728,0.04797135451116663,-0.03769931779902691,-0.03769931779902691,,,0.03078214831105397,0.03133315273289462,-0.0005510044218406535,25.460953204862342,72.22212656048214,75.92582535845558,0.6067346460012871,0.06484891860836213,2.556412772978935,2.5178251803008895,2.6014312463334437,2.6291760557911448,0.009142306753729594,0.024098738466570926,0.008306714442302722,0.01906051687569462,0.908601588862024,,,,,,,,,,,,,,,,,,,3.3175576867240335,2.295948151045721,-0.2223194990608558,0.12371872271199091,56.41907427514172,0.050904663224732596,0.019730490205445556,0.22720656810619483,0.18992600735430723,0.0,182273.45,467032.8601327139,0.4873242007608576,1.0,0.3645833333333333,0.22448979591836735,0.3645833333333333,0.29292929292929293,0.22448979591836735,0.7651515151515151,,0.21305841924398627,0.16267123287671237,0.5008532423208191,0.5481099656357389,5.48,31.54,,28.68,
MKAX,Montaka Global Extension Fund - Complex ETF,Unknown,,Spotlight ETP List,AUD,2026-08-14,2.9200000762939453,,,,,,,,,,,,,,,,,,,,0.9916846639092876,,,,,,,,-0.6603819732881889,0,0.25,,,,0.05,,0.04,0.06,,,0.02,5,0.3,,,,,,,,,,,,,,,,,,,,,,,0.015471,2026-07-01,,,,,,-0.03630359608398659,-0.004860574162026343,-0.011561804867647574,-0.2988151035509107,2.9485000491142275,2.9453240442276,3.2693873870372774,-0.009665922450584286,-0.00859802437809376,-0.10686629309472784,-0.10686629309472784,,,-0.015564673238833038,-0.013240779103829049,-0.002323894135003989,16.68342380550508,,,0.40395059971231945,0.10063490684620212,2.8857724440574666,2.859999895095825,2.921977848037544,2.9611182146130424,0.011721791555540071,0.020548006722750554,0.0006773190725764155,0.014081553850945122,0.05778289686923277,,,,,,,,,,,,,,,,,,,4.413858413696289,2.695542573928833,-0.33844727161317,0.08326987840446498,44.964805229407354,0.018524776768684765,0.006344101467352135,0.250613721204964,0.2341811664683945,0.0,52.4,154.50140257358552,0.3595447579831099,0.23076923076923078,,,,,,,,0.16838487972508587,0.738013698630137,0.5008532423208191,0.010309278350515464,0.1,,,41.05,
MMKT,Betashares Australian Cash Plus Active ETF,Unknown,,Spotlight ETP List,AUD,2026-08-14,50.119998931884766,,,,,,,,,,,,,,,,,,,,17.02165513604478,,,,,,,,-0.6603819732881889,0,0.25,,,,0.05,,0.04,0.06,,,0.02,5,0.3,,,,,,,,,,,,,,,,,,,,,,,0.198562,2026-08-03,,,,,,0.003769179470806794,0.012028346776687515,0.022695576467346434,0.042572821712616005,50.02955303192139,49.89336822509765,49.245576782226564,0.0018078494506170717,0.004542301208542376,0.0177563591858223,0.0177563591858223,,,0.06545834308082021,0.06476853736163109,0.0006898057191891266,94.26793945922319,93.26009701712348,95.15703085315705,0.8949202852063536,0.0045777578877024515,49.64289855957031,49.15328591724533,,,0.009519161661652328,0.019287969577837443,,,,,,,,,,,,,,,,,,,,,,50.130001068115234,48.054191848628136,-0.00019952395805611367,0.04298911299484498,90.18073379138403,0.01887446951724329,0.0003765855929664824,0.0033108048110735604,0.0036958837544041156,0.0,60414.25,3022497.924258757,0.0008292884391997398,0.23076923076923078,,,,,,,,0.9845360824742269,0.9845890410958904,0.5008532423208191,0.8556701030927835,8.56,,,83.94,
MNRS,Betashares Global Gold Miners ETF - Currency Hedged,Unknown,,Spotlight ETP List,AUD,2026-08-14,14.649999618530273,,,,,,,,,,,,,,,,,,,,4.975403961774036,,,,,,,,-0.6603819732881889,0,0.25,,,,0.05,,0.04,0.06,,,0.02,5,0.3,,,,,,,,,,,,,,,,,,,,,,,1.127623,2026-07-01,,,,,,0.17971972667835878,0.004129847479915627,-0.13302509994541079,0.49570659471119294,13.086000061035156,12.918057670593262,14.375722050666809,0.09353510261902898,0.10775170575310744,-0.004571709916098565,-0.004571709916098565,,,0.5082911393324796,0.2744638719831451,0.2338272673493345,25.25277981858434,76.04168218870896,84.82708101570807,0.7985169074691618,0.31333267992095765,14.199033377093931,14.049237649225152,14.516922896651215,14.709380667698467,0.007754510081680369,0.01822241528617176,0.014459990983009211,0.027909170955318884,1.8647201216708964,,,,,,,,,,,,,,,,,,,19.84162741541952,9.201519253500251,-0.2787889763268122,0.5551780119541874,62.19782057515271,0.45378941320433924,0.03171134870005086,0.4660159845663169,0.5035923526046228,0.0,121202.95,1586061.811097641,2.178350323723605,0.23076923076923078,,,,,,,,0.03608247422680411,0.03938356164383561,0.5008532423208191,0.7783505154639175,7.78,,,17.63,
MOAT,VanEck Morningstar Wide Moat ETF,Unknown,,Spotlight ETP List,AUD,2026-08-14,121.55999755859375,,,,,,,,,,,,,,,,,,,,41.28396649794218,,,,,,,,-0.660381973288189,0,0.25,,,,0.05,,0.04,0.06,,,0.02,5,0.3,,,,,,,,,,,,,,,,,,,,,,,11.61,2026-07-01,,,,,,0.06810899964807726,0.16643393613497337,0.0865884437554385,0.08693611040169036,118.21250038146972,115.39277847290039,113.57677627563477,0.04405200609640336,0.06956431591540269,0.08666579749915093,0.08666579749915093,,,2.0710123856116383,1.7023200417258832,0.368692343885755,35.89684619516245,98.86215011863655,93.95053287116372,0.9413649191825417,0.09980858056864308,123.06768035888672,120.76509237082146,,,0.0028546249820577555,0.021511147605833225,,,,,,,,,,,,,,,,,,,,,,123.51000213623047,104.02029224021038,-0.0007287180449230268,0.18649924462753753,74.76867540309406,1.2069252562491912,0.009779008865298098,0.13613693024222764,0.1221536165870113,0.0,14185.95,1676956.6197865105,0.35334963046042644,0.23076923076923078,,,,,,,,0.4965635738831615,0.5154109589041096,0.5008532423208191,0.788659793814433,7.89,,,50.26,
MOGL,Montaka Global Fund - Active ETF,Unknown,,Spotlight ETP List,AUD,2026-08-14,4.25,,,,,,,,,,,,,,,,,,,,1.443376613525197,,,,,,,,-0.6603819732881889,0,0.25,,,,0.05,,0.04,0.06,,,0.02,5,0.3,,,,,,,,,,,,,,,,,,,,,,,0.13636,2026-07-01,,,,,,0.07500004768371582,0.13906661062545211,0.12185147117330364,-0.07615656715084573,4.060249984264374,3.9309278202056883,4.068782985210419,0.05904813925242269,0.09388937864289337,0.05682711669924245,0.05682711669924245,,,0.10559725590958013,0.0845543658088552,0.021042890100724937,32.86228230999869,100.0,96.52779778396564,0.8398955142540987,0.17372438521880443,4.239999771118164,4.010000228881836,4.354308075034701,4.380676382315164,0.013953585338433494,0.06744184860221292,0.012629739974629241,0.01876190418645378,0.9051250749040193,,,,,,,,,,,,,,,,,,,4.88105583190918,3.475722535836531,-0.11904302290003554,0.23715289307463272,72.03074227822519,0.0445034267564841,0.010349633670336776,0.2281421248354945,0.2132274524278464,0.0,14703.1,59698.26154363751,0.5277417675502589,0.23076923076923078,,,,,,,,0.21134020618556704,0.49486301369863017,0.5008532423208191,0.23883161512027493,2.39,,,36.91,
MONY,Vaneck Cash Plus Active ETF,Unknown,,Spotlight ETP List,AUD,2026-08-14,50.15999984741211,,,,,,,,,,,,,,,,,,,,17.035240168042847,,,,,,,,-0.6603819732881889,0,0.25,,,,0.05,,0.04,0.06,,,0.02,5,0.3,,,,,,,,,,,,,,,,,,,,,,,0.19,2026-08-03,,,,,,0.003997818219849014,0.012040123124523738,0.023718995302032475,,50.06653022766113,49.93330093383789,,0.0020666089863565773,0.004740268131302683,,,,,0.06688216646077905,0.06425244875225879,0.00262971770852026,61.491612895049315,100.0,100.0,0.9331043581585394,0.004771619004582095,49.898133624626006,,,,0.00541886693724434,,,,,,,,,,,,,,,,,,,,,,,50.16999816894531,48.94386672973633,0.0,0.02505178934838903,83.88051343619298,0.016286154278221072,0.0003246193915211666,0.006329234314667398,0.00615686857640521,0.0,2576.25,128983.898499012,0.0008934939952407185,0.23076923076923078,,,,,,,,0.979381443298969,0.9897260273972602,0.5008532423208191,0.3281786941580756,3.28,,,83.84,
MOON,Global X Space Tech ETF,Unknown,,Spotlight ETP List,AUD,2026-08-14,39.560001373291016,,,,,,,,,,,,,,,,,,,,13.435289603113633,,,,,,,,-0.6603819732881889,0,0.25,,,,0.05,,0.04,0.06,,,0.02,5,0.3,,,,,,,,,,,,,,,,,,,,,,,,,,,,,,,,,,,,,,,,,,,1.0143381893332588,0.4108657538716545,0.6034724354616043,63.87668569860582,90.56371970389347,93.63253951919188,,,31.5,,,,0.19002312948391237,,,,,,,,,,,,,,,,,,,,,,,39.65999984741211,31.5,-0.019415039352651875,0.23460315522693453,51.955296095631674,1.1702188410166878,0.03009048237033841,,,0.0,,,,0.07692307692307693,,,,,,,,,0.047945205479452024,0.5008532423208191,,,,,,
MOT,Metrics Income Opportunities Trust,Unknown,,Spotlight LIC List,AUD,2026-08-14,1.6100000143051147,545910016.0,333889915.0,,,0.0,722680000.0,,,,,,,,,,,,,,0.5467850278642906,,,,,,,,-0.6603819732881889,0,0.25,,,,0.05,,0.04,0.06,,,0.02,5,0.3,,,,,,,,,0.0,0.0,0.0,,,,0.04443,0.13048,,0.15,0.0936,0.9391,0.0808,2026-07-31,0.0111,2026-07-31,0.09316770103554368,-0.004618578680088867,,,545910016.0,-0.020457833293176853,-0.030096563341263094,-0.10623746981920146,-0.14915002943967348,1.607515323162079,1.6250000190734863,1.70260746717453,0.0015456718248558765,-0.009230772056805336,-0.05439154629287324,-0.05439154629287324,,,-0.0029741475894244918,-0.004627085314406485,0.001652937724981993,10.986451774287984,50.63042926470507,50.63042926470507,0.5464372999821564,0.033285135558051064,1.6043270753712906,1.5736803608759362,1.6192656543097528,1.6316510026996622,0.0035235645238628262,0.022558790749361766,0.0057550558523672656,0.013447818759114842,1.6333050844938386,,,,,,,,,,,,,,,,,,,1.922147955957253,1.5542437293819105,-0.16239537684115724,0.03587357881468001,47.08053987259785,0.02447218251047324,0.015200113225486879,0.13207992452566325,0.13692094722428214,0.0,758116.05,1218683.1671101088,0.22648512324862083,0.38461538461538464,,,,,,0.23106060606060605,,0.5171821305841924,0.29109589041095896,0.5008532423208191,0.7319587628865979,7.32,,,45.58,
MQAE,Macquarie Core Australian Equity Active ETF,Unknown,,Spotlight ETP List,AUD,2026-08-14,12.390000343322754,,,,,,,,,,,,,,,,,,,,4.207867467557935,,,,,,,,-0.6603819732881889,0,0.25,,,,0.05,,0.04,0.06,,,0.02,5,0.3,,,,,,,,,,,,,,,,,,,,,,,0.09714,2026-07-01,,,,,,0.03056957601507415,0.0731407006692737,0.02607255789304852,0.04458673187395745,12.192750024795533,12.001520919799805,11.817494950294495,0.009206313600456983,0.025286743855547744,0.0412528507041281,0.0412528507041281,,,0.13778862468502773,0.1305562635444331,0.00723236114059464,24.91053332766665,59.482812484585004,73.65644090472453,0.6223543705769348,0.07524303020028414,12.22140025014358,12.107738774334912,12.353330577244567,12.539999961853027,0.006793990488325089,0.016031005765834577,0.003927693691194496,0.019097899296954875,0.5781129216980673,,,,,,,,,,,,,,,,,,,12.539999961853027,11.044787303920513,-0.01874000457672409,0.11410025078599184,57.607466150899086,0.1142417536758313,0.00928417316883596,0.10881041367082002,0.11108549011525294,0.0,323625.7,3945887.2616994716,0.9838142856467849,0.23076923076923078,,,,,,,,0.6494845360824743,0.5496575342465753,0.5008532423208191,0.8917525773195877,8.92,,,57.99,
MQDB,Macquarie Dynamic Bond Active ETF,Unknown,,Spotlight ETP List,AUD,2026-08-14,10.619999885559082,,,,,,,,,,,,,,,,,,,,3.6067434048132343,,,,,,,,-0.6603819732881889,0,0.25,,,,0.05,,0.04,0.06,,,0.02,5,0.3,,,,,,,,,,,,,,,,,,,,,,,0.0975,2026-07-01,,,,,,0.0009416411477964903,0.019696069842789266,-0.002208658176376832,0.021643920568809705,10.587500047683715,10.602798690795899,10.55758825302124,0.0040141739377370644,0.0025654946810065304,0.006858750283139203,0.006858750283139203,,,0.0065091606761988885,0.0014508234783695791,0.00505833719782931,8.790730106540513,88.88865341414827,86.06868810366359,0.8991018459346961,0.010058018970911959,10.588216955371852,10.471933618481621,10.673288493647645,10.741899738630757,0.0039306828428255025,0.014869848942387338,0.004072283983131795,0.010526775445451065,1.0360245651884,,,,,,,,,,,,,,,,,,,10.741899738630757,10.356584548950195,-0.010417116796148984,0.02640016737163009,55.99684831151453,0.03217299292946006,0.00302662206802358,0.043950841967255176,0.041501081690574565,0.0,9870.35,104502.33109565497,0.10619159713328621,0.23076923076923078,,,,,,,,0.8848797250859106,0.8886986301369864,0.5008532423208191,0.30584192439862545,3.06,,,77.06,
MQEG,Macquarie Core Global Equity Active ETF,Unknown,,Spotlight ETP List,AUD,2026-08-14,14.369999885559082,,,,,,,,,,,,,,,,,,,,4.880311004982526,,,,,,,,-0.6603819732881889,0,0.25,,,,0.05,,0.04,0.06,,,0.02,5,0.3,,,,,,,,,,,,,,,,,,,,,,,0.160644,2026-07-01,,,,,,0.03080231404016942,0.09445077737945895,0.13404290450994671,0.14426079878896036,14.04700002670288,13.899584732055665,13.21475088596344,0.024418047694727774,0.03528275273836612,0.0889346660789232,0.0889346660789232,,,0.14604463469225237,0.1140165995604068,0.03202803513184557,22.761650432359172,98.50757103449453,95.73905304667949,0.8744545841234884,0.06520963751020645,14.260000228881836,14.105000019073486,,,0.009034059161870736,0.019805442491286206,,,,,,,,,,,,,,,,,,,,,,14.399999618530273,12.026986752176134,-0.000694394130028475,0.1964759452918714,70.54569897753161,0.09649156732796418,0.0067054596960269145,0.08942473547657549,0.08031240863600118,0.0,68213.9,958200.6551215076,0.5267488054801861,0.23076923076923078,,,,,,,,0.768041237113402,0.7191780821917808,0.5008532423208191,0.6958762886597938,6.96,,,67.57,
MQHG,Macquarie Core Global Equity (Hedged) Active ETF,Unknown,,Spotlight ETP List,AUD,2026-08-14,11.489999771118164,,,,,,,,,,,,,,,,,,,,3.902211049186313,,,,,,,,-0.6603819732881888,0,0.25,,,,0.05,,0.04,0.06,,,0.02,5,0.3,,,,,,,,,,,,,,,,,,,,,,,0.154228,2026-07-01,,,,,,0.04241879695533446,0.08561533261132603,0.13633854202144846,,11.220499992370605,11.048007926940919,,0.029365910484229873,0.04543735550459016,,,,,0.14606949061384356,0.11443977476891751,0.03162971584492605,20.300002956938933,100.0,100.0,0.8779836291269035,0.07769095860596299,11.470000267028809,11.170000076293945,,,0.006926400206489064,0.032900442265424816,,,,,,,,,,,,,,,,,,,,,,11.550000190734863,9.322901363370873,0.0,0.23888473561611723,69.27209155654114,0.08106014867457925,0.007018194574542413,0.12200910751031557,0.12025334938767107,0.0,22464.7,252065.16617860793,0.7260978414910448,0.23076923076923078,,,,,,,,0.5756013745704467,0.702054794520548,0.5008532423208191,0.43470790378006874,4.35,,,58.48,
MQIO,Macquarie Income Opportunities Active ETF,Unknown,,Spotlight ETP List,AUD,2026-08-14,10.640000343322754,,,,,,,,,,,,,,,,,,,,3.613535920812266,,,,,,,,-0.6603819732881889,0,0.25,,,,0.05,,0.04,0.06,,,0.02,5,0.3,,,,,,,,,,,,,,,,,,,,,,,0.04147,2026-08-03,,,,,,0.005810829097021797,0.018210025155795506,0.018217552147051785,0.037432410693778895,10.602251529693604,10.576674633026123,10.448773894309998,0.003560452562687111,0.005987298701511934,0.018301329031235936,0.018301329031235936,,,0.017366444124739644,0.014793165650100323,0.002573278474639321,13.168870055095775,100.0,100.0,0.8903749128557726,0.009120597777763705,10.637651517805061,10.546282006276293,10.712429965660583,,0.0002207542708555379,0.008808114099852908,0.006807295112850526,,30.83652735898929,,,,,,,,,,,,,,,,,,,10.712429965660583,10.208083387731348,-0.006761269158352179,0.04231126835332355,61.70963858338368,0.02369591875325341,0.0022270599613395726,0.026677122223444073,0.027875075222834788,0.0,20968.9,222317.5521009922,0.052021311672799234,0.23076923076923078,,,,,,,,0.9381443298969072,0.9263698630136986,0.5008532423208191,0.41237113402061853,4.12,,,80.4,
MQSD,Macquarie Subordinated Debt Active ETF,Unknown,,Spotlight ETP List,AUD,2026-08-14,50.31999969482422,,,,,,,,,,,,,,,,,,,,17.08957900049514,,,,,,,,-0.6603819732881889,0,0.25,,,,0.05,,0.04,0.06,,,0.02,5,0.3,,,,,,,,,,,,,,,,,,,,,,,0.247,2026-08-03,,,,,,0.0051177007965030885,0.01597268490495929,0.02460560539086254,0.0591782214757397,50.2321361541748,50.03627059936523,49.244198665618896,0.0021473105997726893,0.006070187677546635,0.02225239757498687,0.02225239757498687,,,0.08976729582577292,0.09064812135580115,-0.0008808255300282314,87.16351522459395,90.76671340882292,89.56540669110694,0.8576757071087543,0.006003512559268776,50.29999923706055,49.19309893605378,,,0.0007946149266208807,0.02278309918668427,,,,,,,,,,,,,,,,,,,,,,50.36000061035156,47.470559483609556,-0.0003971496727813717,0.06044674215329371,81.80371222519922,0.03409493279786109,0.0006772930610749776,0.005280227687078738,0.005858469371599766,0.0,61539.7,3091270.589287071,0.006066291483958104,0.23076923076923078,,,,,,,,0.9828178694158075,0.9743150684931506,0.5008532423208191,0.8591065292096219,8.59,,,83.61,
MQWS,Macquarie Walter Scott Global Equity Active ETF,Unknown,,Spotlight ETP List,AUD,2026-08-14,8.329999923706055,,,,,,,,,,,,,,,,,,,,2.829018136598587,,,,,,,,-0.6603819732881889,0,0.25,,,,0.05,,0.04,0.06,,,0.02,5,0.3,,,,,,,,,,,,,,,,,,,,,,,1.025132,2026-07-01,,,,,,0.041249990463256836,0.2484370485439169,0.22958724909520933,0.1570213975039889,8.1025000333786,7.736525907516479,7.130769233703614,0.028077740128387374,0.07671066099746149,0.16817690359888116,0.16817690359888116,,,0.16436937412954755,0.16523997047110303,-0.0008705963415554796,42.81917925529422,94.11769655751453,93.08591217817184,0.7928480965069068,0.09587817186896128,8.270000457763672,8.010000228881836,8.34499979019165,,0.007202817105872047,0.03841532986255412,0.0018007042764680117,,0.25,,,,,,,,,,,,,,,,,,,8.359999656677246,6.349740982055664,-0.003588484952535831,0.3118645228595296,73.73697936589079,0.06162454252512159,0.007397904332477419,0.12225562914805244,0.29709272349197613,0.0,10984.55,89002.3167416489,0.18284018700423169,0.23076923076923078,,,,,,,,0.5721649484536082,0.6712328767123288,0.5008532423208191,0.28865979381443296,2.89,,,57.55,
MQXS,Macquarie Global Small Companies Active ETF,Unknown,,Spotlight ETP List,AUD,2026-08-14,31.40999984741211,,,,,,,,,,,,,,,,,,,,10.66740216719639,,,,,,,,-0.6603819732881888,0,0.25,,,,0.05,,0.04,0.06,,,0.02,5,0.3,,,,,,,,,,,,,,,,,,,,,,,,,,,,,,0.02493524866224628,,,,31.061999988555907,,,0.018929870265629978,,,,,,0.13740750952516123,0.06778085311131336,0.06962665641384787,23.667648814790297,100.0,90.15144618754705,0.9684138743091817,0.040412701894340555,31.600000858306885,30.94499969482422,,,0.0015797396785469679,0.022274879374510167,,,,,,,,,,,,,,,,,,,,,,31.649999618530273,30.469999313354492,0.0,0.03872662723226927,66.40080816561397,0.14353835471129242,0.004535177138746452,0.10220046595522757,,0.0,8605.9,267316.4657015133,0.03708506896958372,0.23076923076923078,,,,,,,,0.6958762886597938,0.8065068493150684,0.5008532423208191,0.44673539518900346,4.47,,,66.5,
MQYM,Macquarie Global Yield Maximiser Active ETF,Unknown,,Spotlight ETP List,AUD,2026-08-14,49.619998931884766,,,,,,,,,,,,,,,,,,,,16.851846122688876,,,,,,,,-0.6603819732881889,0,0.25,,,,0.05,,0.04,0.06,,,0.02,5,0.3,,,,,,,,,,,,,,,,,,,,,,,0.275,2026-08-03,,,,,,0.005362649925363172,0.02026578356956188,0.019065616082750036,0.05072743102998012,49.46958618164062,49.33236587524414,48.58576854705811,0.003646995217947424,0.006438686752588074,0.02190421209021376,0.02190421209021376,,,0.08988372962869562,0.07623016688545402,0.013653562743241601,12.57726535113193,100.0,96.52638537747718,0.8842219097789435,0.009491898106606481,49.3478386295918,48.85028278994115,,,0.006085858751275412,0.016107124095875894,,,,,,,,,,,,,,,,,,,,,,49.650001525878906,47.159380155764936,0.0,0.0528128521173854,61.787186257651875,0.10100853662777003,0.002034411551329393,0.02564111105069179,0.02772203754611699,0.0,4200.4,207792.04979736326,0.10153864705278118,0.23076923076923078,,,,,,,,0.9415807560137457,0.9332191780821918,0.5008532423208191,0.39690721649484534,3.97,,,80.73,
MRE,Metrics Real Estate Multi-Strategy Fund,Unknown,,Spotlight LIC List,AUD,2026-08-14,1.8200000524520874,,,,,,,,,,,,,,,,,,,,0.6181048264291705,,,,,,,,-0.6603819732881889,0,0.25,,,,0.05,,0.04,0.06,,,0.02,5,0.3,,,,,,,,,0.0,0.0,0.0,,,,0.14207,0.19589001,,,,,,,0.0091,2026-07-31,,,,,,-0.05175569662761048,-0.04734513831746734,-0.054483103104435604,-0.04379902248338541,1.8793094873428344,1.862459192276001,1.8822548949718476,-0.03581605454372483,-0.027092757922236088,-0.0373248378420471,-0.0373248378420471,,,-0.014010094713020393,-0.0032154252088018283,-0.010794669504218566,17.30374409137262,5.352500462495645,9.582529862374349,0.04719866939859757,0.07909882794768856,1.8036290110974114,1.7728065253486063,1.836536637251285,1.8589432483428436,0.004619770957391777,0.021629972465317702,0.013541170265416158,0.025906849428457578,2.931134549809199,,,,,,,,,,,,,,,,,,,1.9706156083797055,1.706481799614594,-0.08049036629243977,0.06183378964185904,38.01931036310073,0.037932461596171654,0.02093402915978494,0.2174954624426044,0.23384317522028064,0.0,150429.3,282703.2106643414,0.22981151274171407,0.23076923076923078,,,,,,0.23106060606060605,,0.23024054982817865,0.13869863013698636,0.5008532423208191,0.46219931271477666,4.62,,,28.85,
MSTR,Morningstar International Shares Active ETF,Unknown,,Spotlight ETP List,AUD,2026-08-14,8.8100004196167,,,,,,,,,,,,,,,,,,,,2.9920349578404513,,,,,,,,-0.6603819732881889,0,0.25,,,,0.05,,0.04,0.06,,,0.02,5,0.3,,,,,,,,,,,,,,,,,,,,,,,1.96258,2026-07-01,,,,,,0.04260362348846858,0.0867991843437097,0.10333272481334888,0.1967943426253116,8.599000120162964,8.430847587585449,7.920410768985748,0.02453777142751523,0.04497208947171094,0.11231610033590056,0.11231610033590056,,,0.119713474928556,0.10504008061443626,0.014673394314119736,48.00635783831464,94.28586220238581,91.2210884850644,0.8036479272658501,0.08080994212100094,8.519385555789679,8.449467658996582,8.829999923706055,9.399999618530273,0.032986929623740495,0.04092312638457321,0.0022700911619508864,0.06696925888900736,0.06881789811432208,,,,,,,,,,,,,,,,,,,9.399999618530273,6.924025548828357,-0.0627658747720059,0.27238126975246013,69.26121960675417,0.08326949848277128,0.009451701988272337,0.10807992309685546,0.14535383406071795,0.0,161101.5,1385311.8178584338,0.7137612968395637,0.23076923076923078,,,,,,,,0.654639175257732,0.5342465753424658,0.5008532423208191,0.7508591065292096,7.51,,,57.84,
MTUM,Betashares Australian Momentum ETF,Unknown,,Spotlight ETP List,AUD,2026-08-14,28.5,,,,,,,,,,,,,,,,,,,,9.679113761286619,,,,,,,,-0.6603819732881888,0,0.25,,,,0.05,,0.04,0.06,,,0.02,5,0.3,,,,,,,,,,,,,,,,,,,,,,,0.26375,2026-07-01,,,,,,0.06170050392610271,0.037769200586886376,-0.023401610831462083,-0.01639042701309157,27.429500007629393,27.230298690795898,27.97887572288513,0.028819311526102398,0.036345566157639064,0.008618058597405831,0.008618058597405831,,,0.43928494932628936,0.29745263765307045,0.1418323116732189,18.132027593800032,69.32768395087056,79.6825058453709,0.7305135212898923,0.12502221719939544,28.140533651137282,27.857699788627475,28.42088424071467,28.748205718844297,0.00281593423638407,0.01283839594409796,0.007118530554503377,0.018717449267967996,2.5279463073130053,,,,,,,,,,,,,,,,,,,31.312682647084383,25.26190757751465,-0.09876775390299752,0.11709692653902382,59.749387668650414,0.37831716509032665,0.013405994836835322,0.16226204884284026,0.33008779451721176,0.0,25625.55,702896.0239205074,1.0525008056783216,0.23076923076923078,,,,,,,,0.3831615120274914,0.3664383561643836,0.5008532423208191,0.6391752577319587,6.39,,,41.43,
MVA,VanEck Australian Property ETF,Unknown,,Spotlight ETP List,AUD,2026-08-14,23.649999618530273,,,,,,,,,,,,,,,,,,,,8.031966202180337,,,,,,,,-0.6603819732881889,0,0.25,,,,0.05,,0.04,0.06,,,0.02,5,0.3,,,,,,,,,,,,,,,,,,,,,,,0.79,2026-07-01,,,,,,0.02486909655003733,0.09620709820582185,-0.014525349144426047,-0.05252911627391699,23.676499843597412,23.273793754577635,23.324178981781007,-0.007877011961701763,0.009289676570155336,0.007109394481438436,0.007109394481438436,,,0.19330484942371484,0.2473647243554858,-0.054059874931770946,17.78806745019349,33.333333333333336,47.24249599599218,0.38087583440109213,0.06612438309304752,23.198843955993652,22.943796157836914,23.510838504013478,23.797550268358314,0.012394883693549403,0.023252601898822826,0.0008871321029528356,0.013092826744864223,0.0715724427018642,,,,,,,,,,,,,,,,,,,26.52597965218041,20.857910460903646,-0.11445307283166417,0.12619141860581595,48.652542980472774,0.34715957192828245,0.014779036837417435,0.2002474328831369,0.2153726683264546,0.0,45452.0,1076144.2708911896,0.723836219460098,0.23076923076923078,,,,,,,,0.2714776632302406,0.31506849315068497,0.5008532423208191,0.7147766323024055,7.15,,,35.12,
MVB,VanEck Australian Banks ETF,Unknown,,Spotlight ETP List,AUD,2026-08-14,44.4900016784668,,,,,,,,,,,,,,,,,,,,15.109606578446055,,,,,,,,-0.6603819732881889,0,0.25,,,,0.05,,0.04,0.06,,,0.02,5,0.3,,,,,,,,,,,,,,,,,,,,,,,0.5,2026-08-03,,,,,,0.01362250474501514,0.07490107869526108,-0.002090357083323502,0.11814598417122357,44.633588790893555,43.1961198425293,42.42451057434082,-0.00433732015347299,0.028796076793800474,0.04750763238237976,0.04750763238237976,,,0.38049626938600767,0.5672929229080217,-0.18679665352201402,20.483711609790777,28.906194120592232,23.413303116236012,0.44174446003561973,0.07445335080792372,44.191540887637245,43.88307396254068,44.634401150337624,45.46699267916,0.0055908583877051,0.012532058536869261,0.00437449436624872,0.023109677862001105,0.7824369824620678,,,,,,,,,,,,,,,,,,,46.2599983215332,39.00764213577228,-0.039342839620835846,0.13926390300722424,51.85212767423435,0.6938254502153351,0.015612634375698148,0.1600923088873798,0.16984066227110742,0.0,16470.65,735144.219218731,1.0527944443818322,0.23076923076923078,,,,,,,,0.3934707903780069,0.273972602739726,0.5008532423208191,0.647766323024055,6.48,,,39.58,
MVE,VanEck S&P/ASX MidCap ETF,Unknown,,Spotlight ETP List,AUD,2026-08-14,45.689998626708984,,,,,,,,,,,,,,,,,,,,15.517147174068263,,,,,,,,-0.6603819732881889,0,0.25,,,,0.05,,0.04,0.06,,,0.02,5,0.3,,,,,,,,,,,,,,,,,,,,,,,0.63,2026-07-01,,,,,,0.060125887677212164,0.12223226982741808,0.04122288559151355,0.030846030822172077,43.919000434875485,43.23950843811035,43.380445137023926,0.0357704234621834,0.05204715135875393,0.04862920458237596,0.04862920458237596,,,0.8159029688775803,0.6073278893428582,0.2085750795347221,24.486429102067103,81.69020138382203,87.38117098917569,0.7794064510082622,0.12802289758558802,45.15143464828359,44.69165713583635,45.57139457218987,46.11461571674418,0.007442669107296845,0.017549890375325068,0.001789247982411004,0.013730798312391665,0.2404040750188414,,,,,,,,,,,,,,,,,,,46.566789952009046,38.88942666496167,-0.023123523752699437,0.1697267247051515,64.74954237078933,0.5481008088741147,0.012048819271280977,0.1972382083425802,0.16991778175803574,0.0,19760.55,867863.6040433787,1.0546580312430531,0.23076923076923078,,,,,,,,0.28350515463917525,0.41609589041095896,0.5008532423208191,0.6821305841924399,6.82,,,38.19,
MVOL,iShares Edge MSCI Australia Minimum Volatility ETF,Unknown,,Spotlight ETP List,AUD,2026-08-14,36.5099983215332,,,,,,,,,,,,,,,,,,,,12.39945358521064,,,,,,,,-0.6603819732881889,0,0.25,,,,0.05,,0.04,0.06,,,0.02,5,0.3,,,,,,,,,,,,,,,,,,,,,,,0.46024,2026-07-01,,,,,,0.02199037926284597,0.05695959944021656,0.0434435816720975,0.04689726774126157,36.18549976348877,35.68036964416504,34.81329557418823,0.001782488481099076,0.015964810945508612,0.04126884289796995,0.04126884289796995,,,0.27619464659609605,0.2889400718826362,-0.012745425286540157,22.079070200142528,49.505032764904726,71.86495218283567,0.5400340964622206,0.04452425903457309,36.04999923706055,35.76221250066303,36.52499961853027,36.7599983215332,0.0055172624259159486,0.013456206878261167,0.007586196373248922,0.014068919214709052,1.3749928474699116,,,,,,,,,,,,,,,,,,,36.7599983215332,33.07231497187751,-0.013873730816643115,0.09608293313681182,54.341143398861554,0.19060932334329964,0.00525818823015999,0.09589896022010742,0.0893256736359184,0.0,688.4,24910.098037185668,0.6333230220408237,0.23076923076923078,,,,,,,,0.7336769759450172,0.785958904109589,0.5008532423208191,0.14776632302405499,1.48,,,67.69,
MVR,VanEck Australian Resources ETF,Unknown,,Spotlight ETP List,AUD,2026-08-14,48.33000183105469,,,,,,,,,,,,,,,,,,,,16.413739852841008,,,,,,,,-0.6603819732881889,0,0.25,,,,0.05,,0.04,0.06,,,0.02,5,0.3,,,,,,,,,,,,,,,,,,,,,,,0.56,2026-07-01,,,,,,0.07978366014752059,0.0018079785729092634,0.04519585377616209,0.32975624331115405,45.9995002746582,45.97462242126465,45.48298875808716,0.04153305060590906,0.04209664645885791,0.053360853268320296,0.053360853268320296,,,0.8369241177702378,0.445051268574863,0.3918728491953748,20.144736912090433,72.31527834152648,81.57639170763241,0.7717616776651619,0.1528289454302015,47.40871273009684,47.07901039242237,47.956874789841265,48.24823930819758,0.010463099956414404,0.017344801870931903,0.0009783957958348416,0.00705989275438797,0.0935091703138166,,,,,,,,,,,,,,,,,,,50.51991217172267,35.16250991821289,-0.0516610621855238,0.36253071691553185,60.74304615918334,0.8229628873664997,0.0171772675847953,0.21340362674088867,0.2369163584512369,0.0,45962.05,2114231.331598854,1.26421433090389,0.23076923076923078,,,,,,,,0.23883161512027495,0.22945205479452058,0.5008532423208191,0.8195876288659794,8.2,,,31.51,
MVS,VanEck Small Companies Masters ETF,Unknown,,Spotlight ETP List,AUD,2026-08-14,21.950000762939453,,,,,,,,,,,,,,,,,,,,7.454615945432245,,,,,,,,-0.6603819732881889,0,0.25,,,,0.05,,0.04,0.06,,,0.02,5,0.3,,,,,,,,,,,,,,,,,,,,,,,0.27,2026-07-01,,,,,,0.056977322903914995,0.11101189554226942,-0.0046769498044852975,0.03738697737061658,21.071499824523926,20.851401329040527,21.43077398300171,0.03884391580764013,0.049809508925494406,0.021428316448625306,0.021428316448625306,,,0.3831316543412555,0.268364686347368,0.11476696799388753,21.22020202497682,92.30762781582574,95.2903898257784,0.7927808544417652,0.13267232203998608,21.75612995145963,21.505394037963217,21.96226435020162,22.171719715024977,0.006115552394766732,0.01756991148510932,0.0033012774128882614,0.012869818786279302,0.5398167164283094,,,,,,,,,,,,,,,,,,,24.203989905016986,18.794617147055092,-0.09560368040349021,0.16469514746557934,66.20227327101959,0.2457464847301063,0.011226427207956769,0.18412883450155235,0.18525592898969145,0.0,6559.05,138209.02092404367,1.3481131611102364,0.23076923076923078,,,,,,,,0.3213058419243986,0.4452054794520548,0.5008532423208191,0.33505154639175255,3.35,,,40.61,
MVW,VanEck Australian Equal Weight ETF,Unknown,,Spotlight ETP List,AUD,2026-08-14,39.720001220703125,,,,,,,,,,,,,,,,,,,,13.48962843556592,,,,,,,,-0.660381973288189,0,0.25,,,,0.05,,0.04,0.06,,,0.02,5,0.3,,,,,,,,,,,,,,,,,,,,,,,0.66,2026-07-01,,,,,,0.04287220011809301,0.08261182716348991,0.06658166037482594,0.02108066853704149,38.94200038909912,38.391531982421874,37.59353755950928,0.018180913402126464,0.03277987302078067,0.054702592516448156,0.054702592516448156,,,0.49071741262260815,0.42667667434945666,0.06404073827315149,31.727831512893626,76.12619424015396,81.18200451183678,0.7206725513255834,0.0823886491224822,39.34845236693845,39.05666645747649,40.18000030517578,,0.007605274838227613,0.014964313885717194,0.013366929606571477,,1.7575866606928041,,,,,,,,,,,,,,,,,,,40.18000030517578,35.189300557518244,-0.013190611629453008,0.12676299038878236,63.769963935163716,0.3547816479959425,0.008947834409650206,0.11163050391204492,0.11312895618619531,0.0,123129.1,4794893.460109425,0.7479963996501592,0.23076923076923078,,,,,,,,0.6357388316151202,0.571917808219178,0.5008532423208191,0.9192439862542955,9.19,,,57.93,
MXT,Metrics Master Income Trust,Unknown,,Spotlight LIC List,AUD,2026-08-14,1.934999942779541,2347533568.0,1225866058.0,,,0.0,,15980000.0,,,,,,,,,,,,,0.657160862254255,,,,,,,,-0.660381973288189,0,0.25,,,,0.05,,0.04,0.06,,,0.02,5,0.3,,,,,,,,,0.0,0.0,0.0,,,,0.021429999,0.1685,,0.16,0.08270001,1.0026001,0.0707,2026-07-31,0.0144,2026-07-31,0.08268734094646388,-0.00015319289001448482,,,2347533568.0,-0.005353104588029622,0.03282643340370295,0.011233493898442859,0.023437875349317183,1.9200366914272309,1.906282296180725,1.8792576563358308,0.007793211150140866,0.015064739706365904,0.029661864755893275,0.029661864755893275,,,0.005266315460653814,0.00444316761158878,0.0008231478490650342,21.124677780276183,81.81800448226385,84.54526479603781,0.8679835340278377,0.021178151817932277,1.9335985760533219,1.9099861574130443,1.9454140025550186,,0.0007242205517619574,0.012927021243507373,0.005381943195573572,,7.431359386971045,,,,,,,,,,,,,,,,,,,1.9454140025550186,1.760666379520074,-0.005353132938181959,0.09901567116138565,57.559617751119255,0.018100068618347162,0.009354040906247895,0.09053534661171958,0.08819595449723919,0.0,1834420.4,3522154.475502617,0.11390486968608776,0.38461538461538464,,,,,,0.23106060606060605,,0.761168384879725,0.5393835616438356,0.5008532423208191,0.872852233676976,8.73,,,62.76,
NAC,Naos Ex-50 Opportunities Company Limited,Unknown,,Spotlight LIC List,AUD,2026-08-14,0.5799999833106995,25874026.0,45794734.0,52876072.0,17356654.0,-35519418.0,,17824323.0,,,37643271.348,0.822,,,10.298410758557965,1.130363130718706,,8.238728606846372,2.5466893039049237,6.280683792575774,0.19697844982486312,Undervalued,16.755881129122763,0.9489020055939955,,13.20470490329821,3.3908437537673013,9.828765471207406,-0.6603819732881889,4,0.25,7.7238080689184745,12519614.0,,0.05,0.226,0.04,0.06,0.053559999999999997,0.053559999999999997,0.02,5,0.3,0.4838680304333002,,,0.6873479,,,0.25010002,0.44879,0.99617994,0.89792,0.67702,46.106,56.399,56.399,0.23677,0.13322,,0.06,0.113299996,0.1929,0.08900000000000001,2026-05-12,0.016,2026-05-12,0.10344827883875761,-0.0869524934603033,-0.1,,-9645392.0,0.08181821038900261,0.03478267990573958,-0.07680225256889939,0.24321283867153998,0.5502499967813492,0.5438499975204468,0.594502971470356,0.08132672801570662,0.0940517262535423,0.0008360885710025912,0.0008360885710025912,,,0.011111059746003904,0.005129699602610096,0.005981360143393808,19.97108064304746,88.88890360607967,91.53440049485995,0.9797981648162003,0.16950195723833394,0.5824909557018895,0.5748268731505211,0.5956964711050883,0.6006161047119146,0.02102365093587991,0.033904461327216834,0.0011704915317155514,0.009438782910318294,0.055674988863039857,,,,,,,,,,,,,,,,,,,0.6714453842064753,0.4560233163560786,-0.11385193404313898,0.3047579087943677,62.7535515055137,0.02147843150757428,0.03609820247864945,0.572829694159708,0.46847827015795557,0.0,30131.85,16580.050365516097,0.5653235649792443,0.9230769230769231,0.9270833333333334,0.9795918367346939,0.9270833333333334,0.7777777777777778,0.9897959183673469,0.7575757575757576,,0.018900343642611728,0.011986301369863006,0.5008532423208191,0.11683848797250859,1.17,92.79,,16.18,
NCC,Naos Emerging Opportunities Company Limited,Unknown,,Spotlight LIC List,AUD,2026-08-14,0.4650000035762787,34685812.0,73799601.0,60270840.0,22689032.0,-37581808.0,,23360455.0,,,43025167.382999994,0.583,,,3.5544289379140737,0.6028160074549596,,2.843543150331259,1.2353304508956144,1.6295275022830418,0.15792238363556088,Undervalued,6.643933141026319,0.2963785006854812,,5.115146512821055,1.6566246051500741,2.5043601930117703,-0.6603819732881889,4,0.25,2.6658217034355554,3587976.0,0.769,0.25,0.373,0.04,0.06,0.062380000000000005,0.062380000000000005,0.02,5,0.3,0.10344217975926295,,,0.80617493,,,0.0644,0.09849,1.0,0.93696,0.53136003,52.718,127.68,127.68,0.23049,0.02625,,0.04,0.08939999,0.70669997,0.11019999999999999,2026-03-25,0.021,2026-03-24,0.08602150471475942,-0.03779066737301181,-0.1,,-2895997.0,0.022988483697581552,0.11249996554106523,0.1676001959903306,0.4597564765679403,0.450500001013279,0.41619999885559084,0.41046246618032456,-0.012208675146427428,0.06919748695589156,0.08414295949765371,0.08414295949765371,,,0.013126641833498098,0.014583363837157748,-0.0014567220036596495,35.12581418361357,33.333311257532536,59.25926416499277,0.4056201006663297,0.12935672990352448,0.4440280889598668,0.43352809407128956,0.44999998807907104,0.4650000035762787,0.0021840537150503636,0.025779548225938795,0.011235944521335181,0.04494384505685279,5.144536713501153,,,,,,,,,,,,,,,,,,,0.4749999940395355,0.26844588918833484,-0.06315789803903848,0.6576897273149969,51.37933657134291,0.013799231570436528,0.03100950964546927,0.47359246655782633,0.45857299387338246,0.0,54206.1,24419.8481049259,0.29507154148591347,1.0,0.8541666666666666,0.7755102040816326,0.8541666666666666,0.5757575757575757,0.7142857142857143,0.5909090909090909,,0.03436426116838487,0.044520547945205435,0.5008532423208191,0.14604810996563575,1.46,80.27,,17.69,
NDIA,Global X India Nifty 50 ETF,Unknown,,Spotlight ETP List,AUD,2026-08-14,60.849998474121094,,,,,,,,,,,,,,,,,,,,20.665756407197723,,,,,,,,-0.6603819732881889,0,0.25,,,,0.05,,0.04,0.06,,,0.02,5,0.3,,,,,,,,,,,,,,,,,,,,,,,1.242021,2026-07-03,,,,,,0.018571199629418444,0.08391580417243683,-0.057331488239832584,-0.14866353742869753,60.347500228881835,59.90547073364258,63.06556304931641,0.008823908815009274,0.016267801964293005,-0.03465539472773904,-0.03465539472773904,,,0.2200754763050412,0.24233455187619826,-0.022259075571157055,26.09400970127726,80.96235661973314,77.19663530050835,0.6478650226171427,0.05967543005661567,60.746533980917874,59.75,61.32949762060395,61.96500015258789,0.002192297714450286,0.018561121029727633,0.007383320377833127,0.017821929458554236,3.367845675870934,,,,,,,,,,,,,,,,,,,73.88135514282303,55.39902446360959,-0.17597611805541935,0.09893633791522771,53.55599012051132,1.0063538832018672,0.016530122627230477,0.24432814250949314,0.19990848567274752,0.0,6263.25,377971.48080854415,0.5011893586396943,0.23076923076923078,,,,,,,,0.1786941580756014,0.2465753424657534,0.5008532423208191,0.5085910652920962,5.09,,,29.23,
NDQ,Betashares NASDAQ 100 ETF,Unknown,,Spotlight ETP List,AUD,2026-08-14,61.369998931884766,,,,,,,,,,,,,,,,,,,,20.84235793655266,,,,,,,,-0.6603819732881889,0,0.25,,,,0.05,,0.04,0.06,,,0.02,5,0.3,,,,,,,,,,,,,,,,,,,,,,,0.901224,2026-07-01,,,,,,0.009624798693817826,0.05023056521296687,0.2195896071168182,0.16959719125249495,59.91849956512451,61.03422035217285,56.18758634567261,0.03290302392137057,0.01402129874908975,0.10148884148348913,0.10148884148348913,,,0.21550539614605668,-0.10018600161866442,0.3156913977647211,15.924615831183655,98.18548045967111,93.41412623942195,0.8723271368490448,0.08837127532477086,61.59000015258789,60.94034148297882,62.316696754796205,63.00186866435914,0.004847297463549886,0.015344286896671897,0.006894447719434545,0.01796524940500593,1.422328167660138,,,,,,,,,,,,,,,,,,,64.0,48.44932561007626,-0.032968759536743164,0.2774171489556678,59.12615545509657,0.7811843623625944,0.012622142027250581,0.19691209080707547,0.19258671046348616,0.0,258624.35,15496383.00300561,0.5718358708103306,0.23076923076923078,,,,,,,,0.2852233676975945,0.3938356164383562,0.5008532423208191,0.9742268041237113,9.74,,,37.71,
NGE,NGE Capital Limited,Unknown,,Spotlight LIC List,AUD,2026-08-14,1.2999999523162842,43888924.0,34288224.0,56968000.0,0.0,-56968000.0,,1458000.0,,,59832950.88,1.745,,,1.6651163432897933,2.003965984346779,,1.3320930746318347,,1.1686733077544444,0.4415034185311051,Undervalued,0.2808587725891531,0.5415123521937047,,0.024687018071322505,,-0.10102049952220964,-0.6603819732881888,3,0.25,1.248837257467345,9375.0,-0.803,-0.1,0.384,0.04,0.06,0.06304,0.06304,0.02,5,0.3,0.0002136074240507696,,,0.7335243,10.609,46.27782290820471,-0.01388,0.2208,1.0,-1.6308999,12.8778105,,39.073,39.073,0.53464,0.0,,,,0.0,,,,,,,-0.1,,-13059875.0,0.04399995803833012,0.060975550659682964,-0.04044122513138659,0.1059322080986147,1.249500000476837,1.248400001525879,1.2976750028133393,0.04441772472980832,0.04533798938870026,0.005644668132385178,0.005644668132385178,,,0.015788477306818427,0.006851859737591686,0.008936617569226741,26.968683895959966,74.99992549419699,72.22215047589339,0.9128020228494669,0.10760055007289968,1.2899999618530273,1.280294088756337,1.309999942779541,1.3200000524520874,0.011494242373779509,0.018931693321519113,0.0038314141245931695,0.011494333721897778,0.3333333333333333,,,,,,,,,,,,,,,,,,,1.4450000524520874,1.159999966621399,-0.09688588222997097,0.12499998715417093,70.2140017012747,0.01152162019613451,0.008828828091360132,0.17337528867426863,0.19478495267931634,0.0,7692.3,9611.528853667975,0.5098401137305407,1.0,0.5416666666666666,0.19387755102040816,0.5416666666666666,0.696969696969697,0.9285714285714286,1.0,0.05882352941176472,0.34536082474226804,0.5804794520547945,0.5008532423208191,0.0859106529209622,0.86,45.29,81.95,45.08,57.09
NNUK,Nanuk New World Fund Active ETF,Unknown,,Spotlight ETP List,AUD,2026-08-14,2.2899999618530273,,,,,,,,,,,,,,,,,,,,0.7777252682146478,,,,,,,,-0.6603819732881889,0,0.25,,,,0.05,,0.04,0.06,,,0.02,5,0.3,,,,,,,,,,,,,,,,,,,,,,,0.226525,2026-07-01,,,,,,0.06481475042708373,0.10444012016049631,0.2397882506375073,0.2520633563410657,2.1865000247955324,2.1976095247268677,2.0084276378154753,0.05190941058021048,0.04659172907531972,0.14517441854063806,0.14517441854063806,,,0.026000039733939495,0.011426673910102363,0.014573365823837132,26.19634028445517,95.00000596046306,95.00000596046306,0.991512212416631,0.10561163948498076,2.259999990463257,2.212970574696859,2.309999942779541,,0.017391288122742862,0.03783886061900991,0.004347822030685716,,0.25,,,,,,,,,,,,,,,,,,,2.309999942779541,1.786951293251327,-0.00432900030777672,0.28710836215992996,70.88067690659138,0.032514675410417845,0.014136815688919021,0.15767606261690817,0.17673755000759322,0.0,95605.15,209040.66284558058,0.4739939353065956,0.23076923076923078,,,,,,,,0.40034364261168387,0.339041095890411,0.5008532423208191,0.40034364261168387,4.0,,,41.52,
NNWH,Nanuk New World Fund (Currency Hedged) Active EFT,Unknown,,Spotlight ETP List,AUD,2026-08-14,1.3700000047683716,,,,,,,,,,,,,,,,,,,,0.46527669821460627,,,,,,,,-0.6603819732881888,0,0.25,,,,0.05,,0.04,0.06,,,0.02,5,0.3,,,,,,,,,,,,,,,,,,,,,,,0.227038,2026-07-01,,,,,,0.06201553897755763,0.08393585039555895,0.24842423333219998,0.37701731020034535,1.2939999997615814,1.2965891647338867,1.1709472227096558,0.05873261593569801,0.05661842781907844,0.16999295800718794,0.16999295800718794,,,0.01604541641470525,0.007334119645196377,0.008711296769508872,15.494101158084822,100.0,98.33333532015435,1.0436340985014056,0.10803703464812381,1.341680645942688,1.3236919895023973,,,0.020671064764318448,0.03380147087941336,,,,,,,,,,,,,,,,,,,,,,1.3700000047683716,0.9863639945027918,0.0,0.3889395926895769,69.54504947498599,0.01564102707209853,0.011416808042086822,0.18287003842620358,0.23693997384902726,0.0,63151.9,81718.55858494341,0.6354004356261127,0.23076923076923078,,,,,,,,0.32474226804123707,0.44006849315068497,0.5008532423208191,0.27319587628865977,2.73,,,40.64,
NSC,Naos Small Cap Opportunities Company Limited,Unknown,,Spotlight LIC List,AUD,2026-08-14,0.3199999928474426,41580408.0,132001294.0,64760000.0,12805000.0,-51955000.0,75945000.0,,,,66132648.294,0.501,,,-0.4942336966136709,0.4577582409474092,,-0.39538695729093676,0.9221689413500556,0.3152842170318389,0.10867776611864213,Overvalued,-2.5444803364395474,0.4304945349346982,,-2.235584269151638,1.8817780061316816,-0.014736799753154796,-0.6603819732881889,2,0.25,-0.37067527246025317,-2917500.0,1.713,0.25,0.737,0.04,0.06,0.08421999999999999,0.08421999999999999,0.02,5,0.3,-0.07016525667569207,,,0.6287425,,,-0.021070002,-0.00936,0.0,0.87956,0.0,19.364,137.994,137.888,0.12906,0.06763,,0.05,0.1587,17.8571,0.0999,2026-05-12,0.0125,2026-05-12,0.15625000349245974,-0.015437911200631819,,,-10374592.0,-0.030769202554013275,-0.09999999148505057,-0.1231823986866375,0.14253078720953938,0.3237499982118607,0.3260999983549118,0.3432192339003086,-0.027027029017373194,-0.03403864089265307,-0.08221927414677166,-0.08221927414677166,,,-0.002704759069378504,-0.00230149288829868,-0.0004032661810798241,9.851109648282462,19.999976158147774,30.476162255215616,0.2107340606783379,0.09343315386786435,0.30976027341850554,0.305444367269094,0.31514642617213434,0.31956620634837046,0.016634045196721667,0.030335334663635756,0.00046485256326484994,0.01449590084799103,0.027945851881926217,,,,,,,,,,,,,,,,,,,0.4152413493528731,0.2625750075140966,-0.24140503322532447,0.19965719737779342,44.15566617486104,0.008125421751072712,0.025794989881183367,0.35307276893875,0.40648854318762134,0.0,87049.6,28182.307844343188,0.23226534086575756,1.0,0.08333333333333333,0.08163265306122448,0.08333333333333333,0.8181818181818181,0.12244897959183673,0.23106060606060605,,0.07216494845360821,0.07705479452054798,0.5008532423208191,0.1563573883161512,1.56,15.63,,20.2,
NUGG,VanEck Gold Bullion ETF,Unknown,,Spotlight ETP List,AUD,2026-08-14,61.5,,,,,,,,,,,,,,,,,,,,20.88650864277638,,,,,,,,-0.660381973288189,0,0.25,,,,0.05,,0.04,0.06,,,0.02,5,0.3,,,,,,,,,,,,,,,,,,,,,,,,,,,,,,0.06452744842967983,-0.03757138043415942,-0.12848125333224691,0.18713335567151645,58.770999908447266,58.76420028686523,64.3377752494812,0.03299244830011294,0.03311197613698047,-0.05638640986482968,-0.05638640986482968,,,0.730734470962652,0.2890474450666017,0.4416870258960503,22.274023525909364,70.5323244930476,81.57188707622255,0.7891029777703038,0.11412005699341471,60.0049991607666,59.0,61.15399932861328,62.1200008392334,0.011612583336150424,0.028166679464009577,0.007313461552236848,0.023225198089672973,0.6297876484958999,,,,,,,,,,,,,,,,,,,78.63999938964844,50.880001068115234,-0.2280010229442594,0.19319964249209787,60.99893320821156,0.8472878552338904,0.01395631474240287,0.17194618640154513,0.2091108701631952,0.0,6865.3,403480.545671463,0.6531097045938481,0.23076923076923078,,,,,,,,0.352233676975945,0.3441780821917808,0.5008532423208191,0.5257731958762887,5.26,,,39.48,
OEQ,Orion Equities Limited,Unknown,,Spotlight LIC List,AUD,2026-08-14,0.1899999976158142,2973353.0,15649228.0,4394626.0,0.0,-4394626.0,6945784.0,,,,6572675.76,0.42,,,1.4484359187901676,0.4100946073793756,,1.1587487350321342,,0.2434509752005427,0.06452742426553164,Undervalued,6.623347036661281,1.1583926975020251,,5.098677629329025,,0.28132093818657833,-0.6603819732881888,3,0.25,1.0863269390926258,105215.0,0.692,0.25,-0.069,0.04,0.06,0.03586,0.03586,0.02,5,0.3,0.03538597670710474,,,0.45238096,-18.841,-58.257894318211946,0.00695,0.01143,0.24240999,-0.05248,0.13083,,18.586,17.304,0.88443,0.0,,,,0.0,,2017-09-21,0.009,2017-09-21,,,-0.1,,-1421272.0,0.0,-0.09523807834335418,0.02702700090373522,0.1875000116415324,0.1899999976158142,0.1899999976158142,0.19344999961555004,0.0,0.0,-0.01783407602270426,-0.01783407602270426,,,-0.0002488840202529985,-0.0003623153735214344,0.00011343135326843593,53.15420624280674,,,,0.0,0.1850000023841858,0.18000000715255737,0.19499999284744263,0.20000000298023224,0.026315764707211,0.052631529414422,0.026315764707211,0.052631607841587165,1.0,,,,,,,,,,,,,,,,,,,0.2199999988079071,0.1550000011920929,-0.13636364252114097,0.22580642680347784,24.63358736997769,4.769001668573946e-05,0.0002510000909693174,0.0,0.15559307063807518,0.0,0.0,0.0,-0.006589976244317568,1.0,0.84375,0.47959183673469385,0.84375,0.9595959595959596,0.1836734693877551,0.4318181818181818,0.9705882352941176,0.9948453608247423,0.9948630136986302,0.5008532423208191,0.00429553264604811,0.04,74.61,37.62,84.67,66.07
OOO,Betashares Crude Crude Oil Index Currncy Hdg Complex ETF,Unknown,,Spotlight ETP List,AUD,2026-08-14,8.449999809265137,,,,,,,,,,,,,,,,,,,,2.8697722609378054,,,,,,,,-0.6603819732881889,0,0.25,,,,0.05,,0.04,0.06,,,0.02,5,0.3,,,,,,,,,,,,,,,,,,,,,,,0.32807,2026-07-01,,,,,,0.03745320626248505,-0.17734096696436086,0.5555465503133838,0.6102787908624552,8.356000018119811,7.940278129577637,7.026877615451813,-0.0055049782675159475,0.04656288910861228,0.1826021277705694,0.1826021277705694,,,0.07127046458701436,0.06409587745336379,0.007174587133650573,13.756099309638275,67.5676023986195,66.10864818508294,0.4699767092121594,0.18335692467614068,8.213920770184684,8.100869286536504,8.620109763416888,8.696562295122847,0.011561930755768482,0.02516620006257969,0.03731760868123913,0.04651767220054824,3.227627761273403,,,,,,,,,,,,,,,,,,,10.45498721577744,4.654094206328951,-0.20516398077692322,0.7855247554542837,52.46661390352843,0.2912909009833836,0.03505305490668308,0.6366003809881411,0.5382671288058261,0.0,332020.15,2774360.3794161426,-2.0650155668075,0.23076923076923078,,,,,,,,0.010309278350515427,0.020547945205479423,0.5008532423208191,0.8470790378006873,8.47,,,16.0,
OPH,Ophir High Conviction Fund,Unknown,,Spotlight LIC List,AUD,2026-08-14,2.4700000286102295,558621248.0,222558275.0,764217024.0,0.0,-764217024.0,814778000.0,,,,764710232.9,3.436,,,5.959575475954181,3.6083877933926862,,4.767660380763345,6.284916201117318,6.8326590202494115,0.8388565356947232,Undervalued,1.4127835655562306,0.4608857293912592,,0.9302268524449844,1.5445004568091403,1.7662586806097635,-0.6603819732881889,4,0.25,4.4696816069656355,63665124.0,-0.56,-0.1,0.788,0.04,0.06,0.08728,0.08728,0.02,5,0.3,0.11396831793981456,,,0.7305006,,,0.08841,0.14183,1.0,0.78262,0.87378,,343.214,343.214,0.08935001,0.11027,,0.36,0.1447,0.57310003,0.0684,2026-06-30,0.363274,2026-06-30,0.14574898616602755,0.007249386081738456,-0.1,,-205494512.0,-0.023904359763948557,0.09235493088302205,-0.034837099887911616,-0.11374975528181619,2.518999981880188,2.476727247238159,2.5360888338088987,-0.027391796225806342,-0.010791337473372242,-0.033945493145793315,-0.033945493145793315,,,0.0022730115102977955,0.015000990756645943,-0.012727979246348147,21.096090612787048,6.666666666666667,20.87301587301586,-0.04851808814631731,0.04993781758113979,2.434112529220266,2.4123792815255634,2.468147579757975,2.494965076446533,0.006484701287442881,0.01535541445957112,0.007407155804513682,0.018353072607214155,1.1422508880797735,,,,,,,,,,,,,,,,,,,3.1730395997564247,2.1298484479443416,-0.2278696906676526,0.15031661057779666,42.38671723694069,0.05923678588396291,0.024178279482062328,0.20630293204658529,0.25370152433771903,0.0,619637.5,1560866.851272285,0.8659607987155958,1.0,0.6770833333333334,0.7959183673469388,0.6770833333333334,0.7070707070707071,0.8571428571428571,0.9015151515151515,,0.24914089347079038,0.08904109589041098,0.5008532423208191,0.7749140893470791,7.75,71.57,,28.46,
OPPT,Magellan Global Opportunities Fund - Active ETF,Unknown,,Spotlight ETP List,AUD,2026-08-14,1.6950000524520874,,,,,,,,,,,,,,,,,,,,0.5756525730901941,,,,,,,,-0.6603819732881889,0,0.25,,,,0.05,,0.04,0.06,,,0.02,5,0.3,,,,,,,,,,,,,,,,,,,,,,,0.11,2025-09-17,,,,,,0.036253814517257066,0.08201892246236908,-0.02832858511134717,,1.6727500081062316,1.6446000027656555,,0.02525782398303611,0.04280678006479177,,,,,0.020957033995123497,0.018839416608285052,0.0021176173868384454,19.70724352598102,85.71430193323373,79.73194215667915,0.7607280419944763,0.09687421341342033,1.6749999523162842,1.637499988079071,1.725000023841858,1.7468632737934602,0.02332366197306454,0.04518952990738585,0.005830898115819017,0.018579148568345843,0.24999925494345018,,,,,,,,,,,,,,,,,,,1.8650000095367432,1.534999966621399,-0.08042894122847821,0.11726388968814772,61.938951532594096,0.017165970273224775,0.01000931191785886,0.15288388137154146,0.17042634983206217,0.0,184032.3,307840.0313168084,0.2093938274026128,0.23076923076923078,,,,,,,,0.4209621993127147,0.5051369863013699,0.5008532423208191,0.47766323024054985,4.78,,,46.6,
OZBD,Betashares Australian Composite Bond ETF,Unknown,,Spotlight ETP List,AUD,2026-08-14,43.77000045776367,,,,,,,,,,,,,,,,,,,,14.865081184640768,,,,,,,,-0.6603819732881888,0,0.25,,,,0.05,,0.04,0.06,,,0.02,5,0.3,,,,,,,,,,,,,,,,,,,,,,,0.191149,2026-08-03,,,,,,0.0011721709201859554,0.025761912674632015,0.010801988343374314,0.005513907415606978,43.64475517272949,43.69861183166504,43.195109348297116,0.003556992443116247,0.002320151628295797,0.014003666106873203,0.014003666106873203,,,0.025552791591252344,0.014565674083423595,0.010987117507828749,14.94859749696742,79.99691812457125,71.20924864638921,0.8134860713797487,0.01134657252062533,43.74028670461221,43.29569787277826,44.131825009371035,,0.0013632998513345303,0.011513729978688655,0.0075759310066316095,,5.557054084041418,,,,,,,,,,,,,,,,,,,44.19364317546969,42.146478247429606,-0.008907252494350537,0.0392327202269096,55.48469953707941,0.1372113909944029,0.003132680214256809,0.0423252354232099,0.03546425894648292,0.0,53402.65,2330745.5848249625,0.1158159395332986,0.23076923076923078,,,,,,,,0.8900343642611683,0.8852739726027398,0.5008532423208191,0.8298969072164949,8.3,,,77.21,
OZF,SPDR S&P/ASX 200 Financials ex AREIT ETF,Unknown,,Spotlight ETP List,AUD,2026-08-14,31.25,,,,,,,,,,,,,,,,,,,,10.613063334744096,,,,,,,,-0.6603819732881889,0,0.25,,,,0.05,,0.04,0.06,,,0.02,5,0.3,,,,,,,,,,,,,,,,,,,,,,,0.268184,2026-06-29,,,,,,0.0012857282993881114,0.06728182280212236,0.007095486099441661,0.05961448276452708,31.58749990463257,30.60923713684082,30.020544872283935,-0.013850424611734913,0.017666643545277916,0.03762272640457942,0.03762272640457942,,,0.2046783314740246,0.36289463073227707,-0.15821629925825248,23.903581692939728,13.664548444267531,14.577120345178372,0.28739824565514466,0.06514727338170755,30.984985768652663,30.639574635423667,31.239679137028435,31.56999969482422,0.005297394924507414,0.016386034971344547,0.0028789572904140315,0.013483148681777154,0.5434666154669855,,,,,,,,,,,,,,,,,,,32.540000915527344,28.06741233450993,-0.042716695079556444,0.10982798297476792,47.36324918234127,0.37470768966877044,0.012029139462520802,0.14408640633469133,0.13396937083110222,0.0,7783.85,245872.36113267424,0.9640406926586615,0.23076923076923078,,,,,,,,0.4501718213058419,0.4178082191780822,0.5008532423208191,0.4261168384879725,4.26,,,45.73,
OZR,SPDR S&P/ASX 200 Resources ETF,Unknown,,Spotlight ETP List,AUD,2026-08-14,18.030000686645508,,,,,,,,,,,,,,,,,,,,6.123313254811147,,,,,,,,-0.6603819732881888,0,0.25,,,,0.05,,0.04,0.06,,,0.02,5,0.3,,,,,,,,,,,,,,,,,,,,,,,0.218103,2026-06-29,,,,,,0.06742919269893144,0.011285160599110444,0.08851062195380988,0.4041621881642461,17.23150005340576,17.19476676940918,16.367837290763855,0.028929546892932256,0.031127655292153555,0.08322188370244388,0.08322188370244388,,,0.30358757814014226,0.18799309176638343,0.11559448637375883,19.496853686754086,61.45834678576999,75.86810022454392,0.6949829302079397,0.14836963862467545,17.729580339056596,17.58150455778783,18.262652798525856,18.489721842449512,2.3643721971511004e-05,0.008375351848980772,0.030042485619959765,0.042849538625388955,1270.6326718001003,,,,,,,,,,,,,,,,,,,18.835211187834318,12.34398504617725,-0.05867795346578575,0.43632704316399407,56.26852618506899,0.3259388797302024,0.018383468028510222,0.23119736297849255,0.25693737383810067,0.0,111726.2,1925210.0212668227,1.2980486641276985,0.23076923076923078,,,,,,,,0.2010309278350515,0.19349315068493156,0.5008532423208191,0.7989690721649485,7.99,,,28.91,
OZXX,Global X Australia Ex Financials & Resources ETF,Unknown,,Spotlight ETP List,AUD,2026-08-14,10.15999984741211,,,,,,,,,,,,,,,,,,,,3.4505190995704016,,,,,,,,-0.660381973288189,0,0.25,,,,0.05,,0.04,0.06,,,0.02,5,0.3,,,,,,,,,,,,,,,,,,,,,,,0.302222,2026-07-02,,,,,,0.022222250051103565,0.1299371578552042,0.035942303237288975,-0.09230655531109766,10.0,9.863099822998047,9.811442923545837,0.011999988555908114,0.02604658445836816,0.03144868338098972,0.03144868338098972,,,0.11378559798794008,0.10415433193884018,0.009631266049099904,35.740693825314445,69.56514527983083,83.79442134839572,0.6520668450352449,0.07891258974385203,10.060622930330798,9.94450006092889,10.189423603875307,10.264679833713297,0.005867288132385591,0.017341880100277932,0.006860051294594397,0.01429643772631543,1.1692030695968492,,,,,,,,,,,,,,,,,,,11.320225562269082,8.956250190734863,-0.10602489059143982,0.1299371578552042,57.40688021859168,0.06766547573721193,0.00668631190735174,0.15439606738313866,0.13495586402985296,0.0,1603.1,16031.0,0.5269853466372723,0.23076923076923078,,,,,,,,0.4192439862542955,0.7243150684931507,0.5008532423208191,0.1134020618556701,1.13,,,52.0,
PAVE,Global X US Infrastructure Development ETF,Unknown,,Spotlight ETP List,AUD,2026-08-14,14.210000038146973,,,,,,,,,,,,,,,,,,,,4.8259721725302365,,,,,,,,-0.6603819732881889,0,0.25,,,,0.05,,0.04,0.06,,,0.02,5,0.3,,,,,,,,,,,,,,,,,,,,,,,0.402264,2026-07-02,,,,,,0.019536936593767873,0.06773885471150987,0.05992237126347866,0.1745551823511875,13.986999988555908,14.058735065460205,13.126956539154053,0.007363992572835931,0.0022238904838955964,0.0733638151814815,0.0733638151814815,,,0.057221527584736975,0.033335862506310474,0.023885665078426502,16.26196114916162,74.07408279537103,84.36214330931092,0.6128985868563854,0.06522661423746125,13.896788809005272,13.8100004196167,14.266666730244955,14.597467409700313,0.013712657309455834,0.01987223065570828,0.012538436887427307,0.036016128574648476,0.9143695933231832,,,,,,,,,,,,,,,,,,,15.029999732971191,11.7920503616333,-0.06254155669219552,0.19487279315149597,51.894844416913635,0.1724560784061399,0.012239607987120224,0.20407284463574524,0.194398005759835,0.0,25870.45,361849.9838539362,0.6600915766763753,0.23076923076923078,,,,,,,,0.25773195876288657,0.40753424657534243,0.5008532423208191,0.4965635738831615,4.97,,,36.81,
PAXX,Platinum Asia Fund Complex ETF,Unknown,,Spotlight ETP List,AUD,2026-08-14,5.900000095367432,,,,,,,,,,,,,,,,,,,,2.0037463899881844,,,,,,,,-0.6603819732881889,0,0.25,,,,0.05,,0.04,0.06,,,0.02,5,0.3,,,,,,,,,,,,,,,,,,,,,,,0.699595,2026-07-01,,,,,,0.0,0.008534045685626657,0.04713825328437227,0.20248288927741043,5.789000058174134,5.887330131530762,5.6093357563018795,0.015719477518106206,-0.0012450494411017088,0.04825247941968125,0.04825247941968125,,,-0.004139881810512058,-0.022764853684343972,0.018624971873831914,18.905130951935845,89.74359601363999,86.0998681822586,0.7632391129563021,0.05971558459367601,5.848156225776292,5.812010623429192,5.917711631822714,6.018316615675863,0.00541562721851299,0.011562838382391905,0.006413523239426261,0.02352321403791268,1.184262317299467,,,,,,,,,,,,,,,,,,,6.197433549021275,4.791368007659912,-0.051220143317307065,0.2272069490468318,53.036293118588674,0.11928234356716272,0.02028611245673493,0.261785321580118,0.2344592404123833,0.0,32967.9,190851.17501787902,0.7116032640296125,0.23076923076923078,,,,,,,,0.15979381443298968,0.14726027397260277,0.5008532423208191,0.3848797250859107,3.85,,,25.9,
PCI,Perpetual Credit Income Trust,Unknown,,Spotlight LIC List,AUD,2026-08-14,1.100000023841858,,,,,,,,,,,,,,,,,,,,0.37357983748011697,,,,,,,,-0.6603819732881889,0,0.25,,,,0.05,,0.04,0.06,,,0.02,5,0.3,,,,,,,,,0.0,0.0,0.0,,,,0.04024,0.027379999,,,,,,,0.006206,2026-07-30,,,,,,0.0148580482636671,0.025749721774019907,0.015088434375900128,0.007955305274876645,1.0949615478515624,1.0859028840065001,1.0743607094883918,0.009167875567521522,0.01758641159191532,0.028518643053956128,0.028518643053956128,,,0.0037571719693836325,0.003451319622914309,0.0003058523464693234,18.105042025535333,100.0,69.09351071672997,1.0624401064345308,0.016300181055080413,1.1029649765096692,1.0889423647925613,1.1172802251613732,1.12715196153032,0.0018416674467783961,0.014531813578056683,0.01111330848499302,0.020047006402232954,6.034373091859434,,,,,,,,,,,,,,,,,,,1.1777801301959259,0.9875583025075121,-0.061794310547871434,0.11892129939850404,59.63473015055693,0.00945336434483649,0.00855508070738577,0.06915458153707105,0.09588672987627231,0.0,901576.05,987191.1072138976,0.1734260468030392,0.23076923076923078,,,,,,0.23106060606060605,,0.8333333333333334,0.5993150684931507,0.5008532423208191,0.6993127147766323,6.99,,,67.51,
PCX,Pengana Global Private Credit Trust,Unknown,,Spotlight LIC List,AUD,2026-08-14,1.9900000095367432,,,,,,,,,,,,,,,,,,,,0.6758398763953539,,,,,,,,-0.6603819732881889,0,0.25,,,,0.05,,0.04,0.06,,,0.02,5,0.3,,,,,,,,,0.0,0.0,0.0,,,,0.050029997,0.02728,,,,,,,0.013,2026-08-03,,,,,,-0.0010254717561020144,0.01720431174332182,0.019547797920949073,0.09021714294866157,1.9945902466773986,1.9850155925750732,1.9380443972349166,-0.007314899703443678,-0.0025267174325217523,0.021648431737905094,0.021648431737905094,,,0.001370102500953152,0.004264590780728048,-0.0028944882797748957,30.78579981219994,10.0,11.666666666666677,0.28132621516331424,0.03345119630552327,1.974124864901423,1.9556602417475177,1.9901074171066284,2.0201166295728825,0.0029672495532664742,0.012292816712879656,0.005104746432210494,0.020260914198459556,1.7203630299955637,,,,,,,,,,,,,,,,,,,2.069999933242798,1.7986890002554745,-0.04347822080763086,0.10080176105611338,46.288900826135674,0.024063314250771,0.012153188898468342,0.13062371741035964,0.10310607693792838,0.0,126942.0,253197.27509372233,0.03660741850470253,0.23076923076923078,,,,,,0.23106060606060605,,0.5292096219931272,0.4143835616438356,0.5008532423208191,0.436426116838488,4.36,,,49.2,
PE1,Pengana Private Equity Trust,Unknown,,Spotlight LIC List,AUD,2026-08-14,1.4299999475479126,374436448.0,266502808.0,,,0.0,,40700000.0,,,,,,,,,,,,,0.4856537603842155,,,,,,,,-0.6603819732881889,0,0.25,,,,0.05,,0.04,0.06,,,0.02,5,0.3,,,,,,,,,0.0,0.0,0.0,,,,0.17894,0.22235,,0.07,0.0473,0.7054,0.044199999999999996,2026-07-01,0.0326,2026-07-01,0.048951050746562794,0.034905935445302155,,,374436448.0,-0.07051275585294703,-0.20788499281895412,0.018044698451257446,0.17761354642424076,1.442249995470047,1.5089006853103637,1.4851534909009934,0.005373584495067307,-0.03903546350005982,-0.023669905792667367,-0.023669905792667367,,,-0.028288757199271597,-0.03382383420202164,0.005535077002750043,17.42629328756007,58.62072367447474,39.85909762682553,0.5458117946308317,0.11729696551662532,1.448771485619503,1.4196029936936692,1.475000023841858,1.4885831281974058,0.0008472841543524676,0.020963484820986075,0.01724136230069646,0.02660902016887794,20.348972906112095,,,,,,,,,,,,,,,,,,,1.948010287088696,1.1978964763902367,-0.2556507235643284,0.21045522402167238,49.242687116971105,0.057702346804759906,0.039794720625655006,0.2858236838079393,0.4643250448153756,0.0,302869.5,436813.53500301536,0.2993475347458433,0.38461538461538464,,,,,,0.23106060606060605,,0.13230240549828176,0.006849315068493178,0.5008532423208191,0.5343642611683849,5.34,,,21.15,
PGA1,Plato Global Alpha Fund Complex ETF,Unknown,,Spotlight ETP List,AUD,2026-08-14,15.3100004196167,,,,,,,,,,,,,,,,,,,,5.1995521314672235,,,,,,,,-0.6603819732881889,0,0.25,,,,0.05,,0.04,0.06,,,0.02,5,0.3,,,,,,,,,,,,,,,,,,,,,,,1.4e-05,2026-01-01,,,,,,0.02195608313832076,0.09090907243657687,0.14712466488747178,0.22390554557215037,14.988000011444091,14.931799964904785,14.001146993637086,0.02481983219569761,0.02867703108659958,0.0970529531371751,0.0970529531371751,,,0.11737162034176585,0.07841984218885295,0.0389517781529129,44.11400151161045,78.02191353011145,70.69595457300404,0.9256567705231903,0.05830949702782959,15.279999732971191,15.173333168029785,15.573333422342936,,0.0052083284826948155,0.012152766459621236,0.013888917345968156,,2.6666746139602084,,,,,,,,,,,,,,,,,,,15.619999885559082,12.499987631917021,-0.016645341279561077,0.2288011883673846,68.83389959687797,0.1840678618524404,0.011983585023872253,0.1002354260878176,0.09791026585718962,0.0,426954.95,6399200.795486112,0.5057470332552537,0.23076923076923078,,,,,,,,0.7061855670103092,0.4212328767123288,0.5008532423208191,0.9381443298969072,9.38,,,57.33,
PGF,PM Capital Global Opportunities Fund Limited,Unknown,,Spotlight LIC List,AUD,2026-08-14,3.3299999237060547,1614377728.0,480469576.0,,,0.0,1252745542.0,,,,,,,,,,,,,,1.130928003039532,,,,,,,,-0.6603819732881888,0,0.25,,,,0.05,,0.04,0.06,,,0.02,5,0.3,,,,,,,,,0.0,0.0,0.0,,,,0.09389,0.04531,,0.14,0.0417,0.17950001,0.0493,2026-03-19,0.07,2026-03-18,0.04204204300527128,0.008202470150390329,,,1614377728.0,0.027355669796786275,0.1496598804955278,0.08863791061353665,0.28302457809081427,3.337000000476837,3.246199994087219,2.9772895753383635,0.012885859741665229,0.0412174605992881,0.13526078969217736,0.13526078969217736,,,0.04635543123385055,0.04901940924577962,-0.0026639780119290662,46.088407636103184,68.00003051757812,69.33333079020183,0.6484917806599254,0.08677826937220323,3.359999895095825,3.3341666062672934,3.4000000953674316,3.4550000429153442,0.005917224457964549,0.013560209059698744,0.005917153919925783,0.022189327199721685,0.9999880792017833,,,,,,,,,,,,,,,,,,,3.4600000381469727,2.5092229591446458,-0.02312136497804762,0.34703060249102236,55.30482016811006,0.07813207260027982,0.023115997028066243,0.24544074513289385,0.24971161352889684,0.0,392857.55,1310965.644537329,0.7045740412995766,0.38461538461538464,,,,,,0.23106060606060605,,0.1735395189003437,0.09931506849315064,0.5008532423208191,0.738831615120275,7.39,,,25.32,
PGI2,Plato Global Shares Income Fund – Active ETF,Unknown,,Spotlight ETP List,AUD,2026-08-14,11.569999694824219,,,,,,,,,,,,,,,,,,,,3.929380465412457,,,,,,,,-0.6603819732881889,0,0.25,,,,0.05,,0.04,0.06,,,0.02,5,0.3,,,,,,,,,,,,,,,,,,,,,,,0.076755,2026-06-30,,,,,,0.030249124511687375,,,,11.272500038146973,11.19911096572876,,0.02727876553723485,0.034010642375353006,,,,,0.10038721264070105,0.06621060028998732,0.03417661235071373,21.506226244194153,100.0,95.45458157860703,0.9656203509977579,0.05858585321449189,11.399999618530273,11.300000190734863,,,0.015544067906882515,0.024179597134365134,,,,,,,,,,,,,,,,,,,,,,11.579999923706055,10.716514484351398,0.0,0.08057521320160066,68.44113594881819,0.08249917239552215,0.007124280910108951,0.10623538894557759,,0.0,47465.0,535049.214310646,0.49013254881639007,0.23076923076923078,,,,,,,,0.6615120274914089,0.696917808219178,0.5008532423208191,0.5790378006872853,5.79,,,62.22,
PIA,Pengana International Equities Limited,Unknown,,Spotlight LIC List,AUD,2026-08-14,1.1399999856948853,294092448.0,257975845.0,362704000.0,0.0,-362704000.0,,13132000.0,,,351363100.89000005,1.362,,,1.032726794731676,1.3185164272587482,,0.8261814357853409,0.2738225629791895,1.8819299922283308,0.38716454559318975,Overvalued,-0.09409929149939505,0.15659337175785007,,-0.27527943319951603,-0.7598047663024474,0.6508158033714389,-0.6603819732881889,1,0.25,0.774545096048757,-7718500.0,-0.765,-0.1,0.442,0.04,0.06,0.06652,0.06652,0.02,5,0.3,-0.0262451486003476,,,0.8370044,,,0.020580001,0.03247,1.0,0.63912,0.62601,,634.885,634.885,0.05323,0.37432998,,0.01,0.0123000005,1.2162,0.0481,2026-08-31,0.125,2026-07-31,0.008771929934634617,-0.28683499365429965,,,-69042544.0,-0.056597211487927734,0.014793861187111457,0.034518052973323776,0.06963231589253427,1.167226105928421,1.1663117909431457,1.12669906437397,-0.02760914556441596,-0.026846852379472597,0.007367474023686205,0.007367474023686205,,,-0.010897736366873412,-0.005129604293533813,-0.005768132073339599,22.239956941958173,17.12043493784509,13.315893840546195,0.1459636240229362,0.07798392322885098,1.1345284330835772,1.1216375834417813,1.1482006772128448,1.1623853925070675,0.0004154690604774045,0.011773045932821167,0.011630561110577656,0.02412810773032092,27.993808003930027,,,,,,,,,,,,,,,,,,,1.225706029805166,1.0334511944203884,-0.07400309465421129,0.09826182077211887,40.50074991912831,0.020335174315865765,0.01791645329227346,0.19951315173450962,0.16572210461876455,0.0,703371.9,820994.0438564748,0.3409636108758623,1.0,0.5104166666666666,0.1326530612244898,0.5104166666666666,0.5353535353535354,0.2653061224489796,0.7121212121212122,,0.2766323024054983,0.21404109589041098,0.5008532423208191,0.6683848797250859,6.68,39.96,,32.83,
PIC,Perpetual Equity Investment Company Limited,Unknown,,Spotlight LIC List,AUD,2026-08-14,1.2300000190734863,458464672.0,385264407.0,504958016.0,0.0,-504958016.0,,21571000.0,,,485433152.82,1.26,,,6.210999894439817,1.2754182119392308,,4.968799915551854,2.470660901791229,2.6932923847615804,0.41773017933322737,Undervalued,4.049593331810136,0.03692535948085293,,3.039674665448109,1.0086673686820644,1.1896685715422495,-0.660381973288189,4,0.25,4.658249920829863,30141500.0,2.212,0.25,0.373,0.04,0.06,0.062380000000000005,0.062380000000000005,0.02,5,0.3,0.06574443319375325,,,0.9444445,,,0.05815,0.07538,1.0,0.87874,0.66949,,52.113,52.096,0.09116,0.03371,,0.08,0.0672,0.84660006,0.0576,2026-03-12,0.04,2026-03-11,0.06504064939792525,-0.032133193483255086,-0.1,,-47838824.0,0.03389837528843853,0.05172419285802743,0.012858142584738053,0.008435736067979427,1.1887500047683717,1.177499978542328,1.1887160623073578,0.026288137721561577,0.036093461437268104,0.02631744223439525,0.02631744223439525,,,0.013260278788922442,0.008839664236892163,0.004420614552030279,31.084985775018062,86.66668785941577,95.55556261980523,0.83023040173487,0.07960544390660698,1.2116667032241821,1.2023894520272902,1.2238440364427992,1.2361738718190547,0.006830594418543024,0.014434898499961917,0.0031508260183801696,0.013257248220928103,0.46128137982056405,,,,,,,,,,,,,,,,,,,1.257723570785756,1.1150000095367432,-0.029993508153750237,0.09417041988825758,60.32091904644762,0.019076962782352935,0.01563685437293356,0.17583443696073084,0.18582193069391337,0.0,320643.95,381165.49709144956,0.4667474085310475,1.0,0.78125,0.6326530612244898,0.78125,0.3737373737373737,0.5714285714285714,0.75,,0.3402061855670103,0.2705479452054794,0.5008532423208191,0.5103092783505154,5.1,69.59,,37.1,
PIXX,Platinum International Fund Complex ETF,Unknown,,Spotlight ETP List,AUD,2026-08-14,5.059999942779541,,,,,,,,,,,,,,,,,,,,1.7184671957286648,,,,,,,,-0.6603819732881889,0,0.25,,,,0.05,,0.04,0.06,,,0.02,5,0.3,,,,,,,,,,,,,,,,,,,,,,,0.460394,2026-07-01,,,,,,0.045267445297900055,0.10365522343266353,0.10365522343266353,0.037888086510710295,4.927500033378601,4.807458600997925,4.851748533248902,0.03094873450927005,0.056691350946122876,0.04704518152434156,0.04704518152434156,,,0.08623505927723496,0.07548273630331115,0.010752322973923811,30.0928029592522,93.75,93.14041808468234,0.7700658087214005,0.11459701120920733,5.0251973611645,4.964433141602015,5.099706959002316,5.155232643022603,0.010787906174135073,0.022749366897574515,0.0038793377150061746,0.0148095906390611,0.3596006168747758,,,,,,,,,,,,,,,,,,,5.359400365001267,4.384135153731008,-0.05213278021171808,0.1587233845614564,69.35361230167761,0.044207869856627495,0.008702336716646279,0.1243058988747652,0.13011657637459859,0.0,40223.95,198203.51496761918,0.4107480107306173,0.23076923076923078,,,,,,,,0.5584192439862543,0.5856164383561644,0.5008532423208191,0.3917525773195876,3.92,,,54.79,
PL8,Plato Income Maximiser Limited,Unknown,,Spotlight LIC List,AUD,2026-08-14,1.4550000429153442,1070549760.0,748636226.0,858716992.0,0.0,-858716992.0,,9334000.0,,,860183023.674,1.149,,,2.152928181330994,1.1758612881931347,,1.7223425450647953,2.3026315789473686,2.4356411103058893,0.49414424344050967,Undervalued,0.4796756823575276,-0.19184793573126413,,0.1837405458860222,0.5825646123924835,0.67398009516595,-0.6603819732881889,3,0.25,1.6146961359982455,52810876.0,-0.323,-0.1,0.34,0.04,0.06,0.0604,0.0604,0.02,5,0.3,0.049330613086121286,,,1.2445604,,,0.06305,0.08519,1.0,0.88869005,0.77200997,,1115.445,1115.445,0.03337,0.021359999,,0.07,0.0462,0.6804,0.050199999999999995,2026-08-14,0.0055,2026-07-23,0.0481099642167315,0.04134121681237015,-0.1,,211832800.0,0.032347382109231715,0.08979500950542518,0.048937155411440614,0.0964009001875763,1.4228080630302429,1.3952249002456665,1.3837558102607728,0.029654014089925296,0.050009954037265825,0.058712832506566004,0.058712832506566004,,,0.013870079202625174,0.01181346353021527,0.0020566156724099033,39.98458657190549,92.34654369505981,80.78209791665368,1.1797167944837699,0.04362701397196889,1.4494808763952665,1.4311332675178732,1.5128750674478721,,0.010593280975935641,0.023117245794611996,0.032679203398283264,,3.0848991424393803,,,,,,,,,,,,,,,,,,,1.5128750674478721,1.2402535154798475,-0.031645067791376436,0.18121014380821987,70.32548011696983,0.02111497815307476,0.014412954042314347,0.10885154159190204,0.12319654922245012,0.0,492954.2,701379.210464623,0.27201869278827756,1.0,0.5625,0.5510204081632653,0.5625,0.101010101010101,0.6224489795918368,0.8257575757575758,,0.6477663230240549,0.3287671232876712,0.5008532423208191,0.6374570446735395,6.37,51.29,,52.39,
PLUS,VanEck Australian Corporate Bond Plus ETF,Unknown,,Spotlight ETP List,AUD,2026-08-14,16.860000610351562,,,,,,,,,,,,,,,,,,,,5.725960137647528,,,,,,,,-0.6603819732881889,0,0.25,,,,0.05,,0.04,0.06,,,0.02,5,0.3,,,,,,,,,,,,,,,,,,,,,,,0.065,2026-08-03,,,,,,0.0032697990451391323,0.025645285121283168,0.012356955580409279,0.013012997163474926,16.788129138946534,16.775161781311034,16.572292032241823,0.003089743545099388,0.0038651413394470424,0.016153958657332046,0.016153958657332046,,,0.024986698689783537,0.02098845381408778,0.003998244875695757,12.385935325908793,82.81143083917765,86.8399845752959,0.7268168389225862,0.013622196481426303,16.791475240675055,16.590961652368687,,,0.0028815268095694407,0.014788509380205228,,,,,,,,,,,,,,,,,,,,,,16.8700008392334,16.222446344046052,-0.0017783452965655089,0.03806785952283298,55.603995681465975,0.05063320106743703,0.0030067221264042546,0.040179545716319265,0.032035200724332434,0.0,62331.25,1046425.0743919611,0.08150238783094012,0.23076923076923078,,,,,,,,0.8986254295532646,0.8904109589041096,0.5008532423208191,0.7096219931271478,7.1,,,77.72,
PMGOLD,Perth Mint Gold,Unknown,,Spotlight ETP List,AUD,2026-08-14,61.7599983215332,,,,,,,,,,,,,,,,,,,,20.974808759683874,,,,,,,,-0.6603819732881888,0,0.25,,,,0.05,,0.04,0.06,,,0.02,5,0.3,,,,,,,,,,,,,,,,,,,,,,,,,,,,,,0.077110991053297,-0.024182057345143115,-0.11673819269361607,0.21011370295022935,58.734999656677246,58.94859977722168,64.4783497428894,0.05116203352949089,0.04735315023247999,-0.042469264107129145,-0.042469264107129145,,,0.7231336023175174,0.1861624293342953,0.5369711729832222,20.897340721317562,84.71458619318526,85.79668802059676,0.9466592600968613,0.11454376546093753,61.31666692097982,60.050000508626304,62.4966672261556,63.829999923706055,0.006856733818888512,0.027372872107159628,0.012255677471947793,0.033851606550379984,1.7873929185039386,,,,,,,,,,,,,,,,,,,78.98999786376953,50.849998474121094,-0.218382031292785,0.21415936147742287,69.36367255633547,0.8749000780287106,0.014170716783991464,0.16271058507176542,0.20323136464066116,0.0,220403.3,12945387.749830531,0.6429260863314679,0.23076923076923078,,,,,,,,0.38144329896907214,0.33732876712328763,0.5008532423208191,0.9673539518900344,9.67,,,40.62,
QAU,Betashares Gold Bullion ETF (Currency Hedged),Unknown,,Spotlight ETP List,AUD,2026-08-14,32.90999984741211,,,,,,,,,,,,,,,,,,,,11.176829207264106,,,,,,,,-0.6603819732881888,0,0.25,,,,0.05,,0.04,0.06,,,0.02,5,0.3,,,,,,,,,,,,,,,,,,,,,,,1.660736,2026-07-01,,,,,,0.07265517852385961,-0.04716855499795658,-0.13317633438333,0.2768295523033113,31.292500019073486,31.15908905029297,33.8575230884552,0.037948374928146844,0.04239246178896039,-0.04068589254506294,-0.04068589254506294,,,0.47621131760886826,0.21897173222774613,0.2572395853811221,23.128270861688243,73.04073773123609,83.01716616131466,0.794668893410136,0.1287831046194895,32.33516241468433,32.022518157958984,32.76465639555289,33.254152727970464,0.004459271231320412,0.014085018187344624,0.008764065804446837,0.023834765906552514,1.9653583174961424,,,,,,,,,,,,,,,,,,,42.15034959040909,25.210628688675126,-0.22942514456328877,0.2883454809211752,61.78790704607307,0.5178146468428911,0.015942569400887324,0.19100670584841606,0.24344928341955374,0.0,146149.9,4573395.748537588,0.9929254119094041,0.23076923076923078,,,,,,,,0.3041237113402062,0.2654109589041096,0.5008532423208191,0.9106529209621993,9.11,,,35.35,
QBTC,Betashares Bitcoin ETF,Unknown,,Spotlight ETP List,AUD,2026-08-14,17.700000762939453,,,,,,,,,,,,,,,,,,,,6.011239331907047,,,,,,,,-0.6603819732881889,0,0.25,,,,0.05,,0.04,0.06,,,0.02,5,0.3,,,,,,,,,,,,,,,,,,,,,,,,,,,,,,-0.02714680287144211,-0.15779380601121262,-0.0762756836129056,-0.4938022438426286,17.89499979019165,17.691199836730956,21.758674907684327,-0.018720331275604907,-0.007416137514662524,-0.192965585429981,-0.192965585429981,,,-0.0781500213107087,-0.058255425146459,-0.019894596164249698,9.274222445298403,25.333150227864582,30.42235317955395,0.169013288288774,0.05655916268909834,17.539999961853027,17.380000114440918,18.100000381469727,18.399999618530273,0.001138923957722465,0.010250532857394077,0.030751761500601153,0.04783600103274894,27.000715273472892,,,,,,,,,,,,,,,,,,,37.209999084472656,16.329999923706055,-0.5280838511691879,0.07532146650232097,44.37755849718269,0.324600704505247,0.01848523430395371,0.20428770808258845,0.28944685923294555,0.0,8620.05,154255.79294144153,1.1337420861341765,0.23076923076923078,,,,,,,,0.2542955326460481,0.19006849315068497,0.5008532423208191,0.3556701030927835,3.56,,,31.22,
QETH,Betashares Ethereum ETF,Unknown,,Spotlight ETP List,AUD,2026-08-14,18.68000030517578,,,,,,,,,,,,,,,,,,,,6.344064842619828,,,,,,,,-0.6603819732881889,0,0.25,,,,0.05,,0.04,0.06,,,0.02,5,0.3,,,,,,,,,,,,,,,,,,,,,,,,,,,,,,-0.027734205636729015,-0.1002421178239008,-0.03780422384391313,-0.5969631119589687,18.78000020980835,17.758400077819825,23.98369999885559,-0.010649642378482982,0.046265420436856,-0.2253071909424893,-0.2253071909424893,,,0.1328484137143846,0.19054652913290343,-0.057698115418518825,11.25492166377363,27.522861932476367,28.405018921284007,0.33149769880110563,0.06320176224722616,18.56999969482422,18.399999618530273,18.949999809265137,19.31999969482422,0.0005382254533315006,0.009687852847949718,0.019913879821226613,0.03982775964245323,36.999141712759865,,,,,,,,,,,,,,,,,,,51.52000045776367,15.289999961853027,-0.6393633587224437,0.21517331393467876,50.933936333530674,0.403304639492017,0.02170638542239412,0.3033087760029434,0.3912633023022915,0.0,7658.35,143823.81460678577,1.636449824601595,0.23076923076923078,,,,,,,,0.11683848797250862,0.12671232876712324,0.5008532423208191,0.3436426116838488,3.44,,,23.45,
QFN,Betashares Financials Sector ETF,Unknown,,Spotlight ETP List,AUD,2026-08-14,18.469999313354492,,,,,,,,,,,,,,,,,,,,6.272744720169959,,,,,,,,-0.6603819732881889,0,0.25,,,,0.05,,0.04,0.06,,,0.02,5,0.3,,,,,,,,,,,,,,,,,,,,,,,0.106833,2026-07-01,,,,,,0.004912672166327514,0.06564506680498217,0.0038433989895361176,0.06416036259418889,18.671000003814697,18.09480369567871,17.74281798362732,-0.013978906129787472,0.0174191528703167,0.03760292555559386,0.03760292555559386,,,0.12146700547858202,0.2150681893071427,-0.09360118382856067,27.477894740510745,13.401984823786425,14.468667877974644,0.2869614993450729,0.065616806759404,18.16506238227343,17.855343692217662,18.412781396649716,18.65999984741211,0.01330458811346001,0.030127982606823055,0.00015108904186102406,0.013579576429770718,0.011356160789988683,,,,,,,,,,,,,,,,,,,19.25,16.536786181116273,-0.04363637156300726,0.11327555703870074,47.20836358895537,0.2146569943522328,0.011659804243964025,0.14329507699861532,0.13099581180277717,0.0,8888.5,165957.18353390694,0.9405736086829639,0.23076923076923078,,,,,,,,0.45360824742268047,0.4332191780821918,0.5008532423208191,0.36082474226804123,3.61,,,46.27,
QGFH,Quay Global Real Estate Fund (AUD Hedged) Active ETF,Unknown,,Spotlight ETP List,AUD,2026-08-14,5.349999904632568,,,,,,,,,,,,,,,,,,,,1.8169564105196905,,,,,,,,-0.6603819732881889,0,0.25,,,,0.05,,0.04,0.06,,,0.02,5,0.3,,,,,,,,,,,,,,,,,,,,,,,0.10633,2026-07-01,,,,,,-0.007421143384760076,0.049242102953772404,0.0412326636203626,,5.388499999046326,5.312642993927002,,-0.00714486302692241,0.007031699805213565,,,,,0.015789997606581174,0.029936070806593218,-0.014146073200012044,40.05889502877959,0.0,0.0,0.273308882161397,0.031518054589193725,5.265614032745361,5.1622091640125625,5.37699998219808,5.429999828338623,0.015773060446998746,0.03510107363878601,0.005046743560150739,0.014953257034038955,0.3199596918498477,,,,,,,,,,,,,,,,,,,5.510000228881836,3.7810604572296143,-0.02903817016387622,0.4149469349010402,45.35954260258473,0.015163087182617108,0.002834221953814874,0.11934693974245583,0.11429308493179145,0.0,188.45,1015.46282482028,0.08593217558271476,0.23076923076923078,,,,,,,,0.5962199312714777,0.8972602739726028,0.5008532423208191,0.022336769759450172,0.22,,,64.29,
QGRU,Quay Global Real Estate Fund (Unhedged) Active ETF,Unknown,,Spotlight ETP List,AUD,2026-08-14,4.010000228881836,,,,,,,,,,,,,,,,,,,,1.36186836484676,,,,,,,,-0.6603819732881888,0,0.25,,,,0.05,,0.04,0.06,,,0.02,5,0.3,,,,,,,,,,,,,,,,,,,,,,,0.090889,2026-06-30,,,,,,0.007537741121753427,0.07197983914400496,0.04736799530666036,,4.040000152587891,3.9478329944610597,,-0.007425723409153262,0.01574717940399184,,,,,0.012684601556993691,0.024388089831385636,-0.011703488274391945,19.603372758936672,0.0,0.0,0.29036880412273364,0.03542279753773329,3.9600000381469727,3.906780617565115,4.0118901371955875,4.059999942779541,0.012468874783282876,0.025740549981340805,0.000471298804458813,0.012468755871280135,0.03779802208702002,,,,,,,,,,,,,,,,,,,4.801311016082764,3.5649373531341553,-0.16481139933453692,0.12484451524972773,51.51519468076299,0.014013461751579774,0.0034946286662650245,0.12288045589518326,0.2134549849965703,0.0,2675.95,10810.838408317566,0.04554660731883648,0.23076923076923078,,,,,,,,0.5670103092783505,0.8578767123287672,0.5008532423208191,0.09621993127147767,0.96,,,61.99,
QHAL,VanEck MSCI International Quality (AUD Hedged) ETF,Unknown,,Spotlight ETP List,AUD,2026-08-14,57.560001373291016,,,,,,,,,,,,,,,,,,,,19.548414083926232,,,,,,,,-0.6603819732881889,0,0.25,,,,0.05,,0.04,0.06,,,0.02,5,0.3,,,,,,,,,,,,,,,,,,,,,,,1.91,2026-07-01,,,,,,0.032240851317585806,0.07594920122808224,0.10408639105918849,0.21237389930619432,56.2879997253418,55.68918304443359,52.90624101638794,0.029526738304921363,0.04059707100931953,0.09533392752263747,0.09533392752263747,,,0.6394852171199119,0.46971237561675117,0.16977284150316074,22.72465057944342,98.44239092458305,95.23022509020826,0.8733491776368554,0.0790861211796778,56.23442904411183,55.57732264988564,,,0.029604343334621294,0.040943538944199734,,,,,,,,,,,,,,,,,,,,,,58.0,47.19948959350586,-0.0008620558113887622,0.22776753015805373,67.29727400976506,0.4583001451809966,0.007908544247579917,0.12979868299542244,0.12226965114554818,0.0,86068.0,4844595.560360718,0.7805022069594952,0.23076923076923078,,,,,,,,0.5326460481099656,0.636986301369863,0.5008532423208191,0.9243986254295533,9.24,,,54.92,
QHSM,VanEck MSCI International Small Companies Quality (AUD Hedged) ETF,Unknown,,Spotlight ETP List,AUD,2026-08-14,35.16999816894531,,,,,,,,,,,,,,,,,,,,11.944365377595217,,,,,,,,-0.6603819732881888,0,0.25,,,,0.05,,0.04,0.06,,,0.02,5,0.3,,,,,,,,,,,,,,,,,,,,,,,0.13,2026-07-01,,,,,,0.02661596618787887,0.06854713073227892,0.042924787714388124,0.12019073761385513,34.472500228881835,34.48665168762207,32.986721210479736,0.018202864343257685,0.017785048895285094,0.06406448371019002,0.06406448371019002,,,0.23046113567419724,0.14214050988337668,0.08832062579082056,12.469626231053796,90.6432787675175,92.54174938054571,0.8015320719364429,0.060367921151334776,34.95055389404297,34.65721893310547,35.27666727701823,,0.004257680529197433,0.012614802286731787,0.005033299446647821,,1.1821693553876367,,,,,,,,,,,,,,,,,,,35.31999969482422,29.879334308418972,-0.006228800186976358,0.17472491561604553,58.36734574909091,0.3675735820708625,0.010472182280630899,0.14295563659274638,0.16557013955121086,0.0,11655.45,401792.5027927208,1.0011229972031406,0.23076923076923078,,,,,,,,0.45704467353951894,0.48972602739726023,0.5008532423208191,0.5240549828178694,5.24,,,47.84,
QLTY,Betashares Global Quality Leaders ETF,Unknown,,Spotlight ETP List,AUD,2026-08-14,33.93000030517578,,,,,,,,,,,,,,,,,,,,11.523239749974946,,,,,,,,-0.6603819732881889,0,0.25,,,,0.05,,0.04,0.06,,,0.02,5,0.3,,,,,,,,,,,,,,,,,,,,,,,1.028757,2026-07-01,,,,,,0.046650400426536676,0.11788068657519113,0.12179184885047767,0.10302063920114524,33.04375019073486,32.84167289733887,31.547404794692994,0.03544543083313334,0.04181660476133375,0.08455831391695479,0.08455831391695479,,,0.37932886608764704,0.261376664033487,0.11795220205416002,33.895244734645296,99.20638124379354,90.86124084230796,0.9403983165401285,0.08048493716234162,34.079999923706055,33.38457653700307,,,0.003945644550044669,0.02427074709575911,,,,,,,,,,,,,,,,,,,,,,34.22999954223633,28.695903831484337,-0.0004381942696181085,0.19233045780729707,72.79771991115464,0.36127620938667465,0.010559000665658309,0.09707942730112852,0.12213967956226929,0.0,58692.35,1939415.351507177,0.5309204265085833,0.23076923076923078,,,,,,,,0.7233676975945017,0.4794520547945206,0.5008532423208191,0.8006872852233677,8.01,,,59.56,
QMAX,Betashares Nasdaq 100 Yield Maximiser Complex ETF,Unknown,,Spotlight ETP List,AUD,2026-08-14,30.0,,,,,,,,,,,,,,,,,,,,10.188540801354332,,,,,,,,-0.6603819732881889,0,0.25,,,,0.05,,0.04,0.06,,,0.02,5,0.3,,,,,,,,,,,,,,,,,,,,,,,0.186301,2026-08-03,,,,,,0.009491599479591661,0.0635053387712079,0.1303516926689423,0.1247807881426497,29.28747625350952,29.71808738708496,28.414634733200074,0.02979169616221311,0.014870151452586411,0.06142486541179171,0.06142486541179171,,,0.1123372598595509,-0.022846587937250456,0.13518384779680134,16.410019932081322,98.5522180261757,96.78839300306703,0.8990018816928739,0.07466555304404529,29.698914022181427,29.168318628906906,30.48105897310938,31.048829059016835,0.0152879916300877,0.032880677172493246,0.010645196529230747,0.029470464724852857,0.696310986217467,,,,,,,,,,,,,,,,,,,31.048829059016835,25.857965954759216,-0.02862681906345843,0.16637170534525714,59.6083341151636,0.36261025377549444,0.012022886459218876,0.14782840014595303,0.1570256339077159,0.0,6674.3,195473.4027587986,0.4202841148980572,0.23076923076923078,,,,,,,,0.4381443298969072,0.41952054794520544,0.5008532423208191,0.3865979381443299,3.87,,,45.23,
QMIX,SPDR MSCI World Quality Mix ETF,Unknown,,Spotlight ETP List,AUD,2026-08-14,36.209999084472656,,,,,,,,,,,,,,,,,,,,12.297568436305092,,,,,,,,-0.6603819732881888,0,0.25,,,,0.05,,0.04,0.06,,,0.02,5,0.3,,,,,,,,,,,,,,,,,,,,,,,1.341786,2026-06-29,,,,,,0.029461782946314408,0.08315789162500642,0.08565076904194058,0.11952874159866878,35.64299964904785,35.26269996643067,33.877154750823976,0.019555046163424183,0.030550700518757523,0.07269929897828886,0.07269929897828886,,,0.31123329410596057,0.26282015836072575,0.048413135745234814,48.24007092330203,95.19989013671875,89.9630295417884,0.8665288051646254,0.05335200368396963,35.643333435058594,35.20000076293945,36.61152509808545,,0.019170795668796523,0.03137037382668405,0.007471792635042804,,0.3897486971395933,,,,,,,,,,,,,,,,,,,36.630001068115234,31.643358976484368,-0.007917032680072045,0.14842422953877343,70.23724924923826,0.22865905448938267,0.006292213911097056,0.0848007153347416,0.08416380540896984,0.0,16964.9,604679.924746132,0.35465694907926776,0.23076923076923078,,,,,,,,0.7852233676975945,0.7431506849315068,0.5008532423208191,0.6099656357388317,6.1,,,68.94,
QNDQ,BetaShares NASDAQ 100 Equal Weight ETF,Unknown,,Spotlight ETP List,AUD,2026-08-14,18.729999542236328,,,,,,,,,,,,,,,,,,,,6.361045484847426,,,,,,,,-0.6603819732881889,0,0.25,,,,0.05,,0.04,0.06,,,0.02,5,0.3,,,,,,,,,,,,,,,,,,,,,,,0.461926,2026-07-01,,,,,,0.04116355808258909,0.12446508516918176,0.22359929569251413,0.1714571897657744,18.22649974822998,18.36932403564453,16.795973420143127,0.040792229742121267,0.03269991190445487,0.12943732636562122,0.12943732636562122,,,0.14177739716491544,0.05255382886911433,0.08922356829580111,20.527302366847692,99.1666467984328,95.85765791580211,1.0329610453740259,0.07653885794503751,18.688068389892578,18.3870987467157,19.01807403564453,,0.014861936408370899,0.030727495399983557,0.0025342500806626515,,0.17051950775642197,,,,,,,,,,,,,,,,,,,19.01807403564453,14.98600851882025,-0.0025278438920752766,0.265847359524114,66.97284665930071,0.16840675252118384,0.00887753076525569,0.1407573716376914,0.16346016371079308,0.0,4479.5,81645.60562219619,0.4490118039403414,0.23076923076923078,,,,,,,,0.47079037800687284,0.577054794520548,0.5008532423208191,0.27147766323024053,2.71,,,50.64,
QOZ,Betashares FTSE RAFI Australia 200 ETF,Unknown,,Spotlight ETP List,AUD,2026-08-14,19.770000457763672,,,,,,,,,,,,,,,,,,,,6.7142485435573,,,,,,,,-0.6603819732881889,0,0.25,,,,0.05,,0.04,0.06,,,0.02,5,0.3,,,,,,,,,,,,,,,,,,,,,,,0.428582,2026-07-01,,,,,,0.03213912671568431,0.07490992968628585,0.05398841893660977,0.15533627503000313,19.4585000038147,19.076148490905762,18.389561672210693,0.006757979738798658,0.026936866313821195,0.06527825414083877,0.06527825414083877,,,0.22386695298828485,0.2270519773195801,-0.0031850243312952498,37.78208435489647,58.536551326305606,72.4942721569024,0.5999187068474837,0.06763477983270928,19.564266204833984,19.3700008392334,19.90999984741211,,0.0013136267255468464,0.011230184361454927,0.016334849021527237,,12.434924399644231,,,,,,,,,,,,,,,,,,,19.93000030517578,16.81191877217061,-0.017059716376401357,0.1652447539192219,57.90756540343719,0.18814753696033298,0.009604264190650259,0.08961953335634418,0.09060538019541801,0.0,156762.5,3050363.1068480015,0.8597823197408361,0.23076923076923078,,,,,,,,0.7646048109965635,0.5273972602739726,0.5008532423208191,0.8573883161512027,8.57,,,62.62,
QPON,Betashares Australian Bank Senior Floating Rate Bond ETF,Unknown,,Spotlight ETP List,AUD,2026-08-14,26.309999465942383,,,,,,,,,,,,,,,,,,,,8.935350101412157,,,,,,,,-0.6603819732881889,0,0.25,,,,0.05,,0.04,0.06,,,0.02,5,0.3,,,,,,,,,,,,,,,,,,,,,,,0.107529,2026-08-03,,,,,,0.0044776900857359525,0.014399021165717674,0.026264649772182125,0.05132212320772811,26.25829315185547,26.175649795532227,25.76737892150879,0.0019691422358600885,0.005132620258125886,0.021058429966295478,0.021058429966295478,,,0.041377636392585515,0.04112492508039448,0.00025271131219103266,85.92294962675186,89.73341994565438,93.47306393777393,0.8453372366047093,0.005702084881492406,25.978473704898466,25.634271299565217,,,0.012600751340685825,0.02568332117421281,,,,,,,,,,,,,,,,,,,,,,26.31999969482422,24.99686779045925,-0.00037994791025031116,0.05253184864962668,80.50816101668605,0.020577227620265585,0.0007821067289226774,0.00615231400080893,0.00741384276742247,0.0,144937.2,3805803.4862091066,0.00699008217387569,0.23076923076923078,,,,,,,,0.9810996563573883,0.9691780821917808,0.5008532423208191,0.8865979381443299,8.87,,,83.4,
QRE,Betashares Resources Sector ETF,Unknown,,Spotlight ETP List,AUD,2026-08-14,10.359999656677246,,,,,,,,,,,,,,,,,,,,3.518442640135767,,,,,,,,-0.6603819732881889,0,0.25,,,,0.05,,0.04,0.06,,,0.02,5,0.3,,,,,,,,,,,,,,,,,,,,,,,0.11954,2026-07-01,,,,,,0.07473684612073406,0.011422044168298395,0.09037273548994884,0.3951020740588711,9.873499965667724,9.853722229003907,9.422494602203368,0.034081133706318045,0.036156672662679856,0.08357717029197897,0.08357717029197897,,,0.1770069389020108,0.10548581820499425,0.07152112069701655,21.8600802122753,65.61086480529086,78.58218180447757,0.7339581337262456,0.1456719335357512,10.124329918945087,9.878697718398316,10.223104664410533,10.559651374816895,0.008390804983526175,0.03244880690605614,0.0012835089338490077,0.03424596820406874,0.15296612617847094,,,,,,,,,,,,,,,,,,,10.805869408195298,7.152575720987681,-0.05514312153322998,0.4274578049118647,58.724291148748144,0.18670342346113952,0.018286329359801314,0.20500669614804365,0.25666988608055347,0.0,90822.3,896733.9759318638,1.3428766993289727,0.23076923076923078,,,,,,,,0.25257731958762886,0.1952054794520548,0.5008532423208191,0.6890034364261168,6.89,,,31.27,
QRI,Qualitas Real Estate Income Fund,Real Estate,,Spotlight A-REITS  List,AUD,2026-08-14,1.5499999523162842,981398720.0,631124580.0,,,0.0,983244000.0,,,,,,,,,,,,,,0.5264079252090578,,,,,,,,-0.6603819732881889,0,0.25,,,,0.05,,0.04,0.06,,,0.02,5,0.3,,,,,,,,,0.0,0.0,0.0,,,,0.05573,0.19476,,0.12,0.074499995,0.9895,0.07429999999999999,2026-08-05,0.010875,2026-08-05,0.0774193572204146,0.03918607270261693,,,981398720.0,-0.004569883573444233,0.0031678978135856184,0.021524152715158618,0.018375966955455514,1.5491320967674256,1.5326635432243347,1.5167607581615448,0.0018513263103425714,0.01261627356996664,0.023233253777962704,0.023233253777962704,,,0.004607553067033754,0.005158507793518227,-0.0005509547264844735,19.561510569306854,54.81280320004612,56.2470486570595,0.6062863989506209,0.01741828050080629,1.5460499792703943,1.5290768735495914,1.5614288449287415,1.5787440538406372,0.0038338056253061576,0.01477008476201993,0.0060752570066179585,0.017231963450678695,1.5846544140152656,,,,,,,,,,,,,,,,,,,1.5787440538406372,1.4503599773432903,-0.01694005307523372,0.07007920104032173,54.02734442424114,0.012669936341842965,0.008163618536174075,0.06344198993991691,0.0887707231166957,0.0,726462.85,1125386.9180441396,0.10824552000257526,0.38461538461538464,,,,,,0.23106060606060605,,0.8436426116838488,0.6198630136986301,0.5008532423208191,0.7216494845360825,7.22,,,68.49,
QSML,VanEck MSCI International Small Companies Quality ETF,Unknown,,Spotlight ETP List,AUD,2026-08-14,33.0,,,,,,,,,,,,,,,,,,,,11.207394881489765,,,,,,,,-0.6603819732881889,0,0.25,,,,0.05,,0.04,0.06,,,0.02,5,0.3,,,,,,,,,,,,,,,,,,,,,,,0.13,2026-07-01,,,,,,0.021408583199163944,0.07858187988740961,0.04251567014688118,0.033711224509474835,32.43199987411499,32.579759483337405,31.521001787185668,0.01504681477320191,0.010443253449489598,0.04438299236823062,0.04438299236823062,,,0.1401602060709024,0.0699437655846801,0.0702164404862223,18.521886861409005,88.88865341414827,88.88875433189425,0.811180998492184,0.04835389964718524,32.753775071352536,32.41574708408426,33.060001373291016,33.37050321682033,0.005049304581966276,0.015317470015436773,0.004252831474267015,0.013684844256765414,0.8422608312154736,,,,,,,,,,,,,,,,,,,34.08000183105469,28.539250949096992,-0.034037664312926985,0.1534990258735902,57.23760379838598,0.31069510020564933,0.00943788327724574,0.11604919706113913,0.1303898624782181,0.0,75694.6,2454927.257671185,0.6864276158038212,0.23076923076923078,,,,,,,,0.6185567010309279,0.535958904109589,0.5008532423208191,0.8367697594501718,8.37,,,56.26,
QUAL,VanEck MSCI International Quality ETF,Unknown,,Spotlight ETP List,AUD,2026-08-14,63.45000076293945,,,,,,,,,,,,,,,,,,,,21.54876405397241,,,,,,,,-0.6603819732881889,0,0.25,,,,0.05,,0.04,0.06,,,0.02,5,0.3,,,,,,,,,,,,,,,,,,,,,,,2.16,2026-07-01,,,,,,0.02262152745051904,0.07902693282785611,0.10155926551196193,0.11553605293773694,62.26299991607666,61.90997123718262,59.481590518951414,0.023721981985785456,0.02955954274753525,0.07159208626337277,0.07159208626337277,,,0.5313229080935997,0.382534145885645,0.14878876220795473,24.71795451600514,95.373759204153,90.48954300430425,0.8651864949315361,0.06495854122489611,63.59000015258789,62.81999969482422,64.75,,0.0023533342003280973,0.014433667389647735,0.015845596092514846,,6.7332536493565955,,,,,,,,,,,,,,,,,,,64.75,54.17084541271264,-0.015598429676188519,0.17664771876549845,67.24210983309575,0.4642186641305408,0.0072830036383159874,0.09741387643528535,0.09276864021515355,0.0,127527.5,7940244.721797466,0.4655581932640962,0.23076923076923078,,,,,,,,0.718213058419244,0.6866438356164384,0.5008532423208191,0.9467353951890034,9.47,,,64.51,
QUS,Betashares S&P 500 Equal Weight ETF,Unknown,,Spotlight ETP List,AUD,2026-08-14,57.13999938964844,,,,,,,,,,,,,,,,,,,,19.40577383902649,,,,,,,,-0.6603819732881889,0,0.25,,,,0.05,,0.04,0.06,,,0.02,5,0.3,,,,,,,,,,,,,,,,,,,,,,,1.09896,2026-07-01,,,,,,0.039078012449941024,0.1298825164012034,0.11278252407856537,0.12356470872253889,56.43999977111817,55.81276618957519,52.78863847732544,0.02232461015115139,0.03381367207197772,0.09303824510881475,0.09303824510881475,,,0.45130492188788907,0.3954462041812771,0.05585871770661199,31.723304749183484,98.41276248758709,92.05532681337566,0.9567041187126465,0.048881998730556216,57.30500030517578,56.900001525878906,57.7599983215332,,0.0068457617424743525,0.013864804618414913,0.0010398190260040043,,0.1518923773745256,,,,,,,,,,,,,,,,,,,57.7599983215332,49.0759648192963,-0.0010387389255062107,0.17572830153004437,63.982943423102746,0.527101499357467,0.009135207840344134,0.1246099762445011,0.10811060338177621,0.0,58511.6,3302394.690607758,0.3677773244798929,0.23076923076923078,,,,,,,,0.5549828178694158,0.553082191780822,0.5008532423208191,0.8676975945017182,8.68,,,53.83,
QYLD,Global X Nasdaq 100 Covered Call ETF,Unknown,,Spotlight ETP List,AUD,2026-08-14,10.880000114440918,,,,,,,,,,,,,,,,,,,,3.6950441694907035,,,,,,,,-0.6603819732881889,0,0.25,,,,0.05,,0.04,0.06,,,0.02,5,0.3,,,,,,,,,,,,,,,,,,,,,,,0.088504,2026-08-04,,,,,,-0.009930815156039441,0.02921556364663469,0.10083113660074239,0.10846631160410758,10.722061252593994,10.802307434082032,10.380015497207642,0.013797592597160069,0.006266480739427482,0.047204591215037395,0.047204591215037395,,,0.02141901686147385,-4.254180148077075e-05,0.02146155866295462,20.082981719086888,89.05176099978407,88.32193408518042,0.8227277023562,0.04275304690742503,10.839660438973684,10.721828000701043,10.920290287916329,11.58401801892574,0.002791117470544224,0.013631268299725276,0.0046265320042972536,0.06568704147966356,1.6575912884795754,,,,,,,,,,,,,,,,,,,11.58401801892574,9.571079573661113,-0.06163820983359214,0.13571304071825918,55.469093000934315,0.15618064176228935,0.014368044471626637,0.09647233222885591,0.16220626264573942,0.0,10620.35,113872.04322398662,0.057170975990026095,0.23076923076923078,,,,,,,,0.7268041237113403,0.3321917808219178,0.5008532423208191,0.31443298969072164,3.14,,,56.04,
R3AL,Martin Currie Real Income Fund – Active ETF,Unknown,,Spotlight ETP List,AUD,2026-08-14,1.565000057220459,,,,,,,,,,,,,,,,,,,,0.5315022312370837,,,,,,,,-0.6603819732881888,0,0.25,,,,0.05,,0.04,0.06,,,0.02,5,0.3,,,,,,,,,,,,,,,,,,,,,,,0.045274,2026-06-30,,,,,,0.01954403338854238,0.032513038373621406,0.009855888960384362,0.0035640274710586617,1.5762500286102294,1.5541817688941955,1.5533661711215974,-0.007137174423837767,0.006960761310410124,0.007489467914999937,0.007489467914999937,,,0.007193857339092391,0.009661986823397447,-0.0024681294843050556,11.85846096733065,0.0,29.62972774410488,0.27012161161064263,0.031047609450563673,1.5489848862585784,1.528698439341005,1.5734277886915555,1.5915883180661776,0.010233335703721647,0.023195921119599176,0.0053851317335187445,0.016989303433599296,0.5262342494598595,,,,,,,,,,,,,,,,,,,1.6517456769943237,1.4574225974442987,-0.05251754006810261,0.07381349785903257,48.4534882169761,0.008845829355159755,0.0056522869212353374,0.11703093350896791,0.17084187503972553,0.0,18277.2,28809.437022914888,0.14179413943477973,0.23076923076923078,,,,,,,,0.6116838487972509,0.7722602739726028,0.5008532423208191,0.15979381443298968,1.6,,,61.86,
RARI,Russell Investments Australian Responsible Investment ETF,Unknown,,Spotlight ETP List,AUD,2026-08-14,29.829999923706055,,,,,,,,,,,,,,,,,,,,10.130805710902525,,,,,,,,-0.6603819732881889,0,0.25,,,,0.05,,0.04,0.06,,,0.02,5,0.3,,,,,,,,,,,,,,,,,,,,,,,1.150944,2026-06-30,,,,,,0.023662569878883266,0.07871795896873168,0.00827539775344599,0.0013008596153532004,29.686999797821045,29.177913818359375,29.09512858390808,0.005490638486838506,0.023034085551635997,0.02594495485334103,0.02594495485334103,,,0.2648050173160179,0.29041333184453866,-0.025608314528520748,17.27723286444541,49.56520729569387,56.903338228140136,0.5862543509585165,0.06365636545661499,29.765169607442996,29.463306213432148,30.020539435153136,30.247460100412507,0.002841901941126678,0.012954578328167484,0.00571320105541026,0.01331523329525702,2.010344189829875,,,,,,,,,,,,,,,,,,,31.361818313598633,27.29662444410746,-0.04820568491953081,0.0935418202565872,55.652008854188374,0.22607915032037146,0.00757384078496417,0.1360794787675305,0.10830001677885555,0.0,10228.4,303650.5087320328,0.8873030264610624,0.23076923076923078,,,,,,,,0.49828178694158076,0.660958904109589,0.5008532423208191,0.47594501718213056,4.76,,,53.97,
RBTZ,Betashares Global Robotics and Artificial Intelligence ETF,Unknown,,Spotlight ETP List,AUD,2026-08-14,14.949999809265137,,,,,,,,,,,,,,,,,,,,5.0772894345645785,,,,,,,,-0.6603819732881888,0,0.25,,,,0.05,,0.04,0.06,,,0.02,5,0.3,,,,,,,,,,,,,,,,,,,,,,,0.00776,2026-07-01,,,,,,0.03556774704747445,-0.03702641288867492,-0.010609153670846583,0.027650906424416588,14.370499992370606,14.772222023010254,15.070313739776612,0.05354722183366478,0.024896614723202815,0.004624097729446053,0.004624097729446053,,,0.10775373205744465,-0.022797435914239984,0.13055116797168465,18.423541124622584,95.00000596046306,92.50555501684505,0.8692190134947547,0.14502834327741246,15.056232425306025,14.932529584553922,15.299012836817175,15.585536122210533,0.005532887458200995,0.01370348441638795,0.010502806465559353,0.02942772581139834,1.8982505147455713,,,,,,,,,,,,,,,,,,,16.601694670386436,13.153419673204244,-0.08804488674707445,0.15103149747175726,59.155989201634064,0.3153732913995621,0.020830467915983388,0.2700826080344895,0.2924728314506484,0.0,43527.0,625504.7531679154,1.0255125489880357,0.23076923076923078,,,,,,,,0.14948453608247425,0.1404109589041096,0.5008532423208191,0.6237113402061856,6.24,,,25.26,
RCAP,Resolution Capital Global Property Securities Fund - Active ETF,Unknown,,Spotlight ETP List,AUD,2026-08-14,1.8799999952316284,,,,,,,,,,,,,,,,,,,,0.6384818885987799,,,,,,,,-0.6603819732881889,0,0.25,,,,0.05,,0.04,0.06,,,0.02,5,0.3,,,,,,,,,,,,,,,,,,,,,,,0.011888,2026-07-01,,,,,,0.002638519937706807,0.062131934799693145,0.044323118353547075,0.1871933900022189,1.9202499866485596,1.8910750913619996,1.7800427287817002,-0.010545507424145395,0.004719476681232404,0.06739009431450182,0.06739009431450182,,,-0.0019267559622371255,0.0056205495477180045,-0.00754730550995513,13.262108772319099,33.333295489121305,15.458920076363205,0.2881757614470489,0.04978423383549322,1.8882357601721296,1.8767783448410946,1.92074700887287,1.9475000500679016,0.006191692701912618,0.012221911372863442,0.010919491039509916,0.02500003921358258,1.7635712179541596,,,,,,,,,,,,,,,,,,,1.9800000190734863,1.5906248092651367,-0.04040406168924138,0.1944991459274017,48.568545740420994,0.023203751957807345,0.012212501183671612,0.13648032227077336,0.1512393658085562,0.0,338080.0,649198.115486145,0.6151473610059396,0.23076923076923078,,,,,,,,0.4948453608247423,0.4092465753424658,0.5008532423208191,0.6288659793814433,6.29,,,47.52,
RCB,Russell Investments Australian Select Corporate Bond ETF,Unknown,,Spotlight ETP List,AUD,2026-08-14,19.799999237060547,,,,,,,,,,,,,,,,,,,,6.7244366697858675,,,,,,,,-0.6603819732881889,0,0.25,,,,0.05,,0.04,0.06,,,0.02,5,0.3,,,,,,,,,,,,,,,,,,,,,,,0.190214,2026-06-30,,,,,,0.002021172629018242,0.020422823576893068,0.01680312869994216,0.013840975880708761,19.772999858856203,19.748392448425292,19.525427522659303,0.0028827221593450414,0.004132360418392933,0.015598757092170956,0.015598757092170956,,,0.02043812858581262,0.019070672876529433,0.0013674557092831878,17.96056524899196,93.33316379080146,82.53928463457845,0.821793733818373,0.008958291776346885,19.782192222743937,19.59537545751481,,,0.0024108775161902547,0.011831793600299545,,,,,,,,,,,,,,,,,,,,,,19.850000381469727,19.16992950439453,-0.0010075797168418443,0.03443259502650786,58.90068631703896,0.0456303158051195,0.0023010749359897924,0.026665018131246592,0.0235641944562563,0.0,20405.9,403485.8578198338,0.05297485194216017,0.23076923076923078,,,,,,,,0.9398625429553265,0.9246575342465754,0.5008532423208191,0.5274914089347079,5.27,,,80.44,
RCKT,Betashares Space Industry ETF,Unknown,,Spotlight ETP List,AUD,2026-08-14,10.979999542236328,,,,,,,,,,,,,,,,,,,,3.729005777830891,,,,,,,,-0.6603819732881889,0,0.25,,,,0.05,,0.04,0.06,,,0.02,5,0.3,,,,,,,,,,,,,,,,,,,,,,,,,,,,,,0.06250001182631859,-0.2608695509095579,,,9.648000001907349,11.06079999923706,,0.1100746306000906,-0.031715604758632776,,,,,-0.11459391221829307,-0.41854756311633345,0.3039536508980404,27.665047680557496,84.38818972888687,88.34380695870335,0.9317981308828387,0.25492150782365813,10.279999732971191,9.239999771118164,12.989999771118164,13.109999656677246,0.040149421442035704,0.13725492640457038,0.21288512837070664,0.22408959943808904,5.302321197281808,,,,,,,,,,,,,,,,,,,19.0,8.710000038146973,-0.4363157874659488,0.2296211241378472,55.40703278216923,0.43735543498291485,0.04083617492298211,0.5183021677987791,0.7596097784509717,0.0,28332.4,273350.99525403976,1.6926785232577828,0.23076923076923078,,,,,,,,0.029209621993127155,0.005136986301369828,0.5008532423208191,0.45532646048109965,4.55,,,16.47,
RDV,Russell Investments High Dividend Australian Shares ETF,Unknown,,Spotlight ETP List,AUD,2026-08-14,35.5,,,,,,,,,,,,,,,,,,,,12.056439948269292,,,,,,,,-0.6603819732881889,0,0.25,,,,0.05,,0.04,0.06,,,0.02,5,0.3,,,,,,,,,,,,,,,,,,,,,,,0.267279,2026-06-30,,,,,,0.021544213199425455,0.07260032668299532,0.0365388502951598,0.05691851309752183,35.30875034332276,34.61259620666504,33.754379749298096,0.00046023774443115784,0.020582234052042292,0.04653088059406629,0.04653088059406629,,,0.2842604572335219,0.3428352130998999,-0.058574755866378,37.37903800533445,44.29836302552502,54.03613457367887,0.5100948865630833,0.04559117544859857,35.05010974614749,34.591629875462345,35.89999961853027,,0.007781769592496611,0.020760675771775487,0.016277391172601737,,2.0917338889469086,,,,,,,,,,,,,,,,,,,35.959999084472656,32.580140677244586,-0.01765846322858755,0.08424948538089039,54.65694496477914,0.27612974681452157,0.007816836259044552,0.0968039423464318,0.09284715686540446,0.0,8233.75,290723.4231393337,0.6464189437645643,0.23076923076923078,,,,,,,,0.7250859106529209,0.648972602739726,0.5008532423208191,0.46735395189003437,4.67,,,63.88,
REIT,VanEck FTSE International Property (Hedged) ETF,Unknown,,Spotlight ETP List,AUD,2026-08-14,17.149999618530273,,,,,,,,,,,,,,,,,,,,5.824449028553564,,,,,,,,-0.6603819732881889,0,0.25,,,,0.05,,0.04,0.06,,,0.02,5,0.3,,,,,,,,,,,,,,,,,,,,,,,0.19,2026-07-01,,,,,,0.005803852822200861,0.06783184410113496,0.05210409563842644,0.16919645459513766,17.436999797821045,17.14397621154785,16.17074837207794,-0.006136369522029894,0.01085067488794711,0.07168818195389126,0.07168818195389126,,,-0.0017160716986097668,0.058712528725683846,-0.06042860042429361,23.10494499616796,38.8889477576988,19.259284376618172,0.3735349505170336,0.048522256126238165,17.198345785636416,17.04197794654348,17.465013421069248,17.65999984741211,0.007596892016689868,0.01661984872651871,0.007790738485722984,0.01904211916669666,1.0255165492160805,,,,,,,,,,,,,,,,,,,17.8799991607666,14.688612474202097,-0.030760585172027843,0.17982552498699778,51.43257957676932,0.21125962841752696,0.012190399846946373,0.11812420163309321,0.14162476061141246,0.0,89135.5,1554255.6954786777,0.5255180895675209,0.23076923076923078,,,,,,,,0.6065292096219932,0.41267123287671237,0.5008532423208191,0.7714776632302406,7.71,,,52.64,
REP,Ram Essential Services Property Fund,Real Estate,,Spotlight A-REITS  List,AUD,2026-08-14,0.41499999165534973,212952704.0,501065183.0,6998000.0,280240992.0,273242992.0,,307055000.0,,,196918616.919,0.393,,,0.06667922481038806,0.3805308100387676,,0.053343379848310446,1.0369141435089175,-0.003663801262997753,0.14094147825140796,Overvalued,-0.8393271659008513,-0.08305827062572134,,-0.8714617327206812,1.498588347852442,-1.0088284369558265,-0.6603819732881889,1,0.25,0.05000941860779104,18621124.0,0.006,0.006,0.637,0.04,0.06,0.07822,0.07822,0.02,5,0.3,0.08744253371866083,,,1.081425,16.825,6.764947438785868,0.03712,0.04401,0.65369004,0.52256,0.08315,71.769,0.946,0.793,0.40245998,0.14338,,0.05,0.1071,0.70879996,,2026-06-29,0.008,2026-06-29,0.12048193013344476,0.12494799377632824,0.11115013589806039,,679597696.0,-0.011627895694091173,-0.07346847444465476,-0.19266055773012958,-0.2534982990359145,0.42762500047683716,0.42733894526958466,0.49247999548912047,-0.006138529208959076,-0.005473251091543285,-0.13702076061215818,-0.13702076061215818,,,-0.002208869052474194,-0.00121600450337287,-0.0009928645491013239,13.671370963631029,33.33339956071379,11.1111331869046,0.4270484736694384,0.08414531563251829,0.41999998688697815,0.41499999165534973,0.425362366437912,0.4317176655894154,0.011764764455773846,0.023529458788438158,0.000852598839574708,0.015806243482497217,0.07247054055181482,,,,,,,,,,,,,,,,,,,0.5902153951809306,0.39500001072883606,-0.27992387966998866,0.07594936804365715,49.3804456892414,0.012474047978807735,0.029350700303341463,0.4062401481952277,0.3268581017385402,0.0,614433.35,262747.06158673466,0.27651322219020796,1.0,0.3020833333333333,0.7346938775510204,0.3020833333333333,0.1717171717171717,0.37755102040816324,0.4090909090909091,0.2941176470588235,0.05154639175257736,0.05136986301369861,0.5008532423208191,0.44329896907216493,4.43,41.88,37.45,18.63,39.17
REV,Revolution Private Credit Income Trust,Unknown,,Spotlight LIC List,AUD,2026-08-14,1.9950000047683716,393040992.0,197013028.1005357,,,0.0,,,,,,,,,,,,,,,0.677537964909488,,,,,,,,-0.660381973288189,0,0.25,,,,0.05,,0.04,0.06,,,0.02,5,0.3,,,,,,,,,0.0,0.0,0.0,,,,0.091400005,0.10889,,0.13,0.066,,,2026-08-04,0.013487,2026-08-04,0.06516290711242058,-0.012683225569385215,,,393040992.0,0.006943143792535134,0.03087181760975599,0.019991761039345635,,1.9809307515621186,1.9744949340820312,1.9326787078380585,0.004578281177912258,0.007852679278673502,0.029658991671101642,0.029658991671101642,,,0.002759870007195131,0.0018790655975024879,0.0008808044096926431,11.61313586541865,87.04114927644663,89.57070228250701,0.8135218990072948,0.01460274766263071,1.975548574455386,1.9607082032393064,1.993684333721515,2.0060715675354004,0.007262027644271891,0.014719500581437527,0.0018514191794549886,0.008076159759616565,0.2549452122941645,,,,,,,,,,,,,,,,,,,2.0060715675354004,1.8637897062213682,-0.008011457945342526,0.06771702992783069,56.594702966863885,0.014298942776707005,0.0071853983458199525,0.056718090044568965,0.08205101605335384,0.0,417607.1,827250.7464606768,0.027580051902880213,0.38461538461538464,,,,,,0.23106060606060605,,0.852233676975945,0.6883561643835616,0.5008532423208191,0.6718213058419243,6.72,,,70.59,
RF1,Regal Investment Fund,Unknown,,Spotlight LIC List,AUD,2026-08-14,3.6700000762939453,,,,,,,,,,,,,,,,,,,,1.2463981839431462,,,,,,,,-0.6603819732881888,0,0.25,,,,0.05,,0.04,0.06,,,0.02,5,0.3,,,,,,,,,0.0,0.0,0.0,,,,0.17892,0.1535,,,,,,,0.12,2025-12-30,,,,,,0.0,0.022409009417533987,0.031073484378464356,0.23958895991500073,3.559499979019165,3.5971999883651735,3.4511095798015594,0.02542495206677997,0.014678112746868477,0.05763088970861041,0.05763088970861041,,,0.007735891999978151,-0.00272837710823157,0.01046426910820972,10.171541497085297,83.72099470488759,62.59595225470122,0.934234315562515,0.05855122719595302,3.6239999771118163,3.5866665840148926,3.6633334159851074,3.696666717529297,0.007123319883913041,0.01735164649253619,0.003652964457342998,0.012785375600700493,0.512817691311698,,,,,,,,,,,,,,,,,,,3.819999933242798,2.8769452469905445,-0.044502576137757544,0.26870683381463323,57.1247618844086,0.07791180181621442,0.02134569857000821,0.22882521917615217,0.2758539971883563,0.0,153755.55,547292.8769990802,0.7282619353082064,0.23076923076923078,,,,,,0.23106060606060605,,0.20790378006872856,0.13184931506849318,0.5008532423208191,0.5824742268041238,5.82,,,27.68,
RFF,Rural Funds Group,Real Estate,,Spotlight A-REITS  List,AUD,2026-08-14,2.1600000858306885,865185088.0,389722999.0,12002000.0,847868992.0,835866992.0,,862838000.0,,,1077973815.234,2.766,,,-1.5995254901405267,2.6823447719311115,,-1.2796203921124214,1.9847833278200462,-0.6853992685584558,0.733574966847161,Overvalued,-1.7405210308245818,0.2418262339556995,,-1.5924168246596655,-0.08111886622599729,-1.3173144635755263,-0.6603819732881889,1,0.25,-1.199644117605395,10364000.0,0.103,0.103,0.841,0.04,0.06,0.09046,0.09046,0.02,5,0.3,0.011978939701743912,,,0.80260307,19.022,9.39144738941384,0.023829998,0.05748,0.74514,0.52955,0.45082,79.231,0.963,0.306,0.03662,0.28718,,0.12,0.052800003,0.6852,0.0553,2026-06-29,0.029325,2026-06-29,0.055555553347976204,0.05218845059490254,0.2,,1693031040.0,-0.03139010432469913,0.10650936283569967,0.08994631654398955,0.18666357722137494,2.19900004863739,2.1014632058143614,1.9920149648189545,-0.017735316936835832,0.027855296183328937,0.08432924650593754,0.08432924650593754,,,0.01961433191415729,0.03302356618226957,-0.013409234268112281,17.205431715922742,7.999992370605469,5.333328247070303,0.1506699975986488,0.050769521125927815,2.158000087738037,2.0983227953888295,2.2200000286102295,2.25,0.0009259250061011563,0.028554299995844336,0.027777750183035924,0.041666625274553885,30.000000000001332,,,,,,,,,,,,,,,,,,,2.2750000953674316,1.7542109052151318,-0.05054945262240518,0.23132291528297833,49.18099577206949,0.050475862603964576,0.023368453980663926,0.17340630657520884,0.2126612699383261,0.0,528669.0,1162543.1567130804,0.287267215804259,1.0,0.125,0.2857142857142857,0.125,0.5858585858585859,0.4897959183673469,0.5378787878787878,0.1470588235294118,0.3436426116838488,0.09417808219178081,0.5008532423208191,0.7233676975945017,7.23,21.93,45.28,32.84,38.9
RG1,Regal Partners Global Investments Limited,Unknown,,Spotlight LIC List,AUD,2026-08-14,2.630000114440918,614242432.0,239004853.0,2773522.0,0.0,-2773522.0,639142312.0,,,,591776016.028,2.476,,,-2.7341394962487238,2.8053325937580698,,-2.187311596998979,2.210759027266028,7.061098127210523,0.8931954491182619,Overvalued,-2.0395967213978405,0.06666633904478889,,-1.8316773771182726,-0.15940725054455432,1.6848280684244619,-0.6603819732881889,1,0.25,-2.050604622186543,-36339696.0,,0.05,0.738,0.04,0.06,0.08428,0.08428,0.02,5,0.3,-0.05916181316500128,,,1.0379643,,,0.16361,0.22850001,1.0,0.96733004,0.61555,,1.075,0.775,0.02311,0.31558,,0.12,0.0467,0.2305,,2026-02-18,0.06,2026-02-17,0.04562737444044159,-0.02296842739953763,,,621600128.0,0.05555559760468798,0.36410257476164554,0.40740737470252864,0.6163502919125832,2.556250011920929,2.469100012779236,2.077825817465782,0.04058682579009365,0.07731565026261289,0.2801843462870024,0.2801843462870024,,,0.05311479010378628,0.04724999643023064,0.005864793673555642,44.21744280249143,94.73684870965394,91.10276825439489,0.9268608879652113,0.09508209099120223,2.5549999475479126,2.5299999713897705,,,0.039473734922826326,0.04887222189706072,,,,,,,,,,,,,,,,,,,,,,2.6700000762939453,1.6245844157578595,-0.003745314673225475,0.6373418703452314,64.15084719992008,0.05283826182980206,0.01986400756573707,0.2367096776361723,0.4645255660623191,0.0,455928.5,1165467.2335600914,0.267025636195297,0.9230769230769231,0.09375,0.09183673469387756,0.09375,0.202020202020202,0.9387755102040817,0.696969696969697,,0.19415807560137455,0.15924657534246578,0.5008532423208191,0.7250859106529209,7.25,10.4,,27.74,
RG8,Regal Asian Investments Limited,Unknown,,Spotlight LIC List,AUD,2026-08-14,2.609999895095825,,,,,,,,,,,,,,,,,,,,0.8864030140904782,,,,,,,,-0.6603819732881889,0,0.25,,,,0.05,,0.04,0.06,,,0.02,5,0.3,,,,,,,,,0.0,0.0,0.0,,,,0.18466999,0.19137,,0.16,0.0615,,,2026-02-20,0.08,2026-02-19,0.06130268445628641,-0.003208382824611244,,,,-0.043636322021484375,-0.0706713125996219,-0.0712017580028188,0.29977804483147996,2.590999937057495,2.7111999559402467,2.700565364360809,0.015052172262000951,-0.02994977973550772,-0.026129806318016313,-0.026129806318016313,,,-0.027215189537655338,-0.038856473719076745,0.011641284181421407,18.526065216515978,92.85715502134695,74.08957941073288,0.8687803443580406,0.040816091454665554,2.5449999570846558,2.5199999809265137,2.636666774749756,2.6733334064483643,0.03231945005992193,0.04182514400300244,0.0025348517181548033,0.016476536168006223,0.07843115255535157,,,,,,,,,,,,,,,,,,,3.0399999618530273,1.938324954868034,-0.13486837255162154,0.356841693564212,48.326662711617814,0.0453814653095827,0.017255309252802005,0.24443273485240224,0.2339600650348911,0.0,72496.15,187837.52008691072,0.7887904288408241,0.23076923076923078,,,,,,0.23106060606060605,,0.17697594501718217,0.226027397260274,0.5008532423208191,0.3797250859106529,3.8,,,28.64,
RGB,Russell Investments Australian Government Bond ETF,Unknown,,Spotlight ETP List,AUD,2026-08-14,18.860000610351562,,,,,,,,,,,,,,,,,,,,6.405196191071149,,,,,,,,-0.660381973288189,0,0.25,,,,0.05,,0.04,0.06,,,0.02,5,0.3,,,,,,,,,,,,,,,,,,,,,,,0.217577,2026-03-30,,,,,,-0.0010599076244919292,0.02557134070530176,0.004389388675743122,-0.008945218882692951,18.799999809265138,18.861599922180176,18.697690057754517,0.002659604931482429,-0.0006149818020902975,0.008145943335500005,0.008145943335500005,,,0.0005735887398685691,-0.005470137653547428,0.006043726393415997,11.663237323349728,71.42870118074478,69.89602073288901,0.6895259983917945,0.014032929276458972,18.637204926153085,18.451161105533647,18.87813784142194,19.069504124895204,0.0112888833427201,0.021158581849587348,0.0014927034155326913,0.01164476068877207,0.13222772972450778,,,,,,,,,,,,,,,,,,,19.370830559318144,18.184530962824102,-0.02688734364040357,0.03659535788996093,51.675973989464694,0.06853956452329361,0.003636051094761284,0.06196985338804064,0.048035775108472095,0.0,32240.75,606126.093850565,0.17914301772783336,0.23076923076923078,,,,,,,,0.845360824742268,0.8544520547945206,0.5008532423208191,0.6116838487972509,6.12,,,74.43,
RGN,Region Group,Real Estate,,Spotlight A-REITS  List,AUD,2026-08-14,2.390000104904175,2768468992.0,1148742322.0,30500000.0,1668999936.0,1638499936.0,4590900000.0,,,,2936185375.032,2.556,,,-0.32219366935170246,2.629518946429898,,-0.25775493548136197,2.996575342465754,0.353429821590471,0.8116871194685773,Overvalued,-1.1348090607571837,0.10021708410566223,,-1.107847248605747,0.2537971593879488,-0.852121420051301,-0.6603819732881889,2,0.25,-0.24164525201377685,73725000.0,0.01,0.01,0.612,0.04,0.06,0.07672,0.07672,0.02,5,0.3,0.026630242279412172,,,0.94287956,,,0.029790001,0.10769,0.64726996,0.57945997,0.80347,56.555,0.552,0.413,0.009430001,0.49644002,,0.14,0.0585,0.5226,0.0593,2026-06-29,0.072,2026-06-29,0.05857740328660496,0.0013231331043582685,0.2,,7355860992.0,0.014893654149386482,0.09182651734996772,0.06809116334571685,0.06235442084332976,2.389250028133392,2.3545529890060424,2.2604162752628327,-0.0017788166245018555,0.012931117540942338,0.055115385853403476,0.055115385853403476,,,0.016655245774848115,0.020613350444785333,-0.003958104669937217,26.382563251283923,54.16665838825234,59.72226913323678,0.46055819074220355,0.045099772499667644,2.3582070672092312,2.343475719462012,2.389430641525701,2.4350000619888306,0.011233930130465706,0.01741059587726846,0.0018577153375935712,0.02096439066058941,0.1653664671240535,,,,,,,,,,,,,,,,,,,2.450000047683716,2.0290768762715095,-0.02653063508382847,0.17541135003507957,51.374657930118936,0.039828481973236775,0.016699573221172458,0.10506740324829693,0.1459903370538756,0.0,2024655.05,4837407.135172915,0.2372205047292073,1.0,0.22916666666666666,0.3979591836734694,0.22916666666666666,0.38383838383838387,0.7551020408163265,0.8560606060606061,,0.6701030927835052,0.24315068493150682,0.5008532423208191,0.9226804123711341,9.23,29.53,,51.26,
RGOS,Russell Sust Global Opportunities Complex ETF,Unknown,,Spotlight ETP List,AUD,2026-08-14,22.360000610351562,,,,,,,,,,,,,,,,,,,,7.593859284562489,,,,,,,,-0.6603819732881889,0,0.25,,,,0.05,,0.04,0.06,,,0.02,5,0.3,,,,,,,,,,,,,,,,,,,,,,,2.010729,2026-06-30,,,,,,0.03271885066867064,0.10233077689811187,0.11917501081616666,0.12664640499091195,21.886000061035155,21.739225807189943,20.591156272888185,0.023942236357289426,0.03085547048323667,0.088331298661394,0.088331298661394,,,0.20512230090701067,0.1523643683937153,0.05275793251329536,27.98279299377002,92.59259913356917,97.53086637785638,0.8852206503951556,0.06215200647402914,22.020000457763672,21.65999984741211,22.489999771118164,,0.017402917996604733,0.03346720236977643,0.003569831514982943,,0.20512833052936344,,,,,,,,,,,,,,,,,,,22.489999771118164,18.578388327762177,-0.003557133148964775,0.2062402535705561,70.55601982293176,0.14810393111550152,0.006608832312535891,0.07900206868049074,0.10376118590268141,0.0,13210.75,289130.4753063202,0.41780511157951195,0.23076923076923078,,,,,,,,0.8041237113402062,0.7277397260273972,0.5008532423208191,0.46563573883161513,4.66,,,69.4,
RIIF,Resolution Capital Global Listed Infrastructure Fund – Active ETF,Unknown,,Spotlight ETP List,AUD,2026-08-14,1.2599999904632568,,,,,,,,,,,,,,,,,,,,0.4279187104180321,,,,,,,,-0.6603819732881889,0,0.25,,,,0.05,,0.04,0.06,,,0.02,5,0.3,,,,,,,,,,,,,,,,,,,,,,,0.05495,2026-07-01,,,,,,-0.0038910469739347198,0.05047442184087769,0.034309276006875944,0.21107149431178351,1.2764999747276307,1.2771752333641053,1.2139148616790771,0.0027418697465204644,0.0022117074868612807,0.05443965783505189,0.05443965783505189,,,-0.004522341034831401,-0.0037189850892426577,-0.0008033559455887431,21.495457213032978,80.0,49.74358974358973,0.5647260881274035,0.04236112247543098,1.2727268815040589,1.2564804706229968,1.2808611095934779,1.3016833092616058,0.005682101600217075,0.018374610384746477,0.0006727642366838336,0.016940108091012245,0.11840059964048018,,,,,,,,,,,,,,,,,,,1.309999942779541,1.0142594575881958,-0.022900742519207262,0.26200447214313205,52.661218137384786,0.013599411450425598,0.010624540433121983,0.11147982708302102,0.13104183554019805,0.0,203149.45,259320.2677909321,0.30380373012261674,0.23076923076923078,,,,,,,,0.6374570446735395,0.4691780821917808,0.5008532423208191,0.4415807560137457,4.42,,,55.44,
RMBS,VanEck Australian RMBS ETF,Unknown,,Spotlight ETP List,AUD,2026-08-14,24.979999542236328,,,,,,,,,,,,,,,,,,,,8.483658151796245,,,,,,,,-0.6603819732881889,0,0.25,,,,0.05,,0.04,0.06,,,0.02,5,0.3,,,,,,,,,,,,,,,,,,,,,,,0.105,2026-08-03,,,,,,0.0038141478418980412,0.01391054956824056,0.02123580574434092,0.043861554330007824,24.925539779663087,24.854640121459962,24.54670883178711,0.0021848980224563608,0.005043702912766346,0.0176516824890236,0.0176516824890236,,,0.0375866557987905,0.03666163311449225,0.0009250226842982545,32.207014602492244,89.46871547654916,84.96820366814562,0.8180384297482569,0.006869918280585604,24.829809846302943,24.549008553345413,24.989999771118164,,0.006012397865718261,0.01725344262565711,0.0004003294261446039,,0.06658398780081053,,,,,,,,,,,,,,,,,,,24.989999771118164,23.91132277023209,-0.0004001692266277779,0.04469333554957755,67.02221801756399,0.02217213307857732,0.0008875954157280326,0.012939550188726253,0.011791182128322208,0.0,2585.45,64443.73682332992,0.009874306192395106,0.23076923076923078,,,,,,,,0.9604810996563574,0.9657534246575342,0.5008532423208191,0.24570446735395188,2.46,,,82.39,
ROAR,Lion Active ETF,Unknown,,Spotlight ETP List,AUD,2026-08-14,10.3100004196167,,,,,,,,,,,,,,,,,,,,3.5014619979081676,,,,,,,,-0.6603819732881889,0,0.25,,,,0.05,,0.04,0.06,,,0.02,5,0.3,,,,,,,,,,,,,,,,,,,,,,,0.027,2026-06-29,,,,,,,,,,,,,,,,,,,0.06285640087169142,0.030469854685269356,0.03238654618642206,72.45824493373603,74.68344650671496,,,,10.289999961853027,9.8100004196167,10.600000381469727,,0.010576890453077846,0.05673069428409776,0.019230843295715158,,1.8181944287906504,,,,,,,,,,,,,,,,,,,10.600000381469727,9.8100004196167,-0.018867995824705996,0.06014262728610831,,,,,,0.0,,,,0.07692307692307693,,,,,,,,,,0.5008532423208191,,,,,,
ROBO,Global X ROBO Global Robotics & Automation ETF,Unknown,,Spotlight ETP List,AUD,2026-08-14,96.3499984741211,,,,,,,,,,,,,,,,,,,,32.72219635546702,,,,,,,,-0.6603819732881888,0,0.25,,,,0.05,,0.04,0.06,,,0.02,5,0.3,,,,,,,,,,,,,,,,,,,,,,,9.576825,2026-07-02,,,,,,0.042463535122499785,0.018996658924839815,0.09924847440896123,0.22931667780545606,92.59700012207031,94.60313674926758,88.69019397735596,0.0419344388019518,0.019839369730840772,0.08783168725018786,0.08783168725018786,,,0.6817832932753731,0.00873527763442275,0.6730480156409504,14.246002427700281,93.54840562113915,90.82435717586704,0.8271446194676331,0.12818318354186076,95.05574798583984,92.32537622670108,97.35994047288389,98.08017845697108,0.014762182022575511,0.04306205416330904,0.009120409259262956,0.016585562234254336,0.6178225715761596,,,,,,,,,,,,,,,,,,,104.98999786376953,75.70674812568684,-0.0810552879320765,0.27439106480652686,57.60674124670441,1.7540319884728977,0.01818026458792451,0.2650758740296172,0.2893983371510413,0.0,6710.05,621330.5006690979,1.069267874476103,0.23076923076923078,,,,,,,,0.1563573883161512,0.20376712328767121,0.5008532423208191,0.6168384879725086,6.17,,,27.16,
ROYL,Betashares Global Royalties ETF,Unknown,,Spotlight ETP List,AUD,2026-08-14,13.579999923706055,,,,,,,,,,,,,,,,,,,,4.612012776835594,,,,,,,,-0.6603819732881889,0,0.25,,,,0.05,,0.04,0.06,,,0.02,5,0.3,,,,,,,,,,,,,,,,,,,,,,,0.064623,2026-08-03,,,,,,0.03397861615455189,0.06500028300452021,0.038004217065234824,0.20324886275470333,13.258548593521118,13.56299144744873,12.937145638465882,0.020473669311188436,-0.002432480666626491,0.045825726251591536,0.045825726251591536,,,0.031087953486307995,-0.04506195581654994,0.07614990930285793,12.57914287254195,83.33331775041209,88.2352996175016,0.7327085241113348,0.0879798855214826,13.419644229048616,13.313733302652714,13.533166035227744,13.67023510975219,0.008156356696271782,0.015984215416609233,0.00023402086615245888,0.01036477306346571,0.028691838141339295,,,,,,,,,,,,,,,,,,,14.967910253914408,11.14998400883914,-0.09606621743119914,0.21345463116765861,53.799177217910255,0.20083029454738224,0.014843333223280106,0.23908511029863339,0.2834768760033634,0.0,39092.85,518314.45138423203,0.8551670271915084,0.23076923076923078,,,,,,,,0.18900343642611683,0.30993150684931503,0.5008532423208191,0.5738831615120275,5.74,,,31.28,
RSM,Russell Investments Australian Semi-Government Bond ETF,Unknown,,Spotlight ETP List,AUD,2026-08-14,20.309999465942383,,,,,,,,,,,,,,,,,,,,6.897641941141291,,,,,,,,-0.6603819732881888,0,0.25,,,,0.05,,0.04,0.06,,,0.02,5,0.3,,,,,,,,,,,,,,,,,,,,,,,0.3884,2026-06-30,,,,,,0.0017241304791879575,0.021363435531666086,0.014142100563089066,0.004839279283388898,20.26275005340576,20.26201183319092,20.06266604423523,0.003565608363942374,0.003602171979890878,0.013574120191053973,0.013574120191053973,,,0.020990641748941385,0.015447982760079122,0.0055426589888622636,15.4104240846215,90.62418043535274,85.30039641338038,0.8100535694822447,0.011499975213626721,20.320892618379673,20.146128405480233,20.460284573154656,,0.0006937037977913757,0.009287961027578319,0.0061610766817129965,,8.88142273594108,,,,,,,,,,,,,,,,,,,20.460284573154656,19.63227081298828,-0.00612335025126598,0.035794548586782104,57.21472324718215,0.047434837070843144,0.002332669742142418,0.036629049306787335,0.0319565976620581,0.0,6133.3,124277.52490255356,0.09037135009549128,0.23076923076923078,,,,,,,,0.9106529209621993,0.9212328767123288,0.5008532423208191,0.3230240549828179,3.23,,,79.04,
RSSL,Global X Russell 2000 ETF,Unknown,,Spotlight ETP List,AUD,2026-08-14,11.970000267028809,,,,,,,,,,,,,,,,,,,,4.065227870428175,,,,,,,,-0.6603819732881889,0,0.25,,,,0.05,,0.04,0.06,,,0.02,5,0.3,,,,,,,,,,,,,,,,,,,,,,,0.023605,2026-07-02,,,,,,0.016115316454457185,0.11451249117000595,0.15640109542876934,0.2402580483623964,11.75,11.76239839553833,10.795846819877625,0.019574429126496096,0.018499725938592393,0.10968595072860876,0.10968595072860876,,,0.05801349240041098,0.03257247428286564,0.025441018117545344,19.359572244208557,100.0,92.02894193989779,0.9208184742183662,0.0465151373471752,11.970000267028809,11.630000114440918,12.063274823672735,12.158187973825173,0.0008346640725875144,0.029215312284567512,0.0069511923721544576,0.014873826243534427,8.328131760368333,,,,,,,,,,,,,,,,,,,12.170000076293945,9.4615971326196,-0.015612204837017307,0.2661709618700989,58.98791615307449,0.1348993297506679,0.011260378539671129,0.14492353985333992,0.1330977875384997,0.0,6518.75,76595.3125,0.7932693463809672,0.23076923076923078,,,,,,,,0.4467353951890034,0.44349315068493156,0.5008532423208191,0.2646048109965636,2.65,,,46.22,
RYD,Ryder Capital Limited,Unknown,,Spotlight LIC List,AUD,2026-08-14,2.0799999237060547,165932560.0,80549795.0,,,0.0,,5793495.0,,,,,,,,,,,,,0.7064054696497679,,,,,,,,-0.6603819732881889,0,0.25,,,,0.05,,0.04,0.06,,,0.02,5,0.3,,,,,,,,,0.0,0.0,0.0,,,,0.50433,0.06057,,0.15,0.0704,3.4926002,0.061900000000000004,2026-07-06,0.03,2026-07-06,0.07211538726056126,0.02436629631479051,,,165932560.0,0.18285710471017014,0.11086262381431511,0.06861166046094191,0.4045077433717792,2.0412499487400053,1.8592983150482179,1.8425220507383346,0.01408449980392601,0.11332319106044886,0.12346005976607355,0.12346005976607355,,,0.0631252857026754,0.06880013158671724,-0.005674845884041851,48.39958661044344,66.66666666666667,75.4208754208754,0.6447760910716968,0.09728470840500132,2.0399999618530273,2.0242619408877283,2.0726894025927387,2.0999999046325684,0.01449274026921029,0.022095649193291454,0.00129926059742795,0.01449274026921029,0.08964906382737146,,,,,,,,,,,,,,,,,,,2.0999999046325684,1.4001344442367554,-0.014285701310552956,0.4784294049498947,64.01989898346218,0.03904341141937481,0.018861552018608334,0.3541348633737653,0.3641009739554218,0.0,90886.95,185522.98202863542,0.502126196986226,0.38461538461538464,,,,,,0.23106060606060605,,0.07044673539518898,0.18150684931506844,0.5008532423208191,0.37628865979381443,3.76,,,22.73,
S3GO,Firetrail S3 Global Opportunities Fund - Active ETF,Unknown,,Spotlight ETP List,AUD,2026-08-14,6.730000019073486,,,,,,,,,,,,,,,,,,,,2.2856293262481886,,,,,,,,-0.6603819732881889,0,0.25,,,,0.05,,0.04,0.06,,,0.02,5,0.3,,,,,,,,,,,,,,,,,,,,,,,0.496512,2026-07-01,,,,,,0.015060226904115348,0.08288245165228636,0.14991803618773503,0.1658949190361978,6.60149998664856,6.590775356292725,6.1496486616134645,0.020980047678515135,0.022641405109182333,0.09599753449163884,0.09599753449163884,,,0.04066340320191042,0.02497679698330223,0.01568660621860819,17.193119889470285,100.0,100.0,0.8902346864870969,0.05376264182812184,6.7099997997283936,6.610636950106933,6.760000228881836,,0.0044510344819779606,0.01919329753771931,0.0029674270686738916,,0.6666825612537649,,,,,,,,,,,,,,,,,,,6.760000228881836,5.4984454074544,-0.0029586474980016764,0.2258009803972143,62.18222364760521,0.04634523192701905,0.006876147403686097,0.1248728482065901,0.14352667782197134,0.0,7077.35,46721.12593050719,0.5602329801308725,0.23076923076923078,,,,,,,,0.5532646048109966,0.7089041095890412,0.5008532423208191,0.20618556701030927,2.06,,,57.65,
SB2,Salter Brothers Emerging Companies Limited,Unknown,,Spotlight LIC List,AUD,2026-08-14,0.5899999737739563,53367484.0,91226470.0,89145000.0,0.0,-89145000.0,86381000.0,,,,97703549.36999999,1.071,,,0.8906109568314903,0.9793346951310303,,0.7124887654651922,0.8976660682226214,0.934112954142305,0.20037462685313134,Undervalued,0.5095101634236776,0.6598893875650202,,0.20760813073894213,0.521467979872385,0.5832423655330313,-0.6603819732881889,4,0.25,0.6679582176236177,-735625.0,-0.452,-0.1,0.576,0.04,0.06,0.07455999999999999,0.07455999999999999,0.02,5,0.3,-0.01378414241900555,,,0.54621845,,,-0.017970001,-0.01741,0.0,0.88108003,0.0,,45.344,45.344,0.41137,0.2897,,0.04,0.0684,0.0,,2026-03-26,0.02,2026-03-25,0.06779661318311346,-0.008821444691323713,,,-39958408.0,-0.024793462523359122,0.017241363363798445,-0.17199639941589628,0.07713743926888483,0.5955000072717667,0.5693000030517578,0.6544594556093216,-0.00923599232686545,0.03636039102623467,-0.09849270460207737,-0.09849270460207737,,,0.003460104894433158,0.005900637267367871,-0.002440532372934713,17.710516061146805,62.4999068677925,50.83330626290621,0.38946760944008857,0.08355914750490548,0.5849999785423279,0.5799999833106995,0.5950000286102295,0.6050000190734863,0.00847456856590309,0.01694913713180618,0.008474669590729235,0.025423806722535417,1.000011920940324,,,,,,,,,,,,,,,,,,,0.7755725722406543,0.5,-0.23927173949766267,0.1799999475479126,51.113263319545325,0.010656820632416351,0.01806240865444385,0.36535473273516056,0.3326678427481549,0.0,48724.35,29015.350779312103,0.3569362561751402,1.0,0.5729166666666666,0.16326530612244897,0.5729166666666666,0.8787878787878788,0.10204081632653061,0.23106060606060605,,0.0670103092783505,0.20890410958904104,0.5008532423208191,0.16151202749140894,1.62,48.06,,23.26,
SCG,Scentre Group,Real Estate,,Spotlight A-REITS  List,AUD,2026-08-14,3.7899999618530273,20787447808.0,5222977091.0,629400000.0,15100499968.0,14471099968.0,,16320600000.0,,,18912400046.511,3.621,,,-3.6827318575438976,3.6313672911216406,,-2.946185486035118,2.847200253084467,-0.18657321859155654,1.2871523082823646,Overvalued,-1.9716970698182583,-0.04185558636624028,,-1.7773576558546067,-0.24875982012084283,-1.049227762656846,-0.6603819732881888,0,0.25,-2.7620488931579232,-360087488.0,0.008,0.008,0.887,0.04,0.06,0.09322,0.09322,0.02,5,0.3,-0.01732235199462154,,,1.0991439,,,0.03164,0.09635,0.71248,0.66941,0.66238,79.158,0.534,0.253,0.00333,0.66312,,0.18,0.044499997,0.5121,0.050199999999999995,2026-02-12,0.08905,2026-02-11,0.04749340417196031,0.06726758143287764,,,35422302208.0,-0.011129675912914805,0.07426026538622565,0.012229463604543467,0.030228386775544847,3.8370919108390806,3.7903647422790527,3.740494395494461,-0.018788136330865512,-0.006691872444873681,0.006551462672750308,0.006551462672750308,,,0.00699358867000166,0.020051241196701618,-0.013057652526699957,10.189969038569078,14.305162501695305,20.886497054926814,0.011537263288981537,0.03846380679388615,3.741478069151694,3.699184340931063,3.816022819323475,3.8501371629958374,0.006247552482625885,0.01748094611933264,0.013551849401767518,0.022612763803317205,2.169145347630852,,,,,,,,,,,,,,,,,,,4.074370838641749,3.1972188110582245,-0.07593092185018369,0.17758599814381304,43.52197672503036,0.06642773400764619,0.01764348795664559,0.15544290365283137,0.17108288097773647,0.0,8480202.75,32539317.374300327,0.6822764722519971,1.0,0.10416666666666667,0.15306122448979592,0.10416666666666667,0.13131313131313127,0.6938775510204082,0.7424242424242424,,0.4106529209621993,0.22089041095890416,0.5008532423208191,0.993127147766323,9.93,12.15,,39.03,
SEC,Spheria Emerging Companies Limited,Unknown,,Spotlight LIC List,AUD,2026-08-14,2.3499999046325684,139656752.0,59938517.0,157172000.0,0.0,-157172000.0,146772000.0,,,,150565554.704,2.512,,,12.236688731294905,2.6594866390666168,,9.789350985035924,3.9634146341463423,7.209807577018416,0.798102330384257,Undervalued,4.2071017990990764,0.13169648808238477,,3.165681439279261,0.686559487229442,2.068003348768517,-0.660381973288189,4,0.25,9.177516548471178,15382375.0,0.124,0.124,0.38,0.04,0.06,0.0628,0.0628,0.02,5,0.3,0.1101441554361797,,,0.9275477,,,0.09942,0.1252,1.0,0.93794996,0.69271004,,181.739,181.739,0.14384,0.05488,,0.13,0.056700002,0.4737,0.0537,2026-08-14,0.011,2026-07-24,0.05531915118112569,-0.02435362910347537,-0.1,,-17599544.0,0.000873435388114352,0.014278712051244202,-0.1035480137602457,-0.038552543517853866,2.3273999452590943,2.3360066318511965,2.445651022195816,0.005413753203820093,0.0017094481940533868,-0.04319958451457484,-0.04319958451457484,,,-0.0030315741379265404,-0.0037605856932724576,0.0007290115553459172,24.844216185974737,31.54211051451366,30.29422185970816,0.6213700041176402,0.04460536392972958,2.312512530894857,2.2922819969068318,2.362419424724387,2.4103432065937618,0.011746745419951242,0.020392273082377177,0.00958098776812738,0.030061237181464504,0.8156291317810095,,,,,,,,,,,,,,,,,,,2.811845064163208,2.0317639576465547,-0.16780624082298623,0.15170854634107922,50.59940924742106,0.06409278448886876,0.02739007984605905,0.2376711053093704,0.2757772296119087,0.0,41952.25,97639.66435349584,0.7575089793413525,1.0,0.7916666666666666,0.7857142857142857,0.7916666666666666,0.41414141414141414,0.8367346938775511,0.7727272727272727,,0.1924398625429553,0.06164383561643838,0.5008532423208191,0.3006872852233677,3.01,75.21,,25.23,
SEMI,Global X Semiconductor ETF,Unknown,,Spotlight ETP List,AUD,2026-08-14,37.189998626708984,,,,,,,,,,,,,,,,,,,,12.630393947017872,,,,,,,,-0.6603819732881888,0,0.25,,,,0.05,,0.04,0.06,,,0.02,5,0.3,,,,,,,,,,,,,,,,,,,,,,,2.853512,2026-07-02,,,,,,-0.017145912120684947,0.09264307493669266,0.52315439951758,1.1588381266759753,35.86949977874756,38.64547630310059,28.924475660324095,0.03876548464189922,-0.035850974398683344,0.28818232555354495,0.28818232555354495,,,-0.42064304972258526,-0.7797270481591657,0.35908399843658045,16.75945527557494,95.90440864386875,87.26817960324156,0.7278844253923971,0.1701102854008051,36.900001525878906,36.18629812562873,37.29999923706055,38.630001068115234,0.009661750184412876,0.028816431676647762,0.0010735619251014974,0.03676872808097478,0.11111464326964851,,,,,,,,,,,,,,,,,,,44.88529026380456,16.50887939937875,-0.1698839842062999,1.256967139934122,52.23654552761904,1.3251751377712855,0.03556562526749883,0.6110646827048573,0.5546037666603879,0.0,318562.05,11426661.381992368,1.3479452207488956,0.23076923076923078,,,,,,,,0.012027491408934665,0.015410958904109595,0.5008532423208191,0.9621993127147767,9.62,,,15.95,
SET,Solaris Australian Equity Income Plus Limited,Unknown,,Spotlight LIC List,AUD,2026-08-14,2.1500000953674316,,,,,,,,,,,,,,,,,,,,0.7301787898188928,,,,,,,,-0.6603819732881888,0,0.25,,,,0.05,,0.04,0.06,,,0.02,5,0.3,,,,,,,,,0.0,0.0,0.0,,,,0.16319,0.065349996,,0.08,0.0382,,,2026-08-20,,,0.03720930067509049,-0.02593453730129599,,,,0.0,0.03349290647660097,,,2.1585000872612,2.1456000566482545,,0.0006949263418338791,0.00671142281983772,,,,,0.005257371233843955,0.006362150089527661,-0.001104778855683706,13.14748777334476,40.000143050942825,40.00014305094283,0.5240686453927108,0.02887268188529845,2.1450001001358032,2.119999885559082,2.1750000715255737,2.190000057220459,0.006944437545758981,0.018518610500991368,0.006944437545758981,0.013888875091517962,1.0,,,,,,,,,,,,,,,,,,,2.2200000286102295,1.9600000381469727,-0.027027000903735332,0.10204083866896263,52.47167710012572,0.031054445571086185,0.014377057563469183,0.1300698989840496,0.19656909729293534,0.0,128548.0,277470.86921725277,-0.2070697196443432,0.23076923076923078,,,,,,0.23106060606060605,,0.5309278350515464,0.33047945205479456,0.5008532423208191,0.46048109965635736,4.6,,,47.18,
SFIF,Seed Financial Income Fund Active ETF,Unknown,,Spotlight ETP List,AUD,2026-08-14,10.770000457763672,,,,,,,,,,,,,,,,,,,,3.6576863031510003,,,,,,,,-0.6603819732881889,0,0.25,,,,0.05,,0.04,0.06,,,0.02,5,0.3,,,,,,,,,,,,,,,,,,,,,,,0.0225,2026-08-03,,,,,,0.004890729396991533,0.017200738088079426,0.02106207177022723,,10.754264879226685,10.713785285949706,,0.00146319425025343,0.005246994438808494,,,,,0.016415996749163497,0.017906134307670213,-0.0014901375585067156,22.300510541010343,80.93089510672799,93.64363170224267,0.7857787360328404,0.005120024920556928,10.736640476980556,10.634575912716164,,,0.003097491120259709,0.012574237631520782,,,,,,,,,,,,,,,,,,,,,,10.779999732971191,10.494524351074805,-0.0009275765728394836,0.026249508550680867,74.68091400395127,0.010843796014258377,0.0010068519548150539,0.009986508486006867,0.010407742157460665,0.0,122966.75,1322417.000837648,0.009083739239804078,0.23076923076923078,,,,,,,,0.9725085910652921,0.9571917808219178,0.5008532423208191,0.7457044673539519,7.46,,,82.72,
SFY,SPDR S&P/ASX 50 ETF,Unknown,,Spotlight ETP List,AUD,2026-08-14,80.05999755859375,,,,,,,,,,,,,,,,,,,,27.18981838940202,,,,,,,,-0.6603819732881889,0,0.25,,,,0.05,,0.04,0.06,,,0.02,5,0.3,,,,,,,,,,,,,,,,,,,,,,,0.821782,2026-06-29,,,,,,0.02587322019458216,0.07071270829895293,0.042363710373996,0.05638030630121005,79.02400016784668,77.51380905151368,75.31256015777588,0.003492646326747728,0.023043558587826363,0.05294525754573276,0.05294525754573276,,,0.8450012077124995,0.8850917362300544,-0.0400905285175549,22.74894192023461,44.28975515833633,63.01715258073832,0.5504173339002973,0.0692747128131466,78.51701888627692,77.59806705849519,79.75,81.30000305175781,0.009873696536554436,0.02146199152289814,0.005674614513551555,0.025220679987800667,0.5747203686626358,,,,,,,,,,,,,,,,,,,81.30000305175781,70.49821576024577,-0.024600245079040683,0.12485120646805647,54.51865842509928,0.6991069660746632,0.008815976534305648,0.10812283178942983,0.10923587217685364,0.0,7246.65,572659.2708163261,0.9575468078002901,0.23076923076923078,,,,,,,,0.6529209621993127,0.5821917808219178,0.5008532423208191,0.5962199312714777,5.96,,,58.96,
SGP,Stockland,Real Estate,,Spotlight A-REITS  List,AUD,2026-08-14,4.239999771118164,10456070144.0,2431644122.0,376000000.0,5773000192.0,5397000192.0,,7558000000.0,,,10443911503.99,4.295,,,6.603382565838825,4.253563338926174,,5.2827060526710605,3.751500600240096,0.047404655361637765,1.4399803555256814,Undervalued,0.5574016326178703,0.0031989548443850458,,0.24592130609429635,-0.11521207482264607,-0.9888196561507981,-0.660381973288189,3,0.25,4.952536924379119,647374976.0,0.306,0.25,0.944,0.04,0.06,0.09664,0.09664,0.02,5,0.3,0.061913794292158875,,,1.0011642,17.863,6.119047836734694,0.03013,0.08606,0.24964,0.21638,0.24822001,55.805,1.216,0.364,0.00567,0.52322,,0.25,0.0586,0.72580004,0.056900000000000006,2026-06-29,0.162,2026-06-29,0.05896226733381887,0.00618203641329126,0.1675468341224018,,15755161600.0,0.04656864234641289,0.15831951269249323,-0.16136789302701626,-0.21222994748281165,4.237500023841858,4.106724996566772,4.64096372961998,0.0076696063485068855,0.03975795420833861,-0.07993248176577372,-0.07993248176577372,,,0.05963503932902725,0.06833273490814684,-0.008697695579119591,34.71642973675916,54.054019222987165,52.32062501613212,0.5797920050374101,0.09611998526557922,4.2349997616731105,4.205875089651166,4.28000020980835,4.349999904632568,0.008196772695490436,0.015017539007443606,0.002341973987472025,0.01873534521391172,0.28571903534186,,,,,,,,,,,,,,,,,,,6.396407535075695,3.57087490835416,-0.3324377851924998,0.19578537207694713,54.85138834706848,0.09773633555544142,0.022889071660893635,0.2695558133168102,0.3157509047976031,0.0,9340591.7,39580757.551447056,0.6235442138805432,1.0,0.59375,0.6122448979591837,0.59375,0.2828282828282829,0.6326530612244898,0.45454545454545453,0.3529411764705882,0.1512027491408935,0.10445205479452058,0.5008532423208191,0.9965635738831615,9.97,56.82,53.73,24.44,57.76
SKUK,Hejaz Sukuk Active ETF,Unknown,,Spotlight ETP List,AUD,2026-08-14,0.949999988079071,,,,,,,,,,,,,,,,,,,,0.32263712132765826,,,,,,,,-0.6603819732881888,0,0.25,,,,0.05,,0.04,0.06,,,0.02,5,0.3,,,,,,,,,,,,,,,,,,,,,,,0.052131,2026-07-01,,,,,,0.0,0.011549739270579673,0.0064666155172250495,-0.05525060434043938,0.9539999842643738,0.9564165318012238,0.9666394063830376,-0.004192868187924748,-0.006708942713556376,-0.017213676779666787,-0.017213676779666787,,,-0.00014500707830478188,-0.00016464207529930957,1.963499699452769e-05,28.298311898484076,33.333333333333336,55.55555555555555,0.32182583872482734,0.02353241434064755,0.9420947145059763,0.9296666255206943,0.952395534873887,0.9606235206127167,0.008321340707676731,0.021403539803712398,0.002521628236711639,0.011182665965214148,0.3030314855856518,,,,,,,,,,,,,,,,,,,1.0197874307632446,0.9249234199523926,-0.06843332304257,0.027112047966056707,45.55553797669081,0.006354103947740708,0.006688530555236005,0.11467950857905015,0.10890200811036567,0.0,2102.8,2006.0711669111254,0.09435903995369838,0.23076923076923078,,,,,,,,0.6237113402061856,0.7226027397260274,0.5008532423208191,0.029209621993127148,0.29,,,61.16,
SLF,SPDR S&P/ASX 200 Listed Property ETF,Unknown,,Spotlight ETP List,AUD,2026-08-14,12.65999984741211,,,,,,,,,,,,,,,,,,,,4.299564166349929,,,,,,,,-0.660381973288189,0,0.25,,,,0.05,,0.04,0.06,,,0.02,5,0.3,,,,,,,,,,,,,,,,,,,,,,,0.356022,2026-06-29,,,,,,0.021969117868326116,0.04743478145030666,-0.02544888157731162,-0.0878093256933472,12.622499942779541,12.616451301574706,12.563312606811524,-0.0049514377853963065,-0.004474386704204303,-0.00026363963856379513,-0.00026363963856379513,,,0.04757650652275203,0.058171708232252,-0.010595201709499971,8.959008653662268,24.137993403203687,39.90535043121506,0.41014654127130484,0.05510570049781596,12.546612694407914,12.409724477551585,12.653607661210572,12.833231794189889,0.001065901652986875,0.011964644669152055,0.007452805610394169,0.02175408960547851,6.992019938715621,,,,,,,,,,,,,,,,,,,14.323252668323633,10.910824783749241,-0.12310417818757236,0.1511504096668994,47.175772461601795,0.17546737697927145,0.013970332095309458,0.14172562406307856,0.18414833743166484,0.0,49382.05,623324.9232993365,0.8880446587187573,0.23076923076923078,,,,,,,,0.4639175257731959,0.34246575342465757,0.5008532423208191,0.6185567010309279,6.19,,,44.46,
SLVM,Global X Silver Miners ETF,Unknown,,Spotlight ETP List,AUD,2026-08-14,39.86000061035156,,,,,,,,,,,,,,,,,,,,13.537174752019185,,,,,,,,-0.6603819732881889,0,0.25,,,,0.05,,0.04,0.06,,,0.02,5,0.3,,,,,,,,,,,,,,,,,,,,,,,,,,,,,,0.16043102768127482,-0.014238529041939785,-0.1236437842036876,,35.547000312805174,35.50700012207031,,0.09066869543412559,0.09189738148746507,,,,,1.2404666782127265,0.5607523911447044,0.6797142870680221,19.20467089308318,76.14338357511157,87.39183635939257,0.7949505158077549,0.30740307466769196,37.436667124430336,35.59000015258789,38.989999771118164,39.869998931884766,0.03439085162730083,0.08202218900255359,0.005674472807761792,0.028372413235316835,0.16499948501586886,,,,,,,,,,,,,,,,,,,55.0,31.65999984741211,-0.2950909007679332,0.22457361480160376,60.94632314897821,1.316619300755562,0.03395974426644376,0.45762228029324026,0.49687198295198537,0.0,15943.95,566759.5956373501,2.639169559248786,0.23076923076923078,,,,,,,,0.03951890034364258,0.0273972602739726,0.5008532423208191,0.5927835051546392,5.93,,,17.49,
SMLL,Betashares Australian Small Companies Select ETF,Unknown,,Spotlight ETP List,AUD,2026-08-14,4.460000038146973,,,,,,,,,,,,,,,,,,,,1.514696412090077,,,,,,,,-0.6603819732881889,0,0.25,,,,0.05,,0.04,0.06,,,0.02,5,0.3,,,,,,,,,,,,,,,,,,,,,,,0.078765,2026-07-01,,,,,,0.07004830222354697,0.10368064101600005,-0.041602139955393524,0.1616123815523054,4.271999979019165,4.192801256179809,4.363010311126709,0.036984983636571434,0.05657281556315241,0.015353967200369523,0.015353967200369523,,,0.08340456197408042,0.061254484136220824,0.02215007783785959,21.867853107217293,85.2940681484141,89.71843982355058,0.7999141930612885,0.1233185507463246,4.376495361328125,4.337688021662817,4.466467806366162,4.518200063013157,0.012077758258190217,0.02083788041825395,0.008232049535138588,0.01990976029170892,0.6815875396045651,,,,,,,,,,,,,,,,,,,4.96578002391211,3.7651445796664706,-0.10789446834001959,0.17658159855604993,65.29107709915772,0.05727070078236448,0.012927923928124085,0.17522564144975106,0.17205505569326493,0.0,83998.75,358842.65823763615,1.2009314192986789,0.23076923076923078,,,,,,,,0.34192439862542956,0.386986301369863,0.5008532423208191,0.49312714776632305,4.93,,,40.09,
SNAS,Global X Ultra Short Nasdaq 100 Complex ETF,Unknown,,Spotlight ETP List,AUD,2026-08-14,10.390000343322754,,,,,,,,,,,,,,,,,,,,3.5286314141343134,,,,,,,,-0.6603819732881889,0,0.25,,,,0.05,,0.04,0.06,,,0.02,5,0.3,,,,,,,,,,,,,,,,,,,,,,,,,,,,,,-0.05322125983137149,-0.10026619951576698,-0.3891566198611749,-0.4385381703667929,11.163500022888183,10.833999996185304,14.028600015640258,-0.09168268710234051,-0.06405756443667254,-0.27719085781775565,-0.27719085781775565,,,-0.19891111598183286,-0.043007769910144246,-0.15590334607168863,16.748678072746255,1.8382421259642365,5.710790697563453,0.1554611759991545,0.2661026297057181,10.050000190734863,9.84499979019165,10.260000228881836,10.4399995803833,0.008875754392568262,0.02909275573401366,0.011834307839851566,0.029585722574269738,1.333329801212224,,,,,,,,,,,,,,,,,,,20.100000381469727,9.829999923706055,-0.49552238055324305,0.03153615686904554,39.921136730228525,0.3678872522610857,0.03628079288018383,0.5882194060097206,0.5314515534838068,0.0,316223.25,3530158.2586127757,-2.0998129521489903,0.23076923076923078,,,,,,,,0.013745704467353903,0.010273972602739767,0.5008532423208191,0.8745704467353952,8.75,,,15.9,
SNC,Sandon Capital Investments Limited,Unknown,,Spotlight LIC List,AUD,2026-08-14,0.7099999785423279,111692016.0,155127799.0,178653360.0,34576796.0,-144076564.0,,46251687.0,,,143182958.477,0.923,,,1.7367472669222097,0.945297405058541,,1.3893978135377678,1.6703786191536745,1.9855350172951187,0.24112879167797363,Undervalued,1.4461229850849502,0.33140483609491467,,0.9568983880679602,1.3526460135718046,1.7965282778902896,-0.6603819732881889,4,0.25,1.3025604501916572,9925148.0,-0.655,-0.1,0.432,0.04,0.06,0.06592,0.06592,0.02,5,0.3,0.0888617499750385,,,0.78006506,,,0.06251,0.09167,1.0,0.70011,0.54932,25.613,5.014,4.989,0.38428003,0.00117,,0.06,0.0783,0.73080003,0.0724,2026-08-12,0.0047,2026-07-13,0.08450704480749924,0.07927260290548203,-0.1,,-38796480.0,0.028002169517693742,-0.08319805030411642,-0.14687073327229383,-0.13560232418797724,0.6999324351549149,0.7138183462619782,0.7890159139037132,0.021527132994924703,0.0016553616451102648,-0.09380791797158772,-0.09380791797158772,,,0.0013220346260363058,-0.002422431622625626,0.003744466248661932,32.21776843557034,63.22188976117544,57.092222989219295,0.8167525095960628,0.06796199664645802,0.7105925178566856,0.6955238026364438,0.7171804791448715,0.7237114364889636,0.006164274236272977,0.027239401191460517,0.003049657973280629,0.012183864383974678,0.49473106750106294,,,,,,,,,,,,,,,,,,,0.9201161301984836,0.6760498401227145,-0.22292420455696227,0.05761429311805122,54.66679819312678,0.011797359703651247,0.016499804386539633,0.17000702736905943,0.21408873603270043,0.0,97209.6,68040.15204843522,0.10723457279783571,1.0,0.6979166666666666,0.7448979591836735,0.6979166666666666,0.595959595959596,0.6632653061224489,0.6136363636363636,,0.3573883161512027,0.24828767123287676,0.5008532423208191,0.25257731958762886,2.53,70.18,,37.32,
SPHX,Spheria Australian Smaller Companies Fund – Active ETF,Unknown,,Spotlight ETP List,AUD,2026-08-14,10.920000076293945,,,,,,,,,,,,,,,,,,,,3.7086288776037764,,,,,,,,-0.6603819732881889,0,0.25,,,,0.05,,0.04,0.06,,,0.02,5,0.3,,,,,,,,,,,,,,,,,,,,,,,0.202711,2026-06-30,,,,,,0.009242179694104902,,,,10.877000093460083,10.83496913909912,,0.003953294333399526,0.00784782458567257,,,,,0.0303735092861519,0.02829094583425059,0.0020825634519013106,19.13911886479239,100.0,100.0,0.6832593352767158,0.021572130704447974,10.805327955808231,10.677176373001444,10.923982620239258,11.020000457763672,0.010501109861221915,0.022236602710254853,0.00036470182394578377,0.009157544026653974,0.034729836061666235,,,,,,,,,,,,,,,,,,,11.020000457763672,10.638034307939352,-0.009074444402520476,0.026505438899003808,54.75189064489102,0.014495338408701213,0.0013274119329146263,0.03840678967149921,,0.0,321.05,3492.0608800053596,0.2931518816207584,0.23076923076923078,,,,,,,,0.9037800687285223,0.946917808219178,0.5008532423208191,0.0429553264604811,0.43,,,79.37,
SPY,SPDR S&P 500 ETF,Unknown,,Spotlight ETP List,AUD,2026-08-14,1097.0,,,,,,386235520266.0,1382979987.0,384852540279.0,,,,384852540279.0,,,,,,,,372.5609753028567,,,,,,,,-0.6603819732881889,0,0.25,,,,0.05,,0.04,0.06,,,0.02,5,0.3,,,,,,,,,,,,,,,,,,,,,,,2.707319,2026-06-19,,,,,,0.021587312214846666,0.07254855978536745,0.1501601475564167,0.12749627000414288,1077.1660095214843,1071.1556713867187,1016.1288323974609,0.023649098562133153,0.029392873606278958,0.08513800562755569,0.08513800562755569,,,8.89391483417694,6.394405964205878,2.499508869971062,29.859367379405036,99.11358487636532,93.24357862681002,0.8771814202732968,0.06269953208458026,1099.0250244140625,1086.4200439453125,,,0.003278486347629596,0.014710123419833016,,,,,,,,,,,,,,,,,,,,,,1103.0999755859375,905.2634190987445,-0.0004169712153748728,0.2180322228707703,65.59035435050251,8.113209692096751,0.007357985910463755,0.10275767748939034,0.09347557194304772,0.0,1035.75,1115674.6943618774,0.4238781387791555,0.23076923076923078,,,,,,,,0.6872852233676976,0.678082191780822,0.5008532423208191,0.7199312714776632,7.2,,,62.91,
SSO,SPDR S&P/ASX Small Ordinaries ETF,Unknown,,Spotlight ETP List,AUD,2026-08-14,15.0600004196167,,,,,,,,,,,,,,,,,,,,5.11464762478927,,,,,,,,-0.6603819732881889,0,0.25,,,,0.05,,0.04,0.06,,,0.02,5,0.3,,,,,,,,,,,,,,,,,,,,,,,1.060743,2026-06-29,,,,,,0.041000638279160784,0.04389044687137922,-0.03157151004177006,0.028204545286435456,14.522499990463256,14.602528285980224,15.151546974182128,0.03150280957641627,0.025849719231053392,-0.011322106728647086,-0.011322106728647086,,,0.17836333498508417,0.0866851007468305,0.09167823423825366,25.165468849899753,70.89550008113348,78.42039645901066,0.7623258321370965,0.12009038271134644,14.880821556001223,14.666543179769377,14.980701896062365,15.149162953243865,0.0066206935424444726,0.02092499145832123,4.688610463952563e-05,0.011292617902328895,0.007081751230281909,,,,,,,,,,,,,,,,,,,16.96860248345829,13.614019144703375,-0.11719308901016079,0.10033630649508796,60.41616367440012,0.16014633930554262,0.010690677182866907,0.16634012444876453,0.16456290910140048,0.0,3820.3,55480.30671356678,1.0926255204199595,0.23076923076923078,,,,,,,,0.36769759450171824,0.46232876712328763,0.5008532423208191,0.2268041237113402,2.27,,,43.13,
STW,SPDR S&P/ASX 200 ETF,Unknown,,Spotlight ETP List,AUD,2026-08-14,82.1500015258789,,,,,,,,,,,,,,,,,,,,27.899621412591266,,,,,,,,-0.6603819732881889,0,0.25,,,,0.05,,0.04,0.06,,,0.02,5,0.3,,,,,,,,,,,,,,,,,,,,,,,0.796302,2026-06-29,,,,,,0.03244199011263005,0.07257957511391555,0.03601896231191026,0.05229509808964705,80.71699943542481,79.37067535400391,77.82034172058106,0.009328912007943613,0.02644964097049618,0.04689852832086516,0.04689852832086516,,,0.9408708782503084,0.8979463292193439,0.04292454903096443,21.09765707979653,59.74361331896139,73.71650136848444,0.6199924231031502,0.07774584233476264,81.20038223266602,80.07013525449884,83.04000091552734,,0.0033094265864401866,0.017182594147900354,0.01927089322818435,,5.823030886118931,,,,,,,,,,,,,,,,,,,83.04000091552734,73.5188443071389,-0.01890654717623741,0.10815127724732387,58.19530138853596,0.7209384374373369,0.008849127613049946,0.10280456354484159,0.10672935447081783,0.0,128003.75,10332078.616482258,0.9685504568078209,0.23076923076923078,,,,,,,,0.6855670103092784,0.5787671232876712,0.5008532423208191,0.9604810996563574,9.6,,,60.35,
SUBD,VanEck Australian Subordinated Debt ETF,Unknown,,Spotlight ETP List,AUD,2026-08-14,25.229999542236328,,,,,,,,,,,,,,,,,,,,8.568562658474198,,,,,,,,-0.6603819732881889,0,0.25,,,,0.05,,0.04,0.06,,,0.02,5,0.3,,,,,,,,,,,,,,,,,,,,,,,0.12,2026-08-03,,,,,,0.003973283957269036,0.014386325694857094,0.02389189471304909,0.0564266203142767,25.1675687789917,25.074544944763183,24.691208324432374,0.0020832578157710113,0.0058008776993454525,0.02141616489456566,0.02141616489456566,,,0.04339576609581286,0.04312208737534359,0.000273678720469267,83.50747060769704,89.98548343966077,96.66182781322026,0.8284461860098759,0.0063427675659125295,25.13014242619736,24.870976531025768,,,0.0035629218716731604,0.013839127352549517,,,,,,,,,,,,,,,,,,,,,,25.229999542236328,23.86345672607422,-0.00039636262636844055,0.05684602205170286,73.97149810902339,0.019887056772519278,0.0007885431131629208,0.008773950275529829,0.00877752309358986,0.0,275948.35,6944949.078074274,0.002074200043864348,0.23076923076923078,,,,,,,,0.9759450171821306,0.9674657534246576,0.5008532423208191,0.9398625429553265,9.4,,,83.13,
SVNP,Savana US Small Caps Active ETF,Unknown,,Spotlight ETP List,AUD,2026-08-14,1.8600000143051147,,,,,,,,,,,,,,,,,,,,0.6316895345422435,,,,,,,,-0.6603819732881889,0,0.25,,,,0.05,,0.04,0.06,,,0.02,5,0.3,,,,,,,,,,,,,,,,,,,,,,,0.0367,2026-06-29,,,,,,0.06285715103149414,0.14341271829202573,0.1503424269459568,,1.8269999980926515,1.7920866203308106,,0.018062406265415776,0.037896267515109106,,,,,0.027882558657907897,0.026138933866679676,0.001743624791228221,24.566413868775705,76.66668521033688,78.24374453054277,0.6659654704744642,0.10883231441925076,1.8450000286102295,1.8015496962023436,1.8650000095367432,1.8949999809265137,0.008064508376086847,0.03142490196410446,0.002688169458695616,0.01881718621086931,0.33333333333333337,,,,,,,,,,,,,,,,,,,1.8949999809265137,1.4944166127214806,-0.01846963956394687,0.24463285436707682,58.28689303318861,0.018475989269976498,0.009933327488107047,0.24138094455080672,0.2082508106345387,0.0,4431.85,8096.989941546918,0.35227871019917145,0.23076923076923078,,,,,,,,0.1872852233676976,0.5085616438356164,0.5008532423208191,0.07903780068728522,0.79,,,36.17,
SWTZ,Switzer Dividend Growth Fund - Active ETF,Unknown,,Spotlight ETP List,AUD,2026-08-14,2.450000047683716,,,,,,,,,,,,,,,,,,,,0.8320641816381865,,,,,,,,-0.6603819732881889,0,0.25,,,,0.05,,0.04,0.06,,,0.02,5,0.3,,,,,,,,,,,,,,,,,,,,,,,0.009,2026-08-03,,,,,,0.01199719918673181,0.03824822062017108,0.007761676684443941,0.03437216590258574,2.435040628910065,2.414082660675049,2.3833870673179627,0.0020366922225087958,0.010735919265566052,0.023753166524564273,0.023753166524564273,,,0.015415787023989935,0.015719942534075448,-0.0003041555100855124,19.25468294065381,36.64976101653982,56.20526525980077,0.540117621485187,0.050768020313987895,2.422113543887245,2.3962496337084676,2.4479576269361956,2.4732876307643985,0.00733053807940871,0.01793050101885243,0.003261298987345719,0.013642447853816554,0.4448921691719497,,,,,,,,,,,,,,,,,,,2.490000009536743,2.260584592819214,-0.020080302058146038,0.0793668438558599,51.86595714516707,0.01681434566427232,0.006891125110638925,0.09644886943729462,0.1159570341840475,0.0,10353.5,25211.193151420357,0.6856655698104936,0.23076923076923078,,,,,,,,0.7285223367697595,0.7071917808219178,0.5008532423208191,0.14948453608247422,1.49,,,65.49,
SYI,SPDR MSCI Australia Select High Dividend Yield ETF,Unknown,,Spotlight ETP List,AUD,2026-08-14,31.540000915527344,,,,,,,,,,,,,,,,,,,,10.711552873420112,,,,,,,,-0.6603819732881889,0,0.25,,,,0.05,,0.04,0.06,,,0.02,5,0.3,,,,,,,,,,,,,,,,,,,,,,,1.317295,2026-06-29,,,,,,0.0348454787404302,0.0915678780122291,0.08439448534286309,0.12881655405689618,31.184000110626222,30.496595840454102,29.103011503219605,0.009492028943048902,0.03224634339278376,0.08167498537921958,0.08167498537921958,,,0.34106652433900564,0.36687019193840714,-0.025803667599401503,39.084447750779496,59.574485353995826,63.759372029629525,0.642753114422149,0.0664926224655188,31.389999389648438,31.010000228881836,31.579999923706055,32.04999923706055,0.0028589629573259213,0.014930092763308332,0.003176632240275521,0.018106725003583853,1.1111134658585173,,,,,,,,,,,,,,,,,,,32.04999923706055,27.23781226534724,-0.017784702289949106,0.15574625581387558,60.82652614957704,0.2925910585608075,0.009294506442677729,0.10816815163666393,0.08924582585630857,0.0,43823.45,1366590.4696480227,0.6447711693991799,0.23076923076923078,,,,,,,,0.6512027491408935,0.5462328767123288,0.5008532423208191,0.7491408934707904,7.49,,,57.99,
T3MP,JPMorgan Climate Change Solutions Active ETF,Unknown,,Spotlight ETP List,AUD,2026-08-14,77.3499984741211,,,,,,,,,,,,,,,,,,,,26.2694538479426,,,,,,,,-0.6603819732881889,0,0.25,,,,0.05,,0.04,0.06,,,0.02,5,0.3,,,,,,,,,,,,,,,,,,,,,,,0.058559,2026-07-01,,,,,,0.006506181001010303,0.040420161314902,0.06211947878886925,0.17319267174851705,76.50049896240235,77.18773300170898,72.36784473419189,0.011104496352844162,0.002102218397948441,0.06884485448238409,0.06884485448238409,,,0.12000965903216354,-0.037655149056172066,0.1576648080883356,23.764646327314352,80.24198758375428,80.24198758375428,0.7832158900489838,0.039208592254210965,76.79074611663702,75.60800159311502,77.50249862670898,78.2210225071531,0.007230153439126159,0.022520968524503485,0.0019715598654977667,0.011260815128825348,0.27268575723837624,,,,,,,,,,,,,,,,,,,79.16000366210938,65.14177703857422,-0.022865147855654522,0.18741001536260948,56.53905094213472,0.3140455964669121,0.004060059504357741,0.10242582037030387,0.10790956549877119,0.0,248.45,19006.548967208862,0.29036518276268264,0.23076923076923078,,,,,,,,0.6941580756013745,0.8356164383561644,0.5008532423208191,0.12714776632302405,1.27,,,67.15,
TBIL,VanEck 1-3 Month US Treasury Bond ETF,Unknown,,Spotlight ETP List,AUD,2026-08-14,47.540000915527344,,,,,,,,,,,,,,,,,,,,16.145441300809086,,,,,,,,-0.6603819732881889,0,0.25,,,,0.05,,0.04,0.06,,,0.02,5,0.3,,,,,,,,,,,,,,,,,,,,,,,0.14,2026-08-03,,,,,,-0.006692306918155366,0.018607856594136996,0.020999429325853303,-0.04560327181100532,47.69018363952637,47.78753677368164,47.78592357635498,-0.005246048425991523,-0.007272568758221798,-0.007239055432155861,-0.007239055432155861,,,-0.09244572221539471,-0.05147452573485303,-0.04097119648054168,12.901362809264693,8.180435884310308,10.928634257819846,0.18842079392305466,0.016836965765603666,46.94742718110024,46.37082529163337,47.49647126309119,47.9515562529848,0.010383040890971395,0.022537381240008307,0.0011904013072717254,0.010783255503464685,0.11464861978024593,,,,,,,,,,,,,,,,,,,50.70260337055472,45.76046371459961,-0.06434787421074473,0.03670275114746113,42.94408814879724,0.1957359647130672,0.004125969021484472,0.053320119127281886,0.06598529416319593,0.0,6189.0,295154.5465450287,-0.34071762332338695,0.23076923076923078,,,,,,,,0.8625429553264605,0.8253424657534246,0.5008532423208191,0.47079037800687284,4.71,,,74.47,
TCAP,Ten Cap Alpha Plus Complex ETF,Unknown,,Spotlight ETP List,AUD,2026-08-14,10.020000457763672,,,,,,,,,,,,,,,,,,,,3.402972783117142,,,,,,,,-0.6603819732881889,0,0.25,,,,0.05,,0.04,0.06,,,0.02,5,0.3,,,,,,,,,,,,,,,,,,,,,,,0.116558,2026-07-01,,,,,,0.04702202479513451,0.04764822052804729,0.019219673197263143,,9.766000175476075,9.678974685668946,,0.026008629707526598,0.03523366711555331,,,,,0.1146356378364608,0.08128981194980696,0.03334582588665384,30.807100532265782,94.82763156596631,94.82763156596631,0.8297468510320654,0.07887453549934731,9.933879613876343,9.840818040698487,10.065538886256368,10.127464757276538,0.008594894206876124,0.017882475936051613,0.004544753134957404,0.010724979501333363,0.5287735980882105,,,,,,,,,,,,,,,,,,,10.127464853458742,9.050495268548314,-0.010611184264773699,0.10712178289121033,76.86400938935238,0.03543685817400759,0.0035366124306461973,0.12034931189686979,0.1217142176982462,0.0,447.4,4369.3084785079955,0.6378892894964009,0.23076923076923078,,,,,,,,0.5876288659793815,0.8561643835616438,0.5008532423208191,0.048109965635738834,0.48,,,62.87,
TCF,360 Capital Mortgage REIT,Unknown,,Spotlight LIC List,AUD,2026-08-14,5.739999771118164,51639192.0,8996375.0,,,0.0,,1590000.0,,,,,,,,,,,,,1.9494073955933984,,,,,,,,-0.6603819732881889,0,0.25,,,,0.05,,0.04,0.06,,,0.02,5,0.3,,,,,,,,,0.0,0.0,0.0,,,,0.15121001,0.12488,,0.62,0.1084,0.96739995,0.08109999999999999,2026-07-30,0.05,2026-07-30,0.10801394158927338,-0.003561424453197547,,,51639192.0,0.0034722045350599196,0.02455204605925787,0.03018848740448199,0.05444713939947121,5.71815128326416,5.693754072189331,5.52443389415741,0.0020721270253909463,0.0063659136704192765,0.03721035111551996,0.03721035111551996,,,0.01303169502438628,0.014127284965449514,-0.0010955899410632335,10.4880186510561,49.78265807309163,64.12131804620975,0.5913747990425452,0.022677226621600675,5.687605494947469,5.612740590137369,5.7471181731768235,,0.007398695285322541,0.020464123655461665,0.002987461439154601,,0.40378219725862985,,,,,,,,,,,,,,,,,,,5.78000020980835,5.135213957530862,-0.008650551716246624,0.11582498148307185,52.98798574281878,0.0373258060555569,0.0065141022567731695,0.057472921840443225,0.08988004784173768,0.0,8319.15,47570.158248167034,0.06056005798820645,0.38461538461538464,,,,,,0.23106060606060605,,0.8505154639175257,0.7345890410958904,0.5008532423208191,0.20962199312714777,2.1,,,71.66,
TCL,Transurban Group,Unknown,,Spotlight Infra  List,AUD,2026-08-14,14.5600004196167,45273866240.0,3120183769.0,1348000000.0,20882999296.0,19534999296.0,35567000000.0,,,,8805158596.118,2.822,,,-1.4180142477473658,2.777580014905463,,-1.1344113981978927,17.292490118577074,-1.8183773893257527,4.944838611433364,Overvalued,-1.0973910856373927,-0.8092321473313127,,-1.0779128685099142,0.18767099039907237,-1.1248885533599198,-0.6603819732881889,1,0.25,-1.0635106858105243,570625024.0,0.082,0.082,0.508,0.04,0.06,0.07048,0.07048,0.02,5,0.3,0.012603850110239668,,,5.1417437,28.889,8.670661274266454,0.0208,0.053629998,0.60612,0.35603002,0.12194,228.429,0.706,0.703,0.0026800002,0.62988997,,0.7,0.0482,4.3506,0.0406,2026-06-29,0.35,2026-06-29,0.04807692169135445,-0.0025534918806131173,0.2,,65086648320.0,-0.023151349824802714,-0.001109105835061297,0.027998590644710664,0.054338740887405645,14.655250072479248,14.691728096008301,14.068284039497376,-0.035499212979952954,-0.03789396750935836,0.004742311798450416,0.004742311798450416,,,-0.05002713829477479,0.002027791408523572,-0.05205492970329836,11.394007925017071,3.9772591807496323,31.96843459050063,-0.23901899407715088,0.04803558942931173,14.042779826878837,13.926031058646847,14.20042908886655,14.310314302012115,0.006524258967790217,0.014783810884417596,0.004628854540166449,0.012402834827838367,0.7094835694013314,,,,,,,,,,,,,,,,,,,15.264769102943156,12.948668006780652,-0.07401152722601567,0.09161808932624993,35.007722779928116,0.2607251801767576,0.018445360874067885,0.15125928124861474,0.17156820311134272,0.0,3868103.45,56688023.36596973,0.3560995855071207,1.0,0.23958333333333334,0.30612244897959184,0.23958333333333334,0.02020202020202022,0.4387755102040816,0.42424242424242425,0.17647058823529416,0.4278350515463918,0.1917808219178082,0.5008532423208191,0.9982817869415808,9.98,23.76,39.51,39.07,42.3
TECH,Global X Morningstar Global Technology ETF,Unknown,,Spotlight ETP List,AUD,2026-08-14,121.70999908447266,,,,,,,,,,,,,,,,,,,,41.33490972016493,,,,,,,,-0.6603819732881889,0,0.25,,,,0.05,,0.04,0.06,,,0.02,5,0.3,,,,,,,,,,,,,,,,,,,,,,,3.827854,2026-07-02,,,,,,0.10760343647750337,0.2668092009744605,0.4798396209149107,0.20846381211913534,115.81900024414062,114.52789093017579,98.61306369781494,0.07538489185032393,0.0875080475173704,0.2630172756159648,0.2630172756159648,,,2.7481855285910086,1.9043223576518438,0.8438631709391649,22.15930241749939,98.70719500671703,95.42283240252806,0.9484700135427073,0.16809349471287485,121.91000366210938,120.3955733915756,,,0.02119630128432324,0.03335551632588727,,,,,,,,,,,,,,,,,,,,,,124.75,78.18737357986582,-0.001603181949837218,0.5929682421744746,72.18454543896507,2.272040873581791,0.018241997735139556,0.21902401813377104,0.2800788777456435,0.0,5579.35,646194.739012146,0.6286700646592884,0.23076923076923078,,,,,,,,0.22680412371134018,0.1986301369863014,0.5008532423208191,0.627147766323024,6.27,,,30.2,
TEK,Thorney Technologies Ltd,Unknown,,Spotlight LIC List,AUD,2026-08-14,0.09799999743700027,32333418.0,359260192.0,64950732.0,0.0,-64950732.0,96929681.0,,,,92689129.536,0.258,,,0.2013447626663031,0.208008681925809,,0.1610758101330425,,0.20724586780846532,0.03328256574731658,Undervalued,1.0545384482865774,1.1225376261823712,,0.6436307586292621,,1.1147538084548851,-0.6603819732881888,3,0.25,0.15100857199972734,863257.0,-0.132,-0.1,0.827,0.04,0.06,0.08962,0.08962,0.02,5,0.3,0.026698600191294344,,,0.34883726,,,-0.00555,-0.12151,1.0,0.87669,0.0,,38.539,38.478,0.25029,0.43013,,,,0.0,,,,,,,-0.1,,-30945762.0,0.0,0.03157893333408612,-0.2160000205039978,-0.27407412190495994,0.09554999917745591,0.09356000050902366,0.11078499920666218,0.025641007646627134,0.047456144760798624,-0.11540372668877596,-0.11540372668877596,,,0.0001818138693565896,0.0004343144440381499,-0.00025250057468156027,22.31436847188574,53.33331677648,35.55552796079999,0.6904092992310967,0.13466258082021032,0.09700000286102295,0.0949999988079071,0.0989999994635582,0.10249999910593033,0.010204026552349416,0.030612231709717466,0.010204102578684026,0.045918385577743505,1.0000074506210093,,,,,,,,,,,,,,,,,,,0.14499999582767487,0.08749999850988388,-0.3241379292626443,0.11999998978206072,55.61514228454361,0.002492000611161049,0.02542857832994376,0.5377257035530432,0.38616410329774314,0.0,107604.2,10281.5812214908,0.46136002328894843,1.0,0.65625,0.40816326530612246,0.65625,0.9797979797979798,0.05102040816326531,0.23106060606060605,,0.027491408934707917,0.08732876712328763,0.5008532423208191,0.09278350515463918,0.93,61.42,,18.45,
TGF,Tribeca Global Natural Resources Limited,Unknown,,Spotlight LIC List,AUD,2026-08-14,2.690000057220459,194551696.0,73693826.0,256977632.0,0.0,-256977632.0,,78965516.0,,,224766169.29999998,3.05,,,6.5565554305973155,4.008408509247999,,5.245244344477853,1.391594767603674,15.71536077677814,0.913572511287871,Undervalued,1.4373811491186794,0.49011465575574503,,0.9499049192949437,-0.48267853605862365,4.842141428434247,-0.660381973288189,3,0.25,4.917416572947987,16010605.0,,0.05,1.031,0.04,0.06,0.10185999999999999,0.10185999999999999,0.02,5,0.3,0.08229486213268478,,,0.8655738,,,0.31317,0.4481,1.0,0.88888,0.57509,,5.508,4.949,0.12607999,0.04528,,0.1,0.0379,0.045700002,,2026-03-05,0.05,2026-03-04,0.0371747203988273,-0.019136664938593777,-0.1,,-62425940.0,0.03162052356155143,-0.01136371538494263,-0.012895056969969954,0.8461440519578594,2.481500005722046,2.5655999898910524,2.525850145816803,0.051783150948004675,0.0173058564779065,0.033315416363234096,0.033315416363234096,,,0.03836744732355957,0.004377131933720796,0.03399031538983877,26.21957955171457,73.80949677794379,87.30158279632398,0.7297411365913061,0.22539781824150804,2.6073890343247825,2.5766665935516357,2.6244368572949006,2.6666667461395264,0.0010003298375407827,0.012771380415310566,0.005531403363732845,0.021711438054146232,5.529579500828729,,,,,,,,,,,,,,,,,,,3.224027267883596,1.3709164154318307,-0.1904535296287514,0.9038359054688905,55.247710634854194,0.06860832809225358,0.026286716800704945,0.4053901068654211,0.39369932494828885,0.0,95156.1,236129.8626944876,2.037987142104884,0.9230769230769231,0.6875,0.6938775510204082,0.6875,0.4747474747474747,0.9795918367346939,0.6590909090909091,,0.053264604810996596,0.0702054794520548,0.5008532423208191,0.422680412371134,4.23,66.81,,19.18,
TOLL,Betashares FTSE Global Infrastructure Shares Currency Hedged ETF,Unknown,,Spotlight ETP List,AUD,2026-08-14,26.84000015258789,,,,,,,,,,,,,,,,,,,,9.115347888766607,,,,,,,,-0.6603819732881889,0,0.25,,,,0.05,,0.04,0.06,,,0.02,5,0.3,,,,,,,,,,,,,,,,,,,,,,,0.295762,2026-07-01,,,,,,-0.021509301714319085,0.0066708201462502,0.02218764539429019,,27.18899984359741,27.05010513305664,,-0.01283606212134003,-0.007767251899216787,,,,,-0.10191525118200317,-0.021901433513938164,-0.08001381766806501,12.459831396934232,25.58140910293924,12.144694437092687,0.25353409914564984,0.05208047878771492,26.635559871976884,26.342274351101995,27.057658327829415,27.238995979847786,0.007616999979461417,0.018544180277804696,0.008109469970347154,0.014865716281354961,1.064654062257272,,,,,,,,,,,,,,,,,,,27.799999237060547,23.806522369384766,-0.034532342115782155,0.12742212979011924,46.21771583821427,0.31306507102649384,0.011664123295331216,0.20077162478792165,0.1434135399860697,0.0,7343.8,199670.57705141068,0.2333069695379582,0.23076923076923078,,,,,,,,0.26632302405498287,0.43150684931506844,0.5008532423208191,0.39347079037800686,3.93,,,37.8,
TOP,Thorney Opportunities Ltd,Unknown,,Spotlight LIC List,AUD,2026-08-14,0.574999988079071,95511832.0,167564620.0,161364656.0,0.0,-161364656.0,179895725.0,,,,156002661.22,0.931,,,5.506583124565542,0.9574232253374096,,4.405266499652433,0.6996268656716418,2.161960706873208,0.195280361310729,Undervalued,8.57666650213618,0.6650839046726201,,6.661333201708943,0.21674240030668085,2.7599317420784124,-0.6603819732881889,4,0.25,4.129937343424157,15379668.0,3.6,0.25,0.548,0.04,0.06,0.07288,0.07288,0.02,5,0.3,0.1610236939021335,,,0.6122449,,,0.07745,0.10333,1.0,0.71459,0.55208,,30.375,29.982,0.30989,0.36630002,,0.03,0.0465,0.2912,0.0434,2026-03-11,0.011,2026-03-10,0.052173914125150475,0.12201965860538656,-0.1,,-63902176.0,0.017699098239742916,0.04545450112051319,-0.09187827370154744,-0.07784408069976378,0.5679999947547912,0.551300003528595,0.5923536539077758,0.01232393202274884,0.04298926972389694,-0.029296123547516095,-0.029296123547516095,,,0.006234141563694395,0.006285088843708005,-5.094728001360949e-05,13.141284851015591,85.71428571428571,85.71428571428571,0.7820380374089391,0.043695992696474305,0.5699999928474426,0.5649999976158142,0.5799999833106995,0.5840917119474125,0.008695644061371431,0.017391288122742862,0.008695644061371431,0.015811694011880924,1.0,,,,,,,,,,,,,,,,,,,0.6871666417620034,0.49000000953674316,-0.16323064430968215,0.17346934058774566,57.56131315086867,0.007818411517123766,0.013597237702983428,0.19681913308393628,0.20649133719734497,0.0,20834.9,11834.223090716601,0.300422077333961,1.0,0.8854166666666666,0.8571428571428571,0.8854166666666666,0.8383838383838383,0.7346938775510204,0.6212121212121212,,0.2869415807560137,0.35787671232876717,0.5008532423208191,0.09965635738831616,1.0,87.22,,36.88,
TOT,360 Capital REIT,Real Estate,,Spotlight A-REITS  List,AUD,2026-08-14,0.4099999964237213,88328464.0,220821151.0,440000.0,83533000.0,83093000.0,,76405000.0,,,127413804.12699999,0.577,,,-0.004042596647245465,0.5534078878061627,,-0.0032340773177963727,0.9047044632086853,0.12874855835181528,0.1392433897372738,Overvalued,-1.0098599919085551,0.34977534788618414,,-1.0078879935268439,1.2065962709758256,-0.685979123232094,-0.660381973288189,2,0.25,-0.0030319474854340993,3400625.0,0.025,0.025,0.386,0.04,0.06,0.06316,0.06316,0.02,5,0.3,0.038499763790752664,,,0.6932409,,,0.029790001,0.01969,0.69817,0.68221,0.16949,66.854,0.238,0.238,0.62127995,0.012940001,,0.03,0.075,2.7273002,0.0875,2026-06-29,0.0075,2026-06-29,0.07317073234555836,-0.024390235392555137,0.2,,169673968.0,0.05569616299259361,0.011019172675469147,0.08185494673725846,0.043113635230142666,0.40560000091791154,0.40796844482421873,0.39851293101906776,0.02810649596833037,0.022137866295365738,0.04639012501331674,0.04639012501331674,,,0.0011741019209603465,-0.00017206424893915538,0.0013461661698995018,10.819479760615632,85.00002980235081,70.00000993411695,0.928003379359827,0.06566886460188634,0.41391781054640064,0.4085422979502269,0.4176963125602837,0.42399400216042366,0.007391331399964233,0.02028224902945,0.0016698246018807096,0.016772197899128403,0.22591661928306855,,,,,,,,,,,,,,,,,,,0.441600516167724,0.37366823676896904,-0.055707635201030725,0.11596318518849014,57.18356081939302,0.008146547045965832,0.019536084244138153,0.3037136199002415,0.33884301480063905,0.0,53052.3,21518.01292869732,0.05151433755394891,1.0,0.2604166666666667,0.4897959183673469,0.2604166666666667,0.7676767676767677,0.20408163265306123,0.44696969696969696,,0.11512027491408938,0.16609589041095896,0.5008532423208191,0.13573883161512026,1.36,38.0,,24.36,
TVL,Touch Ventures Limited,Unknown,,Spotlight LIC List,AUD,2026-08-14,0.057999998331069946,41794288.0,708377705.0,29603000.0,0.0,-29603000.0,79939000.0,,,,80046680.665,0.113,,,-0.02429526885222111,0.0996080089764897,,-0.01943621508177689,,0.03738792350143696,0.01969784498248631,Overvalued,-1.418883957781192,0.7173795145288964,,-1.3351071662249538,,-0.35538061073686844,-0.660381973288189,1,0.25,-0.018221451639165834,-2051500.0,,0.05,0.517,0.04,0.06,0.07102,0.07102,0.02,5,0.3,-0.04908565495840006,,,0.52212393,-2.45,5.947960618846695,-0.03867,-0.055910002,0.0,0.11376,0.0,,253.331,252.847,0.45602,0.20718001,,,,0.0,,,,,,,,,12191285.0,-0.033333339542150675,-0.033333339542150675,-0.14705889442593612,,0.05890000015497208,0.05937999986112118,,-0.015280166749306101,-0.023240174019514948,,,,,-0.0001699225618304115,-9.328954795816613e-05,-7.663301387224536e-05,12.324297523849012,0.0,,-0.24999999999557068,0.020373555665861857,0.05700000002980232,0.054999999701976776,0.05900000035762787,0.05999999865889549,0.017241350517969517,0.05172411578305348,0.01724141474711444,0.03448276526508396,1.0000037252966265,,,,,,,,,,,,,,,,,,,0.07199999690055847,0.05400000140070915,-0.19444443294663438,0.07407401530749347,35.467049422377926,0.00025577098578002754,0.004409844709306033,0.0800483445896834,0.26423646558906927,0.0,14346.55,845.0117972233146,0.40471342028247004,0.9230769230769231,0.16666666666666666,0.10204081632653061,0.16666666666666666,0.9090909090909091,0.07142857142857142,0.23106060606060605,0.4117647058823529,0.7972508591065293,0.815068493150685,0.5008532423208191,0.020618556701030927,0.21,22.15,17.04,71.28,33.11
U100,Global X US 100 ETF,Unknown,,Spotlight ETP List,AUD,2026-08-14,16.5,,,,,,,,,,,,,,,,,,,,5.603697440744883,,,,,,,,-0.6603819732881889,0,0.25,,,,0.05,,0.04,0.06,,,0.02,5,0.3,,,,,,,,,,,,,,,,,,,,,,,1.909491,2026-07-02,,,,,,0.014643061626331777,0.054434430431060665,0.2634538078118749,0.14026005498127447,16.073500061035155,16.219038562774656,14.946016368865967,0.03462214810827002,0.025338160236893836,0.11267101215067155,0.11267101215067155,,,0.13216300051791308,0.050581648605836235,0.08158135191207684,16.79337496170621,98.51848398215003,90.86422003183155,0.8209930946554377,0.10785947948641811,16.510000228881836,16.190000534057617,16.659022894744638,17.08975649483687,0.007215811060764598,0.02645812681380205,0.0017452637067179638,0.027646263215389988,0.2418666026619928,,,,,,,,,,,,,,,,,,,17.09000015258789,12.462970872831256,-0.026916383131315058,0.33435272620425427,59.97104734116203,0.23053273434940538,0.013862462175781517,0.19614677141387826,0.20448821622825017,0.0,16648.0,267591.62901611323,0.6401227319145525,0.23076923076923078,,,,,,,,0.29209621993127144,0.34931506849315064,0.5008532423208191,0.4484536082474227,4.48,,,36.9,
ULTB,iShares 20+ Year U.S. Treasury Bond (AUD Hedged) ETF,Unknown,,Spotlight ETP List,AUD,2026-08-14,84.77999877929688,,,,,,,,,,,,,,,,,,,,28.792815890054555,,,,,,,,-0.6603819732881889,0,0.25,,,,0.05,,0.04,0.06,,,0.02,5,0.3,,,,,,,,,,,,,,,,,,,,,,,2.123964,2026-07-01,,,,,,-0.016929488875671916,-0.014925378426707936,-0.03281183796913778,-0.012416378147409035,85.45349960327148,86.58932556152344,87.64251918792725,-0.007881489080042603,-0.02089549457156814,-0.032661320500069424,-0.032661320500069424,,,-0.4767357037195694,-0.4698910457666072,-0.006844657952962241,15.65778310746021,24.71269155723149,22.030707619903676,0.24079336567856086,0.030406201217322352,84.36205656673593,,85.75077750466086,87.12287394375974,0.0049297265696942386,,0.01145056309674125,0.027634762894511784,2.322758257452697,,,,,,,,,,,,,,,,,,,91.5424377523004,84.19951961475857,-0.07387217490648035,0.006894091168146765,38.46651278912256,0.34803045935207694,0.004105101018674057,0.08839122838063694,0.08224275960209039,0.0,335.25,28648.285741996766,0.1741619880939453,0.23076923076923078,,,,,,,,0.7749140893470791,0.8321917808219178,0.5008532423208191,0.15807560137457044,1.58,,,70.7,
UMAX,Betashares S&P 500 Yield Maximiser Complex ETF,Unknown,,Spotlight ETP List,AUD,2026-08-14,26.700000762939453,,,,,,,,,,,,,,,,,,,,9.067801572313346,,,,,,,,-0.6603819732881889,0,0.25,,,,0.05,,0.04,0.06,,,0.02,5,0.3,,,,,,,,,,,,,,,,,,,,,,,0.103994,2026-08-03,,,,,,0.007011825875511413,0.06723684125162621,0.09762188065726884,0.09274571060866887,26.325440979003908,26.178408279418946,25.285507020950316,0.01308844541540033,0.018778521277073912,0.05475441145777715,0.05475441145777715,,,0.1487922964596109,0.11961007643717812,0.029182220022432773,15.388474094345895,92.80027342040394,91.07249611229435,0.8296383741784983,0.039705466476767204,26.32493280320109,26.09170451987296,26.67241296943355,,0.012938405403289586,0.021683372882140096,9.047218345346359e-05,,0.006992529653651219,,,,,,,,,,,,,,,,,,,26.729999542236328,23.429307479280954,-0.0022446489700673755,0.13831789948886897,62.99112211655397,0.218762615871852,0.008202572750132935,0.07823857161414546,0.08797627119532887,0.0,15156.5,399001.5461982727,0.3084199648870508,0.23076923076923078,,,,,,,,0.8075601374570447,0.613013698630137,0.5008532423208191,0.5223367697594502,5.22,,,66.69,
URAN,VanEck Uranium and Energy Innovation ETF,Unknown,,Spotlight ETP List,AUD,2026-08-14,16.579999923706055,,,,,,,,,,,,,,,,,,,,5.63086685697103,,,,,,,,-0.6603819732881888,0,0.25,,,,0.05,,0.04,0.06,,,0.02,5,0.3,,,,,,,,,,,,,,,,,,,,,,,0.02,2026-07-01,,,,,,0.08650063401217523,-0.034251768832223584,-0.11967556176959016,,15.423999977111816,15.95475290298462,17.810363812446596,0.07494812942879059,0.039188762403488564,-0.06908134509193542,-0.06908134509193542,,,0.20382514251047823,-0.019440064762149184,0.22326520727262741,23.02220779559454,100.0,99.4021073783331,0.8762319508021321,0.19920724241787552,16.377468281136437,16.0,16.619377241364365,16.95885383226154,0.012215418787791317,0.034981901470142455,0.0023749890132393004,0.022850054903426138,0.19442550881783766,,,,,,,,,,,,,,,,,,,22.325428309578367,14.100000381469727,-0.25734907775128,0.17588648759864944,62.592857425382405,0.3579281791734745,0.021587948179765035,0.3002681047471945,0.3768715394460495,0.0,3460.2,53370.124720802305,1.8991572574229716,0.23076923076923078,,,,,,,,0.12199312714776633,0.13013698630136983,0.5008532423208191,0.21993127147766323,2.2,,,23.77,
URF,US Masters Residential Property Fund,Real Estate,,Spotlight A-REITS  List,AUD,2026-08-14,0.1599999964237213,110152200.0,688451287.0,92311000.0,117522000.0,25211000.0,362523000.0,,,,238204145.302,0.346,,,1.4979647880304943,0.2722168801779687,,1.1983718304243955,,-0.22841317515466428,0.054338883059321066,Undervalued,8.362280134453858,0.701355539140564,,6.489824107563087,,-2.4275823766256046,-0.6603819732881889,3,0.25,1.1234735910228708,42905876.0,-0.58,-0.1,0.048,0.04,0.06,0.04288,0.04288,0.02,5,0.3,0.38951447179448073,,,0.46242777,-82.732,-15.466871165644172,-0.0017499999,-0.17951,0.38919,-0.38634,-2.7029502,49.388,50.569,15.665,0.0682,0.50844,,,,0.0,0.0484,2026-05-12,0.04,2026-05-12,,,-0.1,,134853200.0,0.0,0.10344828294942299,0.09549549218654518,-0.041880257987143454,0.1589999981224537,0.15405000001192093,0.14939931422472,0.006289297566516083,0.038623800138526176,0.07095536049821649,0.07095536049821649,,,0.001880833274254673,0.0019914426925627658,-0.00011060941830809282,14.68343786119896,49.999925494234,66.666616996156,0.5980579270710037,0.06413859393501244,0.15992417115992838,0.15655663609504702,0.1617751945666636,0.1645896508138419,0.00047390790929850176,0.021521002535246195,0.011094988641381538,0.028685340579420907,23.411697554921172,,,,,,,,,,,,,,,,,,,0.16960301995277408,0.1381578807856436,-0.05662059279207832,0.15809532915437852,54.609149859586836,0.002435353343688337,0.015220958738267044,0.2733156854392022,0.36335857061041427,0.0,248687.6,39541.32793307752,0.3547057668227577,1.0,0.875,0.9693877551020408,0.875,0.9494949494949495,0.02040816326530612,0.007575757575757576,0.9411764705882353,0.1391752577319587,0.2893835616438356,0.5008532423208191,0.18384879725085912,1.84,91.08,15.47,28.52,54.59
URNM,Betashares Global Uranium ETF,Unknown,,Spotlight ETP List,AUD,2026-08-14,10.529999732971191,,,,,,,,,,,,,,,,,,,,3.576177730587574,,,,,,,,-0.6603819732881889,0,0.25,,,,0.05,,0.04,0.06,,,0.02,5,0.3,,,,,,,,,,,,,,,,,,,,,,,0.217147,2026-07-01,,,,,,0.057026521081447346,-0.041644481734599115,-0.17321276945816444,0.19811310889235445,9.83199987411499,10.08974573135376,11.282890725135804,0.05573639619022619,0.028767264390538116,-0.08002298636850602,-0.08002298636850602,,,0.11483433043373736,-0.018045489265488712,0.13287981969922608,17.133189304655758,79.31034255963421,87.3563021834965,0.8138984964862568,0.17756184503631914,10.372907057583726,10.260232986633868,10.459252785252747,10.74329082802916,0.0006833388033709211,0.01153825881373804,0.007635131978618305,0.03499910496945205,11.173274429834919,,,,,,,,,,,,,,,,,,,15.169351123371648,8.20455920781622,-0.3157255026915228,0.2651502477491081,56.928079389714654,0.24346596279297208,0.023455294808162486,0.348631990967404,0.4390987287076723,0.0,165768.95,1629840.2955321742,1.8225633828982004,0.23076923076923078,,,,,,,,0.07560137457044669,0.09246575342465757,0.5008532423208191,0.7852233676975945,7.85,,,20.74,
US10,Betashares U.S. Treasury Bond 7-10 Year Currency Hedged ETF,Unknown,,Spotlight ETP List,AUD,2026-08-14,49.369998931884766,,,,,,,,,,,,,,,,,,,,16.76694161601092,,,,,,,,-0.6603819732881889,0,0.25,,,,0.05,,0.04,0.06,,,0.02,5,0.3,,,,,,,,,,,,,,,,,,,,,,,1.059827,2026-07-01,,,,,,-0.0008095712538124245,0.00033506692140505834,-0.020681683782475924,0.008110420933969964,49.39400043487549,49.545950698852536,49.84127878189087,-0.00048591939870035183,-0.003551284504302532,-0.009455613128797502,-0.009455613128797502,,,-0.05278979900757008,-0.05973583510599993,0.00694603609842985,8.851523675497635,36.3633999167707,34.55691317818924,0.45572125688811704,0.01097410099181383,49.17571750213731,,49.78478385016918,50.24551821262134,0.0039352123546833265,,0.00840155817821032,0.017733832280298813,2.1349694555140233,,,,,,,,,,,,,,,,,,,51.1121135336326,48.752689361572266,-0.03408418242382982,0.012662061896406396,47.5200981209101,0.1273893908861787,0.002580299648414747,0.04945403075404129,0.042303175748795024,0.0,1904.8,94085.69202835082,0.11057892883943264,0.23076923076923078,,,,,,,,0.8694158075601375,0.9178082191780822,0.5008532423208191,0.29896907216494845,2.99,,,77.09,
USD,Betashares U.S Dollar ETF,Unknown,,Spotlight ETP List,AUD,2026-08-14,14.460000038146973,,,,,,,,,,,,,,,,,,,,4.910876679208188,,,,,,,,-0.6603819732881889,0,0.25,,,,0.05,,0.04,0.06,,,0.02,5,0.3,,,,,,,,,,,,,,,,,,,,,,,0.377182,2025-07-01,,,,,,-0.006868157870036584,0.02371681685996263,0.02190815745399277,-0.03920266744920764,14.52000002861023,14.537000007629395,14.557124996185303,-0.0041322307400161185,-0.005296826679645816,-0.006671987639302546,-0.006671987639302546,,,-0.02927194867673677,-0.0149075101401582,-0.01436443853657857,17.261299842874195,19.230825661152476,14.102629938011214,0.27360957913767014,0.018252674844970264,14.45777776506212,14.258749842643738,14.649999936421713,14.785000205039978,0.00015368416867148324,0.013917717494627668,0.013139688642704069,0.02247580677978018,85.49799732978089,,,,,,,,,,,,,,,,,,,15.449999809265137,13.930000305175781,-0.06407765587961212,0.03804735975305529,45.18123936013461,0.060414946105498406,0.0041780737168822645,0.05597890761839797,0.061108619504580686,0.0,10319.55,149839.8662952447,-0.3319569046027141,0.23076923076923078,,,,,,,,0.8556701030927836,0.8236301369863014,0.5008532423208191,0.3487972508591065,3.49,,,74.12,
USHY,Global X USD High Yield Bond ETF (Currency Hedged),Unknown,,Spotlight ETP List,AUD,2026-08-14,9.90999984741211,,,,,,,,,,,,,,,,,,,,3.36561459289245,,,,,,,,-0.6603819732881888,0,0.25,,,,0.05,,0.04,0.06,,,0.02,5,0.3,,,,,,,,,,,,,,,,,,,,,,,0.709658,2026-07-02,,,,,,-0.0030212170919945436,0.012025089022197788,0.01900875162151139,0.03939942751890291,9.896999979019165,9.889666042327882,9.741451721191407,0.00030308573481541146,0.0010448862639207412,0.01627559237335885,0.01627559237335885,,,0.008235267309181893,0.010426348376417906,-0.002191081067236013,16.465292938626604,34.61517300067124,35.89725720056682,0.5084634388591102,0.03581118028507476,9.797894036187351,9.706693585456136,9.90546145252479,9.992620771618796,0.010313695583564127,0.019525862679056816,0.0005517004247447986,0.00935567238963923,0.05349202138794815,,,,,,,,,,,,,,,,,,,10.140000343322754,9.325419914116438,-0.023668709730421456,0.06161435192254028,49.92102627895003,0.13094066546930896,0.013226330355025614,0.22676771580024374,0.14482456460493312,0.0,6331.65,62664.33991715669,0.23200056526922871,0.23076923076923078,,,,,,,,0.2147766323024055,0.37328767123287676,0.5008532423208191,0.2422680412371134,2.42,,,34.02,
USIG,Global X USD Corporate Bond ETF (Currency Hedged),Unknown,,Spotlight ETP List,AUD,2026-08-14,9.140000343322754,,,,,,,,,,,,,,,,,,,,3.1041088807445494,,,,,,,,-0.6603819732881889,0,0.25,,,,0.05,,0.04,0.06,,,0.02,5,0.3,,,,,,,,,,,,,,,,,,,,,,,0.332663,2026-07-02,,,,,,-0.004357294174649917,-0.011644341144524617,-0.01968809789632553,0.012315966869415274,9.14350004196167,9.228778896331788,9.241654086112977,-0.0003827526245807622,-0.0096197507824487,-0.010999518251064377,-0.010999518251064377,,,-0.02386363719954332,-0.03195248956570856,0.008088852366165238,21.677017650995992,73.33346048942379,82.2223069929492,0.472090931350327,0.013714274359537416,9.036316537857056,,9.146052611734016,9.251744778754606,0.011343960784579653,,0.0006621737619170993,0.012225867749938031,0.05837235992716242,,,,,,,,,,,,,,,,,,,9.59000015258789,9.01016616821289,-0.046923858405122476,0.014409742582540463,43.72120147400037,0.02437078139129829,0.002666387360598122,0.03586277030060262,0.10508970168996434,0.0,19.1,174.6408508014679,0.021260311408258865,0.23076923076923078,,,,,,,,0.9175257731958762,0.9160958904109588,0.5008532423208191,0.012027491408934709,0.12,,,79.22,
USTB,Global X US Treasury Bond ETF (Currency Hedged),Unknown,,Spotlight ETP List,AUD,2026-08-14,8.779999732971191,,,,,,,,,,,,,,,,,,,,2.981846183841904,,,,,,,,-0.6603819732881889,0,0.25,,,,0.05,,0.04,0.06,,,0.02,5,0.3,,,,,,,,,,,,,,,,,,,,,,,0.395885,2026-07-02,,,,,,-0.003409060491018745,0.00928982241856291,-0.01585450333197458,0.014376417433661803,8.763000106811523,8.785021228790283,8.800171813964845,0.0007988532314073815,-0.0017098161330999506,-0.003428496265640457,-0.003428496265640457,,,-0.0029340975314351425,-0.005535894096086621,0.0026017965646514783,24.435004022155233,62.500298023508094,66.66666666666667,0.5896599927533768,0.008909807003940466,8.75064087068862,,8.834666543979289,8.920774459838867,0.002207478456618919,,0.007373555626028604,0.01719201758327414,3.3402616473649758,,,,,,,,,,,,,,,,,,,9.220000267028809,8.608359869481431,-0.04880691933105019,0.018777164376607036,49.718764478278665,0.034223235296551434,0.0039023071277328385,0.04609444950064334,0.043002689579386646,0.0,271027.25,2375011.8206988336,0.10772883843769647,0.23076923076923078,,,,,,,,0.8797250859106529,0.8424657534246576,0.5008532423208191,0.8350515463917526,8.35,,,75.67,
UTIP,Betashares Inflation-Protected U.S. Treasury Bond Currency Hedged ETF,Unknown,,Spotlight ETP List,AUD,2026-08-14,25.459999084472656,,,,,,,,,,,,,,,,,,,,8.64667464915312,,,,,,,,-0.6603819732881889,0,0.25,,,,0.05,,0.04,0.06,,,0.02,5,0.3,,,,,,,,,,,,,,,,,,,,,,,0.252968,2026-07-01,,,,,,-0.0027365009786159966,-0.0003556975056927536,-0.00590787681231375,0.015245010286742078,25.488499927520753,25.545013427734375,25.505180168151856,0.0008435294906417035,-0.0013706471108966278,0.00018898359855534785,0.00018898359855534785,,,-0.015214009095576131,-0.019798285649740337,0.004584276554164206,7.627686193268904,56.52184729697231,44.92745210235484,0.6006356176937916,0.008382017321226874,25.38672313733585,,25.652456706563846,25.83360134745248,0.004832500605249512,,0.0055843385497395875,0.01268526521627661,1.1555794827368173,,,,,,,,,,,,,,,,,,,25.858170818749386,24.98164172524902,-0.013464625642239825,0.021149871151134203,50.140387461418705,0.0954395185135057,0.003741259022234397,0.04964689215078321,0.041819838094298394,0.0,5880.15,149876.20284881114,0.031160900026143402,0.23076923076923078,,,,,,,,0.8676975945017182,0.8476027397260274,0.5008532423208191,0.35051546391752575,3.51,,,75.26,
UWC,Underwood Capital Limited,Unknown,,Spotlight LIC List,AUD,2026-08-14,0.05000000074505806,10990663.0,203530807.0,26627000.0,0.0,-26627000.0,21708000.0,,,,22388388.77,0.11,,,3.1738207032041683,0.12148470897731009,,2.539056562563335,,0.5766608972443997,0.016980901588625707,Undervalued,62.476413118211106,1.4296941433409378,,49.78113049456889,,10.533217773029657,-0.6603819732881887,3,0.25,2.3803655274031263,3125875.0,3.885,0.25,-0.101,0.04,0.06,0.03394,0.03394,0.02,5,0.3,0.2844118685105712,,,0.4909091,,,0.09706,0.14189,1.0,0.79530996,0.5432,,19.173,19.173,0.28603,0.20287001,,,,0.0,,,,,,,-0.1,,-15532613.0,0.03773585568759397,0.1702127996857441,0.0,0.09999997764825852,0.05365000050514936,0.05330000020563602,0.05526500010862947,0.0251630789210866,0.03189492476138844,-0.004795085608102823,-0.004795085608102823,,,6.000056234570922e-05,9.559327142458314e-05,-3.5592709078873926e-05,12.653876506655148,100.0,66.66666666666667,0.7730755657686428,0.09214694419934123,0.05400000140070915,0.05299999937415123,0.0560000017285347,0.05900000035762787,0.018181787394294886,0.03636364252114102,0.018181855126846135,0.07272728504228204,1.0000037252966267,,,,,,,,,,,,,,,,,,,0.07599999755620956,0.039000000804662704,-0.2763157701248766,0.41025637351784794,54.390776856272446,0.0015286530308514412,0.027793691620629214,0.5851483449346939,0.655526245608342,0.0,138721.85,7442.427322575254,0.34967316740718934,1.0,1.0,0.9081632653061225,1.0,0.9393939393939394,0.8673469387755102,0.5984848484848485,,0.015463917525773141,0.05993150684931503,0.5008532423208191,0.070446735395189,0.7,96.64,,17.22,
UYLD,Global X S&P 500 Covered Call ETF,Unknown,,Spotlight ETP List,AUD,2026-08-14,10.489999771118164,,,,,,,,,,,,,,,,,,,,3.562593022474501,,,,,,,,-0.6603819732881889,0,0.25,,,,0.05,,0.04,0.06,,,0.02,5,0.3,,,,,,,,,,,,,,,,,,,,,,,0.084782,2026-08-04,,,,,,0.0033688270280436416,0.07396508313374373,0.08164253009881572,0.07678357397566637,10.412499141693115,10.353383197784424,10.031377773284913,0.006482632039116476,0.012229465676398377,0.04472184968909887,0.04472184968909887,,,0.03329231544153721,0.03545459062733724,-0.0021622751858000264,10.01865684811244,62.06755169021096,54.736297434296404,0.7762563158708566,0.02346600481759502,10.407502247552543,10.33786844888363,10.550000190734863,10.657798437677217,0.006917681092600027,0.013562127820701177,0.006679451484365019,0.01696554419915062,0.9655622158572984,,,,,,,,,,,,,,,,,,,10.831657920929292,9.50622844696045,-0.03246579436500463,0.10243506146617332,54.633685572233524,0.10579903618205513,0.010095328320928406,0.08028896436996226,0.13824122977472528,0.0,4708.1,49023.08720900536,0.1537994340586505,0.23076923076923078,,,,,,,,0.79553264604811,0.5017123287671232,0.5008532423208191,0.211340206185567,2.11,,,63.37,
V1AC,Vinva Global Alpha Fund - Active ETF,Unknown,,Spotlight ETP List,AUD,2026-08-14,2.819999933242798,,,,,,,,,,,,,,,,,,,,0.9577228126553576,,,,,,,,-0.660381973288189,0,0.25,,,,0.05,,0.04,0.06,,,0.02,5,0.3,,,,,,,,,,,,,,,,,,,,,,,0.05,2026-07-01,,,,,,,,,,,,,,,,,,,0.023147568646875616,0.013539757986148846,0.00960781066072677,64.36562682011024,100.0,91.88034188034187,,,2.700000047683716,,,,0.049295729125592276,,,,,,,,,,,,,,,,,,,,,,,2.8399999141693115,2.700000047683716,0.0,0.051851801486336724,59.44670154727473,0.020116250613096888,0.0070831870496660945,,,0.0,,,,0.07692307692307693,,,,,,,,,0.7003424657534247,0.5008532423208191,,,,,,
V500,Vanguard S&P 500 US Shares Index ETF,Unknown,,Spotlight ETP List,AUD,2026-08-14,56.689998626708984,,,,,,,,,,,,,,,,,,,,19.252945467898183,,,,,,,,-0.6603819732881889,0,0.25,,,,0.05,,0.04,0.06,,,0.02,5,0.3,,,,,,,,,,,,,,,,,,,,,,,0.116783,2026-07-01,,,,,,0.021891283522773364,0.07353457122511053,,,55.63449974060059,55.33690826416016,,0.023645418372996385,0.029150390749676847,,,,,0.45696871557882446,0.32802554352372587,0.1289431720550986,29.166171632664714,98.87222627752928,92.6628448778497,0.8741631946659567,0.0631954684749431,56.13999938964844,55.491920992182635,56.954999923706055,,0.014223026557325857,0.02560280511366862,8.778157505934215e-05,,0.0061717929517700635,,,,,,,,,,,,,,,,,,,57.099998474121094,47.36479452359722,-0.002626930213485479,0.20236984738879982,65.65711906710803,0.4150296736858822,0.007287614892464852,0.10253000195223251,0.09329833769685954,0.0,21471.45,1194553.3794553184,0.417206393516274,0.23076923076923078,,,,,,,,0.6907216494845361,0.6849315068493151,0.5008532423208191,0.7268041237113402,7.27,,,63.23,
V5AH,Vanguard S&P 500 US Shares Index (Hedged) ETF,Unknown,,Spotlight ETP List,AUD,2026-08-14,56.709999084472656,,,,,,,,,,,,,,,,,,,,19.25973798389722,,,,,,,,-0.6603819732881888,0,0.25,,,,0.05,,0.04,0.06,,,0.02,5,0.3,,,,,,,,,,,,,,,,,,,,,,,0.220378,2026-07-01,,,,,,0.031075000327367874,0.06271081165630932,,,55.3954999923706,54.87081901550293,,0.03022808175184344,0.04007923917993539,,,,,0.6187947635057895,0.4412781090936372,0.17751665441215236,20.714627068647708,99.71258256948114,96.5287100592501,0.8752446645706433,0.08055566036210124,56.7599983215332,55.41692137667269,57.66621900980762,,0.005431949797594448,0.02896580212004889,0.010447158194701602,,1.923279592776824,,,,,,,,,,,,,,,,,,,57.66621900980762,46.18277035858532,-0.010339143526680639,0.2357422313929025,67.03296992473423,0.43085229538506836,0.007549540874172164,0.1344509633352476,0.12350797985099417,0.0,2733.05,151398.67125414847,0.7122846399660501,0.23076923076923078,,,,,,,,0.5051546391752577,0.6626712328767124,0.5008532423208191,0.35223367697594504,3.52,,,54.32,
VACF,Vanguard Australian Corporate Fixed Interest Index ETF,Unknown,,Spotlight ETP List,AUD,2026-08-14,51.13999938964844,,,,,,,,,,,,,,,,,,,,17.368065678755624,,,,,,,,-0.6603819732881889,0,0.25,,,,0.05,,0.04,0.06,,,0.02,5,0.3,,,,,,,,,,,,,,,,,,,,,,,0.609156,2026-07-01,,,,,,0.0023501552811853177,0.021290197249811404,0.016104498917288712,0.01879672527806986,50.997500038146974,50.96929191589356,50.366126499176026,0.0035786120278895606,0.004134026221708664,0.01615915025772474,0.01615915025772474,,,0.055966830827863134,0.045822822408007585,0.010144008419855549,17.81994450022554,94.73673643527582,84.17736528170241,0.8623003711616101,0.009877472707013,51.09228987587375,50.60135775552512,,,0.0017137637510556646,0.011306028647915854,,,,,,,,,,,,,,,,,,,,,,51.20000076293945,49.51744303442592,-0.000390633934875817,0.03357518419507244,59.64456986306105,0.11276394381825397,0.002203281421372916,0.026691216070173968,0.025958017811221985,0.0,13270.0,676736.8255062103,0.07090641371033025,0.23076923076923078,,,,,,,,0.936426116838488,0.928082191780822,0.5008532423208191,0.6305841924398625,6.31,,,80.37,
VAE,Vanguard FTSE Asia Ex-Japan Shares Index ETF,Unknown,,Spotlight ETP List,AUD,2026-08-14,111.0,,,,,,,,,,,,,,,,,,,,37.697600965011034,,,,,,,,-0.6603819732881889,0,0.25,,,,0.05,,0.04,0.06,,,0.02,5,0.3,,,,,,,,,,,,,,,,,,,,,,,0.528959,2026-07-02,,,,,,0.024150571318338976,0.058667818046959086,0.1257214482307254,0.27118303607531424,107.71700019836426,110.44082702636719,101.5246418762207,0.035398299004900435,0.009862039086955265,0.09855101892676221,0.09855101892676221,,,0.13903907051279418,-0.5325638515612093,0.6716029220740035,15.32567669489886,95.55344149221433,94.55359507013726,0.9124991920879274,0.08581422626727225,111.43333234772655,110.2599983215332,116.22975461296244,118.51805177503947,0.0008667303203474165,0.011387074972329507,0.04213893916528914,0.06265626353651295,48.61828203771427,,,,,,,,,,,,,,,,,,,118.51805177503947,87.34500417847747,-0.05896192935238842,0.276890416667686,56.93540832619656,2.4644128577439557,0.022096412487376628,0.30661245644448853,0.2918944299175233,0.0,13054.45,1406186.1932395364,0.8208458975653105,0.23076923076923078,,,,,,,,0.10996563573883167,0.11472602739726023,0.5008532423208191,0.7542955326460481,7.54,,,22.84,
VAF,Vanguard Australian Fixed Interest Index ETF,Unknown,,Spotlight ETP List,AUD,2026-08-14,45.439998626708984,,,,,,,,,,,,,,,,,,,,15.432242667390312,,,,,,,,-0.6603819732881889,0,0.25,,,,0.05,,0.04,0.06,,,0.02,5,0.3,,,,,,,,,,,,,,,,,,,,,,,0.53405,2026-07-01,,,,,,0.0024250575148021536,0.02160362541648375,0.01234464307037908,0.0075932422198368155,45.320000076293944,45.35198684692383,44.873388576507566,0.0033098222452925263,0.0026021875111585935,0.013295466714717818,0.013295466714717818,,,0.03144146109471535,0.021080186154028676,0.010361274940686675,13.505039353808058,85.36644367736953,76.49556822155631,0.806188670652882,0.010809747592016172,45.11838860475279,44.552129084504735,45.551751686373365,,0.007732848174858704,0.020186323104395925,0.0017978989108321723,,0.23250151434209734,,,,,,,,,,,,,,,,,,,45.71613942090687,43.854998689167665,-0.005384054806937155,0.03682596237163649,55.824874521324055,0.1242858531437234,0.002733359353576052,0.04045741925585785,0.030345276786963027,0.0,131749.95,5970907.744051724,0.10086036521766961,0.23076923076923078,,,,,,,,0.8969072164948454,0.904109589041096,0.5008532423208191,0.9329896907216495,9.33,,,77.99,
VAP,Vanguard Australian Property Securities Index ETF,Unknown,,Spotlight ETP List,AUD,2026-08-14,93.0,,,,,,,,,,,,,,,,,,,,31.584476484198426,,,,,,,,-0.6603819732881889,0,0.25,,,,0.05,,0.04,0.06,,,0.02,5,0.3,,,,,,,,,,,,,,,,,,,,,,,1.470202,2026-07-01,,,,,,0.020554764661965708,0.04647491939734727,-0.02339227619367501,-0.08785066265249086,92.71700019836426,92.63083953857422,92.31000064849853,-0.0039583002411421875,-0.0030318311466471792,0.000433298942060123,0.000433298942060123,,,0.34649232631915083,0.4139608735413906,-0.06746854722223977,10.813279557351105,28.971920968006447,42.25900138693583,0.42384875704712077,0.05197945677119826,91.98867604460455,91.20896002637542,92.64356782058634,94.47704588280702,0.003912533140082294,0.012355587077409868,0.0031788776536635596,0.023032457431842623,0.8124858090267056,,,,,,,,,,,,,,,,,,,105.26015038715896,80.26172875770648,-0.12264994744500024,0.15061063228411875,48.2012353836131,1.4082360884341791,0.015248902129963804,0.160658158274984,0.1563798752953088,0.0,39274.7,3641432.3676906964,0.9041518245748106,0.23076923076923078,,,,,,,,0.3883161512027491,0.285958904109589,0.5008532423208191,0.8797250859106529,8.8,,,39.65,
VAS,Vanguard Australian Shares Index ETF,Unknown,,Spotlight ETP List,AUD,2026-08-14,113.91999816894531,,,,,,,,,,,,,,,,,,,,38.689284981150344,,,,,,,,-0.6603819732881889,0,0.25,,,,0.05,,0.04,0.06,,,0.02,5,0.3,,,,,,,,,,,,,,,,,,,,,,,0.488299,2026-07-01,,,,,,0.03187212660976746,0.0721428936501316,0.035419671528279295,0.05093795369247256,111.89849967956543,110.09555404663087,108.06620937347412,0.00975435941795233,0.026290287943078194,0.0455627019661522,0.0455627019661522,,,1.303472206660345,1.2292425832601308,0.07422962340021422,22.206935572673686,60.87747903308818,74.82648663901648,0.6247863134038257,0.07816850383571973,112.63408114673263,111.13131396736777,115.12999725341797,,0.003149984279723847,0.01644998611861863,0.0189397241358355,,6.012640843241258,,,,,,,,,,,,,,,,,,,115.12999725341797,101.92555514094144,-0.018587678630252902,0.10855415707599847,58.1050845713331,1.0215558205075983,0.00904111726543507,0.10438705481700157,0.11656219117730715,0.0,351503.15,39332675.11764124,0.9797302639246456,0.23076923076923078,,,,,,,,0.6752577319587629,0.5599315068493151,0.5008532423208191,0.9948453608247423,9.95,,,59.41,
VBAL,VanEck Core+ Diversified Balanced Active ETF,Unknown,,Spotlight ETP List,AUD,2026-08-14,20.31999969482422,,,,,,,,,,,,,,,,,,,,6.901038199140803,,,,,,,,-0.660381973288189,0,0.25,,,,0.05,,0.04,0.06,,,0.02,5,0.3,,,,,,,,,,,,,,,,,,,,,,,0.64,2026-07-01,,,,,,0.0019723376146161264,0.07292839635679793,,,20.288500118255616,20.070261077880858,,0.0015525828121842888,0.012443217154688435,,,,,0.06866718394855553,0.08882635495936982,-0.020159171010814284,32.50326237186925,76.47006024975036,76.47006024975036,0.6222022432423773,0.012705027100892823,20.155000686645508,19.897512435913086,20.33842116908023,,0.008120030052005288,0.020791696124815694,0.000906568628576528,,0.11164596962946532,,,,,,,,,,,,,,,,,,,20.360000610351562,18.735523223876953,-0.001964681450304373,0.08457070838181746,61.20598101568974,0.031993290157703025,0.0015744729644780533,0.05577104405865276,0.08432555115957124,0.0,2206.25,44761.50338590145,0.05449678126113097,0.23076923076923078,,,,,,,,0.859106529209622,0.940068493150685,0.5008532423208191,0.19759450171821305,1.98,,,77.19,
VBLD,Vanguard Global Infrastructure Index ETF,Unknown,,Spotlight ETP List,AUD,2026-08-14,75.47000122070312,,,,,,,,,,,,,,,,,,,,25.63097289051317,,,,,,,,-0.6603819732881889,0,0.25,,,,0.05,,0.04,0.06,,,0.02,5,0.3,,,,,,,,,,,,,,,,,,,,,,,0.475403,2026-07-01,,,,,,-0.02110028807013553,0.027956337758956673,0.003436826546053151,0.04808118631742553,76.39000053405762,76.43574691772461,74.1219176864624,-0.010079824349946143,-0.010672286253978092,0.020211094192902124,0.020211094192902124,,,-0.4937435568309638,-0.33297359388289227,-0.16076996294807155,15.07889391373088,31.18556548994315,22.359063339926262,0.3463201950582159,0.06558977839517986,74.91970040217095,74.25491781920975,75.8001154861015,76.59500122070312,0.009260808238237446,0.018051902642042428,0.0023818134485271963,0.012893393794080006,0.2571928267224884,,,,,,,,,,,,,,,,,,,78.83999633789062,69.04963832755992,-0.040842132684892785,0.09515421916988775,45.36718805540811,0.6940433590983309,0.009178039326766637,0.10764025103108396,0.1281030281503251,0.0,51844.4,3960393.743687897,-0.009040812122870171,0.23076923076923078,,,,,,,,0.6563573883161512,0.5513698630136986,0.5008532423208191,0.8934707903780069,8.93,,,58.35,
VBND,Vanguard Global Aggregate Bond Index (Hedged) ETF,Unknown,,Spotlight ETP List,AUD,2026-08-14,39.33000183105469,,,,,,,,,,,,,,,,,,,,13.35717761243471,,,,,,,,-0.6603819732881889,0,0.25,,,,0.05,,0.04,0.06,,,0.02,5,0.3,,,,,,,,,,,,,,,,,,,,,,,1.579539,2026-07-01,,,,,,0.0012715981039828073,0.013576707024673729,-0.006720792697826772,0.017339087794435493,39.25550022125244,39.35637763977051,39.26807577133179,0.00291675586827278,0.0003461012656940099,0.0025955730845204084,0.0025955730845204084,,,-0.0023589571356836814,-0.017883454644661508,0.015524497508977827,13.83406484260265,75.67556421597435,59.49037862176906,0.8295470554225203,0.008850802397652265,39.108312958685794,38.71867981450037,39.45536209010531,39.81407349531882,0.006646837193257813,0.01654353911747022,0.0021682286140833934,0.011279516776273328,0.3262045618151631,,,,,,,,,,,,,,,,,,,39.98830036576192,38.534279644594186,-0.015462058357612718,0.02168768418661271,53.485977240926225,0.1278539260519825,0.0032474963048179525,0.04336094191849771,0.03622463669068177,0.0,231722.65,9096388.5383442,0.10537630541059939,0.23076923076923078,,,,,,,,0.8865979381443299,0.8767123287671232,0.5008532423208191,0.9570446735395189,9.57,,,76.84,
VBTC,VanEck Bitcoin ETF,Unknown,,Spotlight ETP List,AUD,2026-08-14,18.309999465942383,,,,,,,,,,,,,,,,,,,,6.218405887717666,,,,,,,,-0.660381973288189,0,0.25,,,,0.05,,0.04,0.06,,,0.02,5,0.3,,,,,,,,,,,,,,,,,,,,,,,,,,,,,,-0.032051201716287836,-0.1653615106693801,-0.0759816279827975,-0.5085235103347634,18.53924970626831,18.315099906921386,22.487898483276368,-0.022614122668252357,-0.010652361640367536,-0.1942332515993549,-0.1942332515993549,,,-0.08318082692562712,-0.05575749169707134,-0.02742333522855578,17.198327479899145,17.241538066914988,25.996029644378627,0.1308391519178751,0.061258182674944775,17.96999979019165,17.600000381469727,18.1899995803833,18.78999964396159,0.008278203206092904,0.02869759567768715,0.0038630650059541484,0.0369756497625271,0.46665501072876103,,,,,,,,,,,,,,,,,,,38.45349884033203,16.899999618530273,-0.5287814793012229,0.07218942297285236,43.61218823432394,0.3456289587341265,0.01907444496281541,0.22587455834337297,0.31465685718393294,0.0,30426.35,564081.7003003168,0.9997655977431482,0.23076923076923078,,,,,,,,0.218213058419244,0.1763698630136986,0.5008532423208191,0.5910652920962199,5.91,,,29.25,
VCF,Vanguard International Credit Securities Index (Hedged) ETF,Unknown,,Spotlight ETP List,AUD,2026-08-14,36.47999954223633,,,,,,,,,,,,,,,,,,,,12.389265458982072,,,,,,,,-0.6603819732881889,0,0.25,,,,0.05,,0.04,0.06,,,0.02,5,0.3,,,,,,,,,,,,,,,,,,,,,,,1.484426,2026-07-01,,,,,,0.0,0.01233334913731432,-0.004742583587489468,0.023771980605598264,36.42250022888184,36.51243522644043,36.31322275161743,0.0018532898389944652,-0.000614408429197022,0.004868169593718941,0.004868169593718941,,,-0.002820054693629004,-0.014927857211538288,0.012107802517909284,12.484957028612643,70.27105048817955,65.7662580461133,0.7077416220420549,0.008921129144833895,36.354146768650644,35.97972958339359,36.70344392032502,,0.003723072172296525,0.013983887958391705,0.00584933494218444,,1.571104365289905,,,,,,,,,,,,,,,,,,,36.84844917367764,35.44251807197614,-0.009727614139780405,0.029554435279215863,51.578238088011425,0.12363510525621305,0.003388191273478939,0.04093654921798083,0.03469764730379192,0.0,10335.3,376437.46661556244,0.12459455615070102,0.23076923076923078,,,,,,,,0.8951890034364262,0.8647260273972602,0.5008532423208191,0.506872852233677,5.07,,,76.93,
VCX,Vicinity Centres,Real Estate,,Spotlight A-REITS  List,AUD,2026-08-14,2.6700000762939453,12575311872.0,4640336267.0,55700000.0,4868800000.0,4813100000.0,,5214600000.0,,,11846778489.651,2.553,,,0.8682705496691033,2.6209069175352138,,0.6946164397352828,2.081887578070784,0.46217285590010665,0.9067801572313348,Overvalued,-0.6748050468694017,-0.01838695032056875,,-0.7398440374955214,-0.22026684697308402,-0.8269015570435417,-0.6603819732881889,0,0.25,0.6512029122518275,607075008.0,0.012,0.012,0.794,0.04,0.06,0.08764,0.08764,0.02,5,0.3,0.0482751453148215,,,1.0614963,20.211,5.630015417195571,0.031889997,0.116569996,0.72536004,0.62759995,0.94928,41.454,0.5,0.152,0.15755999,0.71692,,0.12,0.0458,0.41799998,0.0558,2026-02-23,0.062,2026-02-22,0.04494381894047143,-0.018693909596693606,0.1732469917073672,,17278289920.0,0.01717560238913629,0.061752976883941324,0.06280581831375698,0.10522826475478286,2.6737500548362734,2.623099994659424,2.5014235126972197,-0.00327259197897678,0.01597345403488659,0.06539334435991906,0.06539334435991906,,,0.018753495650228658,0.02409106792414429,-0.005337572273915632,13.445836250953256,53.57142248932652,55.952427581830015,0.4248441196903989,0.04354405757068555,2.6633334159851074,2.640000104904175,2.690000057220459,2.7274999618530273,0.000625345550384601,0.009380809495948226,0.00938089895883097,0.02345215793419468,15.001144492131614,,,,,,,,,,,,,,,,,,,2.7300000190734863,2.2200000286102295,-0.023809544603050514,0.20045041779633577,50.96951989890819,0.05035277975129845,0.01889410149045074,0.15448642242550018,0.1941488022222873,0.0,7098698.2,18980144.701516155,0.5798657558469369,1.0,0.3854166666666667,0.5306122448979592,0.3854166666666667,0.19191919191919193,0.7959183673469388,0.946969696969697,0.5,0.41752577319587625,0.1797945205479452,0.5008532423208191,0.9810996563573883,9.81,40.96,79.68,38.31,61.73
VDAL,Vanguard Diversified All Growth Index ETF,Unknown,,Spotlight ETP List,AUD,2026-08-14,59.47999954223633,,,,,,,,,,,,,,,,,,,,20.20048007335373,,,,,,,,-0.6603819732881889,0,0.25,,,,0.05,,0.04,0.06,,,0.02,5,0.3,,,,,,,,,,,,,,,,,,,,,,,0.580594,2026-07-01,,,,,,0.029095885722931092,0.08043037161123845,0.09024383193445296,0.12158523988088143,58.26600017547607,57.744125595092775,55.32462795257568,0.01980568410383099,0.029022390703496104,0.07402436072195884,0.07402436072195884,,,0.573349117823831,0.4513655405376802,0.12198357728615083,21.94853953507303,89.31287373492502,89.32628477518632,0.7952826855856671,0.06707363848492559,58.033342658423464,57.41116434840256,59.70000076293945,,0.023336512171866008,0.033807369277110345,0.004712261908827834,,0.2019265721511218,,,,,,,,,,,,,,,,,,,59.70000076293945,51.03552569001381,-0.004690160643481267,0.1642869817753656,66.78036916448076,0.4539404575278747,0.007639523250021198,0.0932641561984389,0.09239862949222354,0.0,35483.95,2067507.8369265841,0.7676350597423641,0.23076923076923078,,,,,,,,0.7508591065292096,0.6558219178082192,0.5008532423208191,0.8144329896907216,8.14,,,65.21,
VDBA,Vanguard Diversified Balanced Index ETF,Unknown,,Spotlight ETP List,AUD,2026-08-14,60.709999084472656,,,,,,,,,,,,,,,,,,,,20.61821009074446,,,,,,,,-0.660381973288189,0,0.25,,,,0.05,,0.04,0.06,,,0.02,5,0.3,,,,,,,,,,,,,,,,,,,,,,,1.482512,2026-07-01,,,,,,0.01336227244584931,0.04641270369296224,0.042042105003838204,0.06632001140320432,60.01849994659424,59.81841651916504,58.39532590866089,0.010854956770508961,0.014236111541124474,0.03895298510436196,0.03895298510436196,,,0.29376247500177755,0.2236562677423432,0.07010620725943434,17.495380140527892,89.47344645245809,90.80377726542845,0.7947491479009599,0.03682777998787076,60.2682631751982,59.69942748686431,60.790000915527344,,0.0066216417648211736,0.01599753933366364,0.0019779586320056316,,0.29871121124581845,,,,,,,,,,,,,,,,,,,60.83000183105469,55.70454594433998,-0.002630341234474365,0.08913908443965801,64.08030330772203,0.29174928417516705,0.004808790060661359,0.06572809566825381,0.05999254538962948,0.0,22004.55,1320680.0829998301,0.4349057737867337,0.23076923076923078,,,,,,,,0.8384879725085911,0.797945205479452,0.5008532423208191,0.7439862542955327,7.44,,,72.71,
VDCO,Vanguard Diversified Conservative Index ETF,Unknown,,Spotlight ETP List,AUD,2026-08-14,55.310001373291016,,,,,,,,,,,,,,,,,,,,18.784273523824655,,,,,,,,-0.660381973288189,0,0.25,,,,0.05,,0.04,0.06,,,0.02,5,0.3,,,,,,,,,,,,,,,,,,,,,,,1.375599,2026-07-01,,,,,,0.007105108289033657,0.033168828007746454,0.027722505590435986,0.04733153175954974,54.903500175476076,54.825294189453125,53.89983640670776,0.006857460865290488,0.008293700865014575,0.02560605865618837,0.02560605865618837,,,0.15812456210180414,0.11961963216766089,0.038504929934143256,15.873767200881499,79.41148971341164,77.65028136304657,0.784025284011645,0.02414383947947882,55.123420444770346,54.69296182025815,55.4900016784668,,0.002832459080754712,0.010619337409583672,0.0037988947866722978,,1.3412002356835737,,,,,,,,,,,,,,,,,,,55.4900016784668,52.116895555252206,-0.0037845178017252845,0.06069247199674965,58.69118240969862,0.22743695134120354,0.004114272003681408,0.04982760595255545,0.048666666708959146,0.0,6423.4,352667.143027153,0.29531485270732044,0.23076923076923078,,,,,,,,0.865979381443299,0.8304794520547945,0.5008532423208191,0.4896907216494845,4.9,,,74.76,
VDGR,Vanguard Diversified Growth Index ETF,Unknown,,Spotlight ETP List,AUD,2026-08-14,69.30999755859375,,,,,,,,,,,,,,,,,,,,23.538924602250052,,,,,,,,-0.6603819732881889,0,0.25,,,,0.05,,0.04,0.06,,,0.02,5,0.3,,,,,,,,,,,,,,,,,,,,,,,1.335087,2026-07-01,,,,,,0.02092849227530813,0.057316185431457,0.06128588566312798,0.0884962139108878,68.24850044250488,67.86852935791016,65.75788436889648,0.014967306152346538,0.020649737049192485,0.05340975166517303,0.05340975166517303,,,0.46861363549943746,0.36123815088962696,0.1073754846098105,18.67195995883001,96.17215448638387,94.65263410778611,0.8096062253375453,0.04834304005363128,68.22478530795254,67.38884918405087,69.3499984741211,,0.015088947390882871,0.027156742459635022,0.00115492760115061,,0.0765412968334986,,,,,,,,,,,,,,,,,,,69.3499984741211,61.8931851943378,-0.00115359528211878,0.11918616606280996,65.94223920584042,0.38053370271500236,0.00549348521952169,0.07142981009498077,0.07426740753056028,0.0,30863.0,2106353.469157028,0.5486484978096831,0.23076923076923078,,,,,,,,0.8247422680412371,0.7756849315068493,0.5008532423208191,0.8178694158075601,8.18,,,71.53,
VDHG,Vanguard Diversified High Growth Index ETF,Unknown,,Spotlight ETP List,AUD,2026-08-14,78.08000183105469,,,,,,,,,,,,,,,,,,,,26.517376147517393,,,,,,,,-0.6603819732881888,0,0.25,,,,0.05,,0.04,0.06,,,0.02,5,0.3,,,,,,,,,,,,,,,,,,,,,,,1.215619,2026-07-01,,,,,,0.02671051025390625,0.07043228201380791,0.080460008113316,0.11079279334268155,76.6439998626709,76.04919311523437,73.15683242797851,0.018083593224641037,0.02604637318190961,0.06661259365098804,0.06661259365098804,,,0.6719027022480617,0.5304312433637848,0.14147145888427692,19.680255432099635,92.6666259765625,91.35899992070647,0.79921369087663,0.060437051431904906,76.81999969482422,76.26348536760698,78.25,,0.015506844846878256,0.022638900926890644,0.002819444113095338,,0.18181932823445587,,,,,,,,,,,,,,,,,,,78.25,68.00604521448417,-0.0028115171974840703,0.1473979781238295,68.15618326724987,0.4455891165830513,0.005710484730922181,0.078694590236474,0.08299059275343727,0.0,70305.15,5388467.906945056,0.6895815475185746,0.23076923076923078,,,,,,,,0.8058419243986255,0.7671232876712328,0.5008532423208191,0.929553264604811,9.3,,,70.47,
VDIF,Vanguard Diversified Income ETF,Unknown,,Spotlight ETP List,AUD,2026-08-14,54.040000915527344,,,,,,,,,,,,,,,,,,,,18.352958474435862,,,,,,,,-0.6603819732881888,0,0.25,,,,0.05,,0.04,0.06,,,0.02,5,0.3,,,,,,,,,,,,,,,,,,,,,,,1.300509,2026-07-01,,,,,,0.014280313868868522,0.0439513523714361,0.0412701250985581,0.09477255351534075,53.76299991607666,53.31176345825195,51.729838581085204,0.004036226149924715,0.012534495965560444,0.04349831785428937,0.04349831785428937,,,0.24497006984905312,0.2573026586820382,-0.012332588832985103,26.086871697941746,63.440855804490674,68.99229593018102,0.6477253852590927,0.027322495337180303,53.67728830604984,53.080325175249094,54.18499946594238,,0.005607840658643112,0.01666680945936818,0.003797701471739616,,0.6772127995267465,,,,,,,,,,,,,,,,,,,54.31999969482422,48.91910383827816,-0.006259207557033353,0.10345438298888299,58.62019459333017,0.24359413363271512,0.004512673873628257,0.053978231758199054,0.059116436303199925,0.0,4101.7,220519.6967557716,0.44362883659744606,0.23076923076923078,,,,,,,,0.8608247422680413,0.8082191780821918,0.5008532423208191,0.4106529209621993,4.11,,,73.97,
VEFI,Vanguard Ethically Conscious Global Aggregate Bond Index (Hedged) ETF,Unknown,,Spotlight ETP List,AUD,2026-08-14,42.36000061035156,,,,,,,,,,,,,,,,,,,,14.386219818798711,,,,,,,,-0.6603819732881889,0,0.25,,,,0.05,,0.04,0.06,,,0.02,5,0.3,,,,,,,,,,,,,,,,,,,,,,,0.314421,2026-07-01,,,,,,0.0002356771101348354,0.012122536171651044,-0.008675151297571237,0.015630357710836762,42.32849979400635,42.43622657775879,42.38240356445313,0.002870429368496241,0.000324585532019972,0.0015949354638069568,0.0015949354638069568,,,-0.0057404434553376404,-0.02087315066347434,0.015132707208136701,12.103804601943043,77.1433242506812,60.357426203483904,0.8447544766643573,0.008326010429999047,42.148544072566345,41.53090664244021,42.5269768357919,42.86268974683274,0.007101453120262172,0.021651215641476537,0.0018133350169371304,0.009721766230298485,0.25534703760322586,,,,,,,,,,,,,,,,,,,43.44351656938296,41.45893901828912,-0.02286913870926577,0.02390465767136818,53.56938409735424,0.12464205787195612,0.0029362086132345517,0.03633405134109269,0.03613769039171399,0.0,5843.25,247336.0064213276,0.13209938679318534,0.23076923076923078,,,,,,,,0.9140893470790378,0.8938356164383562,0.5008532423208191,0.42783505154639173,4.28,,,78.51,
VEQ,Vanguard FTSE Europe Shares ETF,Unknown,,Spotlight ETP List,AUD,2026-08-14,92.87999725341797,,,,,,,,,,,,,,,,,,,,31.54372138820424,,,,,,,,-0.6603819732881889,0,0.25,,,,0.05,,0.04,0.06,,,0.02,5,0.3,,,,,,,,,,,,,,,,,,,,,,,0.976289,2026-07-01,,,,,,0.027750162751987162,0.10969567836779515,0.061290930890178785,0.1050884237403058,91.34049949645996,90.37297470092773,87.16606002807617,0.017730356161184124,0.028626084203891677,0.06647012672742414,0.06647012672742414,,,0.8141704402933101,0.7098052969015071,0.10436514339180303,16.217101678131744,94.29422411620502,90.8573527749475,0.8142909013011633,0.056413838541875,92.44000244140625,90.45003583000126,93.1500015258789,,0.005593767730073726,0.02700046556789012,0.0020439161282004206,,0.3653916692342679,,,,,,,,,,,,,,,,,,,93.1500015258789,78.90329433551426,-0.0020397470562946163,0.1781510501853849,69.76380560964073,0.6593403139260663,0.007092731501932615,0.0864706652490212,0.09876487800894884,0.0,9484.0,866273.2972244262,0.6902985354094378,0.23076923076923078,,,,,,,,0.781786941580756,0.6986301369863014,0.5008532423208191,0.6786941580756014,6.79,,,67.67,
VESG,Vanguard Ethically Conscious International Shares Index ETF,Unknown,,Spotlight ETP List,AUD,2026-08-14,120.95999908447266,,,,,,,,,,,,,,,,,,,,41.08019620013108,,,,,,,,-0.660381973288189,0,0.25,,,,0.05,,0.04,0.06,,,0.02,5,0.3,,,,,,,,,,,,,,,,,,,,,,,0.644034,2026-07-01,,,,,,0.023290983233486662,0.08605269848125885,0.15935447535587288,0.13663672158743445,118.3180004119873,118.19158050537109,111.13330711364746,0.028583956156110313,0.02968414863283475,0.09508121470540765,0.09508121470540765,,,0.9541405876465348,0.5765376203607044,0.3776029672858303,21.627438141022424,98.6342350060491,95.05819539035319,0.9109236070972595,0.06956026780263547,120.72666676839192,119.22859347189613,,,0.007997783108114727,0.020307342139023375,,,,,,,,,,,,,,,,,,,,,,121.79000091552734,98.40648617712,-0.0007390094967449912,0.23670706755240323,66.41434921436884,1.0375431240652742,0.008525416188026127,0.11916959555087893,0.11366431844930822,0.0,16392.3,1939504.1581534194,0.5649784496197753,0.23076923076923078,,,,,,,,0.5996563573883161,0.6044520547945205,0.5008532423208191,0.802405498281787,8.02,,,57.12,
VETH,Vanguard Ethically Conscious Australian Shares ETF,Unknown,,Spotlight ETP List,AUD,2026-08-14,69.98999786376953,,,,,,,,,,,,,,,,,,,,23.76986496405728,,,,,,,,-0.6603819732881889,0,0.25,,,,0.05,,0.04,0.06,,,0.02,5,0.3,,,,,,,,,,,,,,,,,,,,,,,0.343828,2026-07-01,,,,,,0.03172497613070013,0.07159779206202632,-0.0067967022528551135,-0.00904885686357626,69.02199897766113,68.04659484863281,68.62274856567383,0.01301033300375476,0.027531183955344485,0.018904075257638153,0.018904075257638153,,,0.770277285113167,0.6964924194790101,0.07378486563415687,19.654613839996003,62.43087169111448,71.5006020262741,0.6607385541334126,0.08094096076636423,69.2228528113001,68.27933405059584,70.10962200453305,70.69257358757835,0.009970614643906646,0.02346487644901243,0.0027120114495649303,0.011049419892235858,0.2720004278996306,,,,,,,,,,,,,,,,,,,73.5390806539166,64.56816381127571,-0.049213050432369565,0.0828865812773043,58.57360151916991,0.71825652431826,0.010272547813613513,0.12714636974710575,0.1283792157059118,0.0,22518.8,1554292.5905781554,0.9956612372652697,0.23076923076923078,,,,,,,,0.5498281786941581,0.4965753424657534,0.5008532423208191,0.7731958762886598,7.73,,,52.18,
VEU,Vanguard All-World ex US Shares Index ETF,Unknown,,Spotlight ETP List,AUD,2026-08-14,121.55999755859375,,,,,,39698441000.0,502899000.0,39195542000.0,,,,39195542000.0,,,,,,,,41.28396649794218,,,,,,,,-0.660381973288189,0,0.25,,,,0.05,,0.04,0.06,,,0.02,5,0.3,,,,,,,,,,,,,,,,,,,,,,,0.5644,2026-06-18,,,,,,0.025801055879911994,0.08177967872414449,0.07956367977059897,0.16868692221024917,118.87100067138672,119.13685241699218,112.96916248321533,0.023462433856620057,0.02117859582428694,0.07693109329889314,0.07693109329889314,,,0.7691699199908442,0.4062610350712796,0.3629088849195646,15.551957442901916,97.0444534644237,96.47566192086292,0.8903543677273006,0.0601054728635976,118.82161257108781,115.47740058449855,121.82500076293945,,0.02333051952640678,0.050818698763004995,0.001356214827087548,,0.05813050264708031,,,,,,,,,,,,,,,,,,,122.1500015258789,102.36928480081222,-0.004011443779357804,0.18844245028020445,62.5464074005508,1.1884156942053288,0.009768335183565813,0.1326937369157188,0.1415297795042826,0.0,67197.05,7987780.575665208,0.7095344615629097,0.23076923076923078,,,,,,,,0.5120274914089347,0.5171232876712328,0.5008532423208191,0.9484536082474226,9.48,,,50.99,
VGAD,Vanguard MSCI Index International Shares (Hedged) ETF,Unknown,,Spotlight ETP List,AUD,2026-08-14,133.4499969482422,,,,,,,,,,,,,,,,,,,,45.32202462825923,,,,,,,,-0.6603819732881889,0,0.25,,,,0.05,,0.04,0.06,,,0.02,5,0.3,,,,,,,,,,,,,,,,,,,,,,,2.337369,2026-07-01,,,,,,0.033608269127739065,0.07309847632413802,0.12723185467125586,0.21812468291438747,130.27949981689454,129.06105239868165,121.5770556640625,0.02924862719270238,0.03896562011344895,0.10292189266701324,0.10292189266701324,,,1.4239406589279326,1.013249198364895,0.4106914605630376,19.38369414697275,98.31817818428385,97.77987272735658,0.8960684787535184,0.07384739953240367,129.53877626706696,127.64203597351236,,,0.03394153326214682,0.04808681139889197,,,,,,,,,,,,,,,,,,,,,,134.22000122070312,108.61536407470703,-0.0009685954524670803,0.2345398598089845,68.40480077487386,0.9634845027687706,0.007185357066763622,0.12424491897366619,0.12078517814941915,0.0,114585.0,14928076.486518862,0.8102251745055257,0.23076923076923078,,,,,,,,0.5601374570446735,0.6900684931506849,0.5008532423208191,0.9725085910652921,9.73,,,57.48,
VGB,Vanguard Australian Government Bond Index ETF,Unknown,,Spotlight ETP List,AUD,2026-08-14,45.97999954223633,,,,,,,,,,,,,,,,,,,,15.615636712744276,,,,,,,,-0.6603819732881889,0,0.25,,,,0.05,,0.04,0.06,,,0.02,5,0.3,,,,,,,,,,,,,,,,,,,,,,,0.570106,2026-07-01,,,,,,0.0019612149441037285,0.022821877462463558,0.010791385307316492,0.0029081169503837323,45.819999885559085,45.869714431762695,45.41589786529541,0.003491917439477632,0.0024043121227121933,0.012420797638176273,0.012420797638176273,,,0.023671484217928196,0.010358658145635857,0.013312826072292339,13.591590680796408,88.09536784741144,79.78292377515096,0.8311552434912277,0.010544653929268235,45.88153338755261,45.455507622859,46.33182952606353,,0.0021414996882127223,0.011406957907764605,0.007651804857110042,,3.573105753518075,,,,,,,,,,,,,,,,,,,46.413154544760644,44.3882475891887,-0.009332591304617832,0.0358597610741298,55.95822468942394,0.13773469399687774,0.0029955349144872726,0.04216148528219545,0.03334544773891031,0.0,189170.4,8667787.706351167,0.1158642647380342,0.23076923076923078,,,,,,,,0.8934707903780069,0.8921232876712328,0.5008532423208191,0.9536082474226805,9.54,,,77.53,
VGE,Vanguard FTSE Emerging Markets Shares ETF,Unknown,,Spotlight ETP List,AUD,2026-08-14,94.68000030517578,,,,,,,,,,,,,,,,,,,,32.155034872717465,,,,,,,,-0.6603819732881889,0,0.25,,,,0.05,,0.04,0.06,,,0.02,5,0.3,,,,,,,,,,,,,,,,,,,,,,,0.000235,2026-07-01,,,,,,0.006393927183832915,0.04956913911765737,0.047955066015520575,0.10023164661438821,93.00849952697754,93.59032272338867,90.57346549987793,0.015391097821264133,0.009078713410668016,0.04268951088697759,0.04268951088697759,,,0.3755229430899476,0.13807467606645696,0.23744826702349064,18.701309635898184,85.97245959908804,86.53919123584791,0.7648770736365579,0.05810656849215441,93.87976615613518,93.18210831099441,95.0498822092131,95.98999786376953,0.005932192617409804,0.013319505483836485,0.006457854214745864,0.016412488164906078,1.088611687320022,,,,,,,,,,,,,,,,,,,97.59976332815438,82.0085198266366,-0.032374677755357295,0.1515876965106724,55.35175901519718,1.2885703570828297,0.01364432786712709,0.14506664896989308,0.16793758807030543,0.0,34086.7,3170352.820826225,0.638341034589745,0.23076923076923078,,,,,,,,0.44501718213058417,0.3561643835616438,0.5008532423208191,0.8608247422680413,8.61,,,43.96,
VGRO,VanEck Core+ Diversified Growth Active ETF,Unknown,,Spotlight ETP List,AUD,2026-08-14,20.760000228881836,,,,,,,,,,,,,,,,,,,,7.050470312269596,,,,,,,,-0.6603819732881889,0,0.25,,,,0.05,,0.04,0.06,,,0.02,5,0.3,,,,,,,,,,,,,,,,,,,,,,,0.84,2026-07-01,,,,,,0.02366861567970302,0.10569664089942821,,,20.401999950408936,20.080266609191895,,0.017547312976330387,0.033850826431696346,,,,,0.1860282351156215,0.16323198870064914,0.022796246414972354,24.565350545017072,100.0,100.0,0.9071720712955751,0.04309557116846626,20.40999984741211,20.170000076293945,21.280000686645508,,0.01685936308337787,0.02842004557240166,0.025048191330953557,,1.4857139743107668,,,,,,,,,,,,,,,,,,,21.280000686645508,18.381622314453125,-0.024436110948530376,0.12938890124832114,69.27301700447896,0.08372967361891992,0.0040332212281208495,0.07943966880113697,0.1759230370097507,0.0,4303.6,87802.04698657991,0.13880202624034965,0.23076923076923078,,,,,,,,0.8006872852233677,0.8373287671232876,0.5008532423208191,0.2852233676975945,2.85,,,71.99,
VGS,Vanguard MSCI Index International Shares ETF,Unknown,,Spotlight ETP List,AUD,2026-08-14,164.2100067138672,,,,,,,,,,,,,,,,,,,,55.76867844649682,,,,,,,,-0.6603819732881889,0,0.25,,,,0.05,,0.04,0.06,,,0.02,5,0.3,,,,,,,,,,,,,,,,,,,,,,,0.799838,2026-07-01,,,,,,0.0243841646111691,0.08445293319639591,0.12999108359267986,0.12311955615806958,160.83499984741212,159.77857849121094,152.00250801086426,0.023906443448359793,0.03067629109517922,0.08340312821687701,0.08340312821687701,,,1.4112103991028846,1.0278219979645684,0.3833884011383162,24.39871013924762,98.64306418219462,95.64641129568527,0.8872050056273248,0.0617410495756071,161.5999984741211,159.97999572753906,,,0.01870290465535779,0.028540181912051998,,,,,,,,,,,,,,,,,,,,,,164.77999877929688,137.62874895588706,-0.0006069068106352438,0.19655227505239248,68.54594022061626,1.0385696714297046,0.0063065928930080796,0.09174173292077421,0.0874910785670431,0.0,196590.9,31618697.37150261,0.5012927437070324,0.23076923076923078,,,,,,,,0.7542955326460481,0.7414383561643836,0.5008532423208191,0.9914089347079038,9.91,,,67.5,
VHGR,VanEck Core+ Diversified High Growth Active ETF,Unknown,,Spotlight ETP List,AUD,2026-08-14,20.90999984741211,,,,,,,,,,,,,,,,,,,,7.101412886722372,,,,,,,,-0.6603819732881889,0,0.25,,,,0.05,,0.04,0.06,,,0.02,5,0.3,,,,,,,,,,,,,,,,,,,,,,,1.01,2026-07-01,,,,,,0.033497553238048594,0.13922706579867916,,,20.515499877929688,20.077963104248045,,0.022641401236649594,0.044926690685940684,,,,,0.25722356655639445,0.22988440450086736,0.027339162055527083,33.308840858717936,93.58960251378548,88.66774310027564,0.8568688704967944,0.06344459578424586,20.6299991607666,20.40999984741211,21.030000686645508,,0.01668257336064836,0.027168718172596328,0.002383276715927416,,0.142860256892333,,,,,,,,,,,,,,,,,,,21.030000686645508,18.069921493530273,-0.0023776102128675314,0.16104541736653233,68.46661517713687,0.12205339011300308,0.0058176069006716956,0.09167422841438001,0.1618846980050357,0.0,2024.65,41536.70682785034,0.4888943542379502,0.23076923076923078,,,,,,,,0.7560137457044673,0.7636986301369864,0.5008532423208191,0.19243986254295534,1.92,,,68.14,
VHY,Vanguard Australian Shares High Yield ETF,Unknown,,Spotlight ETP List,AUD,2026-08-14,86.2699966430664,,,,,,,,,,,,,,,,,,,,29.298846024352777,,,,,,,,-0.6603819732881889,0,0.25,,,,0.05,,0.04,0.06,,,0.02,5,0.3,,,,,,,,,,,,,,,,,,,,,,,0.406508,2026-07-01,,,,,,0.023077847286392172,0.03776794922631388,0.06219199020866162,0.1459558595491537,85.6345001220703,84.1642253112793,80.94361801147461,-0.000870006403614787,0.016583913677720163,0.05703203860327455,0.05703203860327455,,,0.7251285182075264,0.8171210409382399,-0.09199252273071346,29.076034814988784,39.181200447948314,55.2631168455157,0.4850510984823188,0.05819868453784484,85.18692361344442,84.20937186516883,85.76990008025646,86.77999877929688,0.004360378164969422,0.015785714492335887,0.002453278724312326,0.01425901420658218,0.5626298067496929,,,,,,,,,,,,,,,,,,,87.63999938964844,73.84368896484375,-0.02373347610155696,0.15866364151075962,52.15913924457201,0.7369224083555509,0.008612931619719683,0.09350623185916748,0.09083694277347927,0.0,211304.75,18094976.639669035,0.7433910527991875,0.23076923076923078,,,,,,,,0.7457044673539519,0.5924657534246576,0.5008532423208191,0.979381443298969,9.79,,,63.39,
VIF,Vanguard International Fixed Interest Index (Hedged) ETF,Unknown,,Spotlight ETP List,AUD,2026-08-14,35.810001373291016,,,,,,,,,,,,,,,,,,,,12.16172200294434,,,,,,,,-0.6603819732881889,0,0.25,,,,0.05,,0.04,0.06,,,0.02,5,0.3,,,,,,,,,,,,,,,,,,,,,,,1.579961,2026-07-01,,,,,,0.0011154744798247407,0.013976565656565576,-0.010049955241197894,0.007394433590112159,35.78650016784668,35.85772758483887,35.89503776550293,0.003171624984278365,0.0011789353059257213,0.0001382854200742134,0.0001382854200742134,,,0.002737856882554013,-0.009297487381454247,0.01203534426400826,14.978170273147287,84.37522351763107,64.97047645236785,0.8699565731487519,0.008572965624814296,35.63703202687907,,35.9727371156787,36.24283815641001,0.007325055371105558,,0.0020260609110937995,0.00954976646126228,0.27659325540197377,,,,,,,,,,,,,,,,,,,36.60709696573105,35.20394126975193,-0.019315802083789357,0.0197722252401622,55.107786315070726,0.11718737556994163,0.0032642721612550865,0.038558361860473414,0.05150595673509108,0.0,40408.2,1446068.056082382,0.11396463473096823,0.23076923076923078,,,,,,,,0.9020618556701031,0.875,0.5008532423208191,0.761168384879725,7.61,,,77.49,
VIHY,Vanguard International Shares High Yield ETF,Unknown,,Spotlight ETP List,AUD,2026-08-14,55.83000183105469,,,,,,,,,,,,,,,,,,,,18.96087505317959,,,,,,,,-0.6603819732881889,0,0.25,,,,0.05,,0.04,0.06,,,0.02,5,0.3,,,,,,,,,,,,,,,,,,,,,,,0.494872,2026-07-01,,,,,,0.026064647495852133,0.094657956225634,,,55.175500106811526,54.451828689575194,,0.013130853688047228,0.026595485792765716,,,,,0.40414501599527597,0.3881253605965119,0.016019655398764043,47.243098732942755,98.16543942660358,91.95044504150151,0.866411296444206,0.03583637790503205,55.78000068664551,55.369998931884766,,,0.00214670547330565,0.009481262603343149,,,,,,,,,,,,,,,,,,,,,,55.91999816894531,50.422031949470835,-0.0003575937718379718,0.10864238041611807,68.44565530688041,0.3268396085608104,0.00584686224757078,0.06815621458103542,0.06908902644664167,0.0,4945.2,272853.8831282043,0.35661772971177147,0.23076923076923078,,,,,,,,0.8367697594501718,0.761986301369863,0.5008532423208191,0.4518900343642612,4.52,,,71.73,
VISM,Vanguard MSCI International Small Companies Index ETF,Unknown,,Spotlight ETP List,AUD,2026-08-14,77.0999984741211,,,,,,,,,,,,,,,,,,,,26.18454934126465,,,,,,,,-0.6603819732881889,0,0.25,,,,0.05,,0.04,0.06,,,0.02,5,0.3,,,,,,,,,,,,,,,,,,,,,,,3.226337,2026-07-01,,,,,,0.027715107232394454,0.09826448980350855,0.10379371498853773,0.17214899906556536,75.64599952697753,75.63273727416993,71.00958465576171,0.024508903109427216,0.024688551454394858,0.09140196180138704,0.09140196180138704,,,0.4658809985864423,0.2665835211931735,0.19929747739326875,27.121794562690788,98.2301601948084,93.95648855501652,1.0038333591943427,0.048644859777880266,77.01000213623047,75.71736145019531,79.66000366210938,,0.006322553080897178,0.023001787739415323,0.027871014994959677,,4.408189957181783,,,,,,,,,,,,,,,,,,,79.66000366210938,64.69765587391973,-0.027115284494228398,0.1978795669356086,66.26868800535178,0.655240576813854,0.00845471712017876,0.09332944446096698,0.10717745750729617,0.0,21835.7,1651783.3518712234,0.6601886256524766,0.23076923076923078,,,,,,,,0.7474226804123711,0.6078767123287672,0.5008532423208191,0.7869415807560137,7.87,,,63.86,
VLC,Vanguard MSCI Australian Large Companies Index ETF,Unknown,,Spotlight ETP List,AUD,2026-08-14,92.91000366210938,,,,,,,,,,,,,,,,,,,,31.553912105512737,,,,,,,,-0.6603819732881888,0,0.25,,,,0.05,,0.04,0.06,,,0.02,5,0.3,,,,,,,,,,,,,,,,,,,,,,,0.266593,2026-07-01,,,,,,0.014877656005104711,0.05971985212901032,0.03724900543140364,0.08067693324764624,92.51550025939942,90.57956466674804,87.32201797485351,-0.004599271693021656,0.016675192431092167,0.05460224664540125,0.05460224664540125,,,0.8347989546059864,1.0214878755545396,-0.18668892094855316,22.19258587483636,22.56525308392517,41.289215104547594,0.43155434448189484,0.06719596237638555,91.76050608846862,90.92173172235054,92.31413984340207,93.87000274658203,0.0035779157620233148,0.012686118601346896,0.002433961498804241,0.01932898772370804,0.6802735616748655,,,,,,,,,,,,,,,,,,,95.3499984741211,79.71367576962402,-0.03418984990456253,0.15525968974300852,49.65379595276669,0.9569675797186787,0.010391656181714195,0.11454966618897985,0.1110662901324181,0.0,6036.5,558469.8173158646,0.9350149911565852,0.23076923076923078,,,,,,,,0.6254295532646048,0.4931506849315068,0.5008532423208191,0.5876288659793815,5.88,,,55.5,
VLUE,VanEck MSCI International Value ETF,Unknown,,Spotlight ETP List,AUD,2026-08-14,38.20000076293945,,,,,,,,,,,,,,,,,,,,12.973408879499177,,,,,,,,-0.6603819732881889,0,0.25,,,,0.05,,0.04,0.06,,,0.02,5,0.3,,,,,,,,,,,,,,,,,,,,,,,6.65,2026-07-01,,,,,,0.05541902047783176,0.17919917676444652,0.30410719982108314,0.5053689506653667,37.4019998550415,36.93867797851563,31.42208038330078,0.033634564922897736,0.04659944435200525,0.23034501140026076,0.23034501140026076,,,0.46338693764595007,0.37966259488954757,0.0837243427564025,41.4789496325776,87.27276510448817,72.7426311106185,0.9810610309796425,0.06991745902677603,38.5,38.119998931884766,38.939998626708984,,0.004138640663311325,0.013967949241042,0.007242596492550634,,1.7499940395298381,,,,,,,,,,,,,,,,,,,38.939998626708984,25.20614508617187,-0.00719051846870955,0.5337529683831364,69.90856106436433,0.5017350389836589,0.012978143842834106,0.11858263686049197,0.15914475960201493,0.0,114423.1,4279652.769613399,0.6923515181887031,0.23076923076923078,,,,,,,,0.6030927835051547,0.3835616438356164,0.5008532423208191,0.8986254295532646,8.99,,,51.75,
VMIN,Vanguard Global Minimum Volatility Active ETF,Unknown,,Spotlight ETP List,AUD,2026-08-14,62.58000183105469,,,,,,,,,,,,,,,,,,,,21.25329673348432,,,,,,,,-0.6603819732881889,0,0.25,,,,0.05,,0.04,0.06,,,0.02,5,0.3,,,,,,,,,,,,,,,,,,,,,,,3.774155,2026-07-01,,,,,,0.01999680361725842,0.049948491802832784,0.06763104708162349,0.1303993566855559,62.10100040435791,61.47487365722656,58.986803150177,0.010289709826704296,0.020579595304162313,0.06362776634520051,0.06362776634520051,,,0.34030190321158926,0.32187205039810524,0.018429852813484027,41.718502859446055,97.36852672297252,83.37624880123073,0.8473087810466529,0.029626978608761557,62.369998931884766,61.9950008392334,62.76499938964844,,0.005897397779461984,0.011874415353882476,0.00039843338401153043,,0.06756088005443636,,,,,,,,,,,,,,,,,,,62.77000045776367,55.22792245540776,-0.0004779158686968321,0.13601958735863118,61.43798510106966,0.3565688190735361,0.005683277168223527,0.07069711308436011,0.08067703953708548,0.0,2024.15,125701.73996848107,0.3631270877088762,0.23076923076923078,,,,,,,,0.8264604810996563,0.7688356164383562,0.5008532423208191,0.32646048109965636,3.26,,,71.44,
VNGS,Vaughan Nelson Global Equity SMID Fund – Active ETF,Unknown,,Spotlight ETP List,AUD,2026-08-14,3.950000047683716,,,,,,,,,,,,,,,,,,,,1.3414912217059034,,,,,,,,-0.6603819732881889,0,0.25,,,,0.05,,0.04,0.06,,,0.02,5,0.3,,,,,,,,,,,,,,,,,,,,,,,0.064232,2026-07-01,,,,,,0.03403144416564441,0.10310265622176495,0.08521457378073283,0.13747704277270434,3.853500008583069,3.833393654823303,3.661809986829758,0.025042179547348775,0.0304185803390411,0.07870153336477759,0.07870153336477759,,,0.037613618191355336,0.02650005543736553,0.011113562753989805,18.57121238120671,94.44445180303984,98.1481506010133,0.8669332872895438,0.06824722753372917,3.8804246754762137,3.8399999141693115,,,0.0176140180677469,0.02784813473075994,,,,,,,,,,,,,,,,,,,,,,3.9600000381469727,3.3250370025634766,-0.002525250092658138,0.18795671886911824,65.94508254923997,0.028912515588548404,0.007319624111271273,0.09720430783469747,0.11538908741926335,0.0,28272.1,108946.53759266138,0.6639560812903686,0.23076923076923078,,,,,,,,0.7216494845360825,0.6815068493150684,0.5008532423208191,0.3075601374570447,3.08,,,64.54,
VOLT,ETFS Global Lithium Miners ETF,Unknown,,Spotlight ETP List,AUD,2026-08-14,6.710000038146973,,,,,,,,,,,,,,,,,,,,2.2788369721916517,,,,,,,,-0.6603819732881889,0,0.25,,,,0.05,,0.04,0.06,,,0.02,5,0.3,,,,,,,,,,,,,,,,,,,,,,,,,,,,,,-0.06545958237166194,-0.361092344489787,,,6.584500026702881,7.603999986648559,,0.01905991509380156,-0.11756969359170322,,,,,-0.2508674358870975,-0.3581673699275664,0.10729993404046895,37.07746867739856,91.8367386658674,91.8367386658674,0.6489247686867264,0.12798351316492895,6.695000052452087,6.400000095367432,6.75,7.639999866485596,0.0022354673039655655,0.04619969314711812,0.005961246143908174,0.13859907944135436,2.6666666666666665,,,,,,,,,,,,,,,,,,,10.502300262451172,6.260000228881836,-0.361092344489787,0.07188495092843095,35.839427765017604,0.09024064475131995,0.013448680214350747,0.45361437983079683,0.4646363652032136,0.0,653.8,4304.946117458343,1.6264527482440252,0.23076923076923078,,,,,,,,0.04295532646048106,0.363013698630137,0.5008532423208191,0.04639175257731959,0.46,,,26.03,
VSO,Vanguard MSCI Australian Small Companies Index ETF,Unknown,,Spotlight ETP List,AUD,2026-08-14,75.94999694824219,,,,,,,,,,,,,,,,,,,,25.793988092330085,,,,,,,,-0.6603819732881889,0,0.25,,,,0.05,,0.04,0.06,,,0.02,5,0.3,,,,,,,,,,,,,,,,,,,,,,,2.196947,2026-07-01,,,,,,0.058947325589364,0.07788235742916072,0.03525499065438176,0.07913888719751405,72.90249900817871,72.49322463989257,72.70219661712646,0.034943904183280194,0.040786877988077785,0.037795286235800196,0.037795286235800196,,,1.2184994209663103,0.7993674733679971,0.4191319475983132,20.652412136414018,79.00457170384661,86.08460179131448,0.770676452776043,0.1290984266451605,75.2193836561852,74.3191812923142,75.72920858751299,76.57464218139648,0.0030565049885314718,0.01498761698696576,0.003700618297736103,0.014905835369692463,1.2107352389809454,,,,,,,,,,,,,,,,,,,79.04292721469398,64.72883069355302,-0.04545543027136101,0.16563200879445206,63.77626061953044,0.9408257979009198,0.012469527315505597,0.1595354954404529,0.16215422454950396,0.0,49952.55,3641665.7268309975,1.1543559086200847,0.23076923076923078,,,,,,,,0.3969072164948454,0.40068493150684936,0.5008532423208191,0.8814432989690721,8.81,,,42.9,
VTEK,Vanguard Global Technology Index ETF,Unknown,,Spotlight ETP List,AUD,2026-08-14,64.80999755859375,,,,,,,,,,,,,,,,,,,,22.010643482046905,,,,,,,,-0.6603819732881889,0,0.25,,,,0.05,,0.04,0.06,,,0.02,5,0.3,,,,,,,,,,,,,,,,,,,,,,,0.167177,2026-07-01,,,,,,0.014837816988386487,0.06933855474583783,,,63.194999313354494,63.96253860473633,,0.03900631973318136,0.02653842537211859,,,,,0.4844217186412223,0.13305851676653999,0.3513632018746823,15.749454017615754,99.35598523999747,88.29847377183751,0.8508141484680075,0.111187989149014,63.63999938964844,62.893619419537146,66.4694437912396,67.08881346050669,0.030764607977422757,0.042131953826993696,0.012327750289135752,0.021760732846590414,0.4007120876749909,,,,,,,,,,,,,,,,,,,67.17762692101338,47.67766240503679,-0.022591200797974165,0.37716491014821396,58.94746097234951,1.2865724544847958,0.01959446211891155,0.24787234279320938,0.24184582471619206,0.0,6888.2,435299.7942702484,0.6211325462039581,0.23076923076923078,,,,,,,,0.17182130584192434,0.1643835616438356,0.5008532423208191,0.5326460481099656,5.33,,,26.87,
VTKH,Vanguard Global Technology Index (Hedged) ETF,Unknown,,Spotlight ETP List,AUD,2026-08-14,64.66000366210938,,,,,,,,,,,,,,,,,,,,21.959702850904065,,,,,,,,-0.6603819732881889,0,0.25,,,,0.05,,0.04,0.06,,,0.02,5,0.3,,,,,,,,,,,,,,,,,,,,,,,0.621638,2026-07-01,,,,,,0.026555664010285085,0.05823030348568636,,,62.56500015258789,63.13252098083496,,0.044194064920056286,0.034807430720005916,,,,,0.5990094882590853,0.2015855191224437,0.3974239691366416,15.939503276624043,98.54653403202903,94.81398363164061,0.8619163058289938,0.1221112843170376,64.62999979654948,63.19347089988542,65.58740213179547,67.29070898339903,0.010714863231068468,0.03270367168662264,0.003940001431599967,0.03001235416179518,0.367713646607795,,,,,,,,,,,,,,,,,,,67.29070898339903,46.47466278076172,-0.029137858434929775,0.40571222946233343,61.77231338920515,0.9944875006544549,0.015222523691737051,0.2588714881137406,0.2550923348673699,0.0,3322.95,207900.36725704191,0.9349578649829388,0.23076923076923078,,,,,,,,0.16323024054982815,0.28767123287671237,0.5008532423208191,0.39862542955326463,3.99,,,29.56,
VTS,Vanguard US Total Market Shares Index ETF,Unknown,,Spotlight ETP List,AUD,2026-08-14,542.6699829101562,,,,,,,,,,,,,,,,,,,,184.30050875167953,,,,,,,,-0.6603819732881888,0,0.25,,,,0.05,,0.04,0.06,,,0.02,5,0.3,,,,,,,,,,,,,,,,,,,,,,,1.3902,2026-03-29,,,,,,0.023027904026707402,0.07823160666194129,0.14882545957460147,0.12295812846640741,531.9154968261719,529.7600012207031,502.0731161499023,0.024786791959314325,0.028956460151553953,0.08569839342520935,0.08569839342520935,,,4.322871025002314,2.933053171249997,1.3898178537523171,21.577954806935125,99.08272500408144,95.53679139630765,0.8931360874031931,0.06304888498799506,542.8300170898438,537.3299865722656,,,0.004164297555973529,0.014254245756147352,,,,,,,,,,,,,,,,,,,,,,545.3400268554688,453.6471995161925,-0.0004401864116144738,0.20159449053642997,67.02335575404175,3.8930039322597065,0.007141816376115315,0.10191093621084633,0.09467033362535361,0.0,13475.8,7167986.852130126,0.4630430402739689,0.23076923076923078,,,,,,,,0.697594501718213,0.6952054794520548,0.5008532423208191,0.9432989690721649,9.43,,,63.8,
VVLU,Vanguard Global Value Equity Active ETF,Unknown,,Spotlight ETP List,AUD,2026-08-14,82.66000366210938,,,,,,,,,,,,,,,,,,,,28.07282733171666,,,,,,,,-0.6603819732881889,0,0.25,,,,0.05,,0.04,0.06,,,0.02,5,0.3,,,,,,,,,,,,,,,,,,,,,,,6.199341,2026-07-01,,,,,,0.05185882725771673,0.1586938654465344,0.13753839348724584,0.23091453196962664,81.46675033569336,78.96963607788086,73.71934448242187,0.024528362724218766,0.05692517381714124,0.13219938299631195,0.13219938299631195,,,1.1890963375585528,1.1850698508929218,0.0040264866656309906,31.868715258238506,99.16382796851278,94.09409088591087,0.888474758496979,0.06314017111206874,82.81000137329102,81.02999877929688,,,0.007847540805585121,0.029173877259110758,,,,,,,,,,,,,,,,,,,,,,83.48999786376953,67.05161303737304,-0.0002994553421800106,0.24478729976815217,72.51451737756999,0.6624116718129963,0.007936400897106146,0.1106783722590644,0.11071028137044973,0.0,43793.05,3567677.4707885366,0.5038095714068751,0.23076923076923078,,,,,,,,0.6443298969072164,0.6301369863013699,0.5008532423208191,0.8762886597938144,8.76,,,59.77,
WAA,WAM Active Limited,Unknown,,Spotlight LIC List,AUD,2026-08-14,1.0750000476837158,156030128.0,148600131.0,78914416.0,0.0,-78914416.0,85331565.0,,,,154544136.24,1.04,,,4.647824549209548,1.1298342070651872,,3.7182596393676386,1.2082158679017314,1.7137568741443436,0.3650893949094464,Undervalued,3.323557528415125,0.05100851809227509,,2.4588460227321,0.12392168772927353,0.5941923703510025,-0.6603819732881888,4,0.25,3.485868411907161,14065585.0,1.004,0.25,0.661,0.04,0.06,0.07966000000000001,0.07966000000000001,0.02,5,0.3,0.09014659655986439,,,1.0096154,,,0.14041,0.17292,1.0,0.72624,0.47522998,,8.107,8.107,0.05809,0.00269,,0.06,0.061,0.3523,0.0695,2026-11-17,0.01,2026-06-17,0.05581395101263574,-0.08501719651416817,-0.1,,2115532.0,-0.0683760056755851,0.07900254268679885,0.0915178071811038,0.31999863143507024,1.126499980688095,1.0788422906398774,0.9980531120300293,-0.03240119656921692,0.010342329769169378,0.09212628089656749,0.09212628089656749,,,-0.004817143771591814,0.00664080922081848,-0.011457952992410293,28.3545734320887,41.93552852794189,32.25809097952111,0.2832752017045802,0.14950387230283865,1.0754256948336212,1.051420700515464,1.100000023841858,1.1349999904632568,0.013370952384106632,0.03539388227682449,0.00917430289635912,0.04128436303361603,0.6861368310057064,,,,,,,,,,,,,,,,,,,1.1950000524520874,0.7884360423691176,-0.08786612089098311,0.3824837714208682,47.79672495258793,0.03557699737756824,0.03263944613587999,0.42789092599186607,0.30524542415942113,0.0,642165.9,723399.8739485532,0.5699647050678442,1.0,0.7395833333333334,0.7551020408163265,0.7395833333333334,0.26262626262626265,0.8877551020408163,0.553030303030303,,0.046391752577319534,0.03424657534246578,0.5008532423208191,0.6426116838487973,6.43,69.65,,17.97,
WAM,WAM Capital Limited,Unknown,,Spotlight LIC List,AUD,2026-08-14,1.534999966621399,1798357120.0,1138200752.0,1691808000.0,0.0,-1691808000.0,2029262728.0,,,,1832503210.72,1.61,,,1.3241671341187133,1.5882175017651257,,1.0593337072949707,4.561003420752566,2.7401268226750113,0.5213136596666554,Overvalued,-0.13735038246726333,0.03466940475631464,,-0.30988030597381067,1.9713377980010844,0.7850989460971446,-0.6603819732881889,2,0.25,0.993125350589035,-14367604.0,-0.882,-0.1,0.418,0.04,0.06,0.06508,0.06508,0.02,5,0.3,-0.00798929413975351,,,0.98136646,,,0.027980002,0.050669998,1.0,1.14997,0.81375,,56.386,56.386,0.04301,0.0077,,0.16,0.09810001,1.8607001,0.0915,2026-05-18,0.0775,2026-05-18,0.10423452995387804,0.06253332648873366,,,96730456.0,-0.02839121464410499,-0.04643965773426173,-0.10158016997742414,-0.028184659159724568,1.5675000250339508,1.5458000087738037,1.6396404141187668,-0.01754389967574499,-0.003752132803633068,-0.06076969767745799,-0.06076969767745799,,,-0.001809308727113823,0.003569144349325644,-0.005378453076439468,18.779686213362968,15.384587169423762,10.722590047017936,-0.003761088445595629,0.03482583327322573,1.4850000143051147,1.4700000286102295,1.5449999570846558,1.5631007502072078,0.03571425253915793,0.04545450323165555,0.003246750230832539,0.015000512289873138,0.09090909090909091,,,,,,,,,,,,,,,,,,,1.8000653537945601,1.4700000286102295,-0.1444755277319858,0.04761900127918861,41.610630816005845,0.020043948598868738,0.013015551360631572,0.10256750947289148,0.1438154277169292,0.0,840184.45,1316989.146408136,0.423803009586783,1.0,0.5,0.17346938775510204,0.5,0.303030303030303,0.40816326530612246,0.8636363636363636,,0.6890034364261168,0.3818493150684932,0.5008532423208191,0.7405498281786942,7.41,38.23,,55.58,
WAR,WAM Strategic Value Limited,Unknown,,Spotlight LIC List,AUD,2026-08-14,1.149999976158142,204442736.0,180125761.0,39697260.0,0.0,-39697260.0,240131178.0,,,,239026884.847,1.327,,,5.488232175099635,1.3445638198292647,,4.390585740079708,1.8267223382045934,1.5649785681552373,0.390560722621458,Undervalued,3.772375903375603,0.16918595452593918,,2.8179007227004824,0.5884542400663423,0.36085095704387166,-0.6603819732881889,4,0.25,4.116174131324726,17410098.0,1.653,0.25,0.472,0.04,0.06,0.06831999999999999,0.06831999999999999,0.02,5,0.3,0.08515879967483903,,,0.8553127,,,0.06036,0.08246,1.0,0.73594004,0.60286,,6.337,6.337,0.09887999,0.05874,,0.07,0.0573,0.5581,,2026-10-01,0.0325,2026-05-01,0.060869566479342226,0.062296099115920225,-0.1,,164745472.0,0.04545450112051319,0.017699098239742916,0.010623548791408588,0.06981838514397398,1.1212500035762787,1.1027000212669373,1.1066840785741805,0.025641001106054828,0.04289467124237456,0.039140255491674214,0.039140255491674214,,,0.01248918216206274,0.009648620092685429,0.002840562069377311,27.852868385480836,84.61538461538461,82.60073260073261,0.8664576737428338,0.06996988450035507,1.1449999809265137,1.1379112995877314,1.1543406630777395,1.1622257589759029,0.004347822030685716,0.010511892887855426,0.0037745104431206765,0.01063111571410984,0.868138211840603,,,,,,,,,,,,,,,,,,,1.1622257589759029,1.0309282181282615,-0.010519283988795425,0.115499562371147,65.88444316413569,0.014339860557522201,0.01246944422157993,0.13946682174893796,0.12769686428391314,0.0,148301.85,166283.44984286875,0.29250407583663895,1.0,0.7708333333333334,0.7244897959183674,0.7708333333333334,0.505050505050505,0.6020408163265306,0.6742424242424242,,0.47938144329896903,0.4023972602739726,0.5008532423208191,0.36254295532646047,3.63,73.04,,46.66,
WAX,WAM Research Limited,Unknown,,Spotlight LIC List,AUD,2026-08-14,1.059999942779541,222643952.0,210041468.0,209912016.0,0.0,-209912016.0,,17071612.0,,,215922629.104,1.028,,,-0.022038848074232217,0.966941852551985,,-0.017631078459385774,3.571428571428572,0.8769542658851505,0.35999508888142034,Overvalued,-1.0207913672301168,-0.08779065589714877,,-1.0166330937840935,2.3692724190753647,-0.1726846101655502,-0.660381973288189,1,0.25,-0.016529136055674163,-6981435.0,,0.05,0.3,0.04,0.06,0.057999999999999996,0.057999999999999996,0.02,5,0.3,-0.03135694878430832,,,1.0311284,,,-0.0064499998,-0.00484,0.0,1.49546,0.0,,83.155,83.155,0.054,0.00338,,0.1,0.0943,0.72099996,0.08130000000000001,2026-05-13,0.05,2026-05-13,0.0943396277341102,0.00042023047836907315,,,11050621.0,0.0047393322087359024,-0.045045108901980435,-0.09606422675115667,-0.04868674961878139,1.067000013589859,1.0525999927520753,1.119223935008049,-0.006560516139795136,0.0070301634794032175,-0.05291523025558076,-0.05291523025558076,,,0.00028404333147080685,0.0025191424953024105,-0.0022350991638316036,16.93992300531201,28.571331257961457,19.04755417197433,0.27119680162004245,0.028673183706551992,1.0559259031297539,1.0324999690055847,1.0698290665944417,1.0827583744802032,0.0038434338393492366,0.025943372885328303,0.009272758816502035,0.021470219744526408,2.412623503900898,,,,,,,,,,,,,,,,,,,1.252379264174045,1.0149999856948853,-0.15361107205921343,0.04433493371317443,48.689741508380735,0.014008276899274329,0.013215356278738755,0.09124507395756122,0.19574567439736124,0.0,146806.45,156642.48414507895,0.2978391472308012,0.9230769230769231,0.25,0.12244897959183673,0.25,0.2222222222222222,0.14285714285714285,0.23106060606060605,,0.7577319587628866,0.375,0.5008532423208191,0.35738831615120276,3.57,20.9,,58.5,
WBND,Betashares Global Aggregate Bond Currency Hedged ETF,Unknown,,Spotlight ETP List,AUD,2026-08-14,49.47999954223633,,,,,,,,,,,,,,,,,,,,16.804299806235623,,,,,,,,-0.6603819732881889,0,0.25,,,,0.05,,0.04,0.06,,,0.02,5,0.3,,,,,,,,,,,,,,,,,,,,,,,0.485942,2026-07-01,,,,,,0.003035239405839718,0.013003369667535125,-0.004757290416978588,0.01959265813579747,49.414500045776364,49.511430435180664,49.38903333663941,0.0031468425037954884,0.0011829442035660165,0.0036641000230017706,0.0036641000230017706,,,0.0027943640608114606,-0.013487000919721886,0.01628136498053335,14.099519843575171,77.50004768353392,60.50663740775284,0.8812966189859059,0.00825300395310306,49.502589085465345,49.11865585802206,50.176148024538236,,0.001359907399110029,0.009105181351237451,0.012228128574656966,,8.9918832581244,,,,,,,,,,,,,,,,,,,50.29999923706055,48.569087982177734,-0.014512913584667997,0.02060799891926668,55.1103289276339,0.13928878718697402,0.0028099412556889256,0.03482594543443348,0.03460836663743105,0.0,40415.05,1997089.490075054,0.08710945439463672,0.23076923076923078,,,,,,,,0.9226804123711341,0.898972602739726,0.5008532423208191,0.8058419243986255,8.06,,,79.02,
WCMQ,WCM Quality Global Growth Fund – Active ETF,Unknown,,Spotlight ETP List,AUD,2026-08-14,10.3100004196167,,,,,,,,,,,,,,,,,,,,3.5014619979081676,,,,,,,,-0.6603819732881889,0,0.25,,,,0.05,,0.04,0.06,,,0.02,5,0.3,,,,,,,,,,,,,,,,,,,,,,,0.396472,2026-07-01,,,,,,0.011650474110381559,0.09805806596913635,0.12191996411880845,0.10534983004208476,10.155000019073487,10.280912132263184,9.769985451698304,0.02609552503424184,0.01352875525453423,0.06653179043195512,0.06653179043195512,,,0.007714016328966622,-0.022544315663491608,0.03025833199245823,14.20706389274437,94.91530081143115,78.76491385452809,1.0150537322567652,0.050665636223819546,10.405450561861551,10.30769270097258,10.485249024016648,10.845000267028809,0.0013963065571846857,0.010778058973038766,0.006261895129074648,0.04078696618263577,4.484613423072541,,,,,,,,,,,,,,,,,,,10.916759342389318,8.697655871503624,-0.045504279293441696,0.19802395383718108,59.46486771390197,0.16746299829216474,0.016071304900769814,0.15987774751085781,0.15711436255119887,0.0,58250.45,591533.3208610392,0.5515369285322239,0.23076923076923078,,,,,,,,0.39518900343642616,0.261986301369863,0.5008532423208191,0.6048109965635738,6.05,,,39.36,
WDIV,SPDR S&P Global Dividend ETF,Unknown,,Spotlight ETP List,AUD,2026-08-14,21.760000228881836,,,,,,,,,,,,,,,,,,,,7.390088338981407,,,,,,,,-0.6603819732881889,0,0.25,,,,0.05,,0.04,0.06,,,0.02,5,0.3,,,,,,,,,,,,,,,,,,,,,,,1.89156,2026-06-29,,,,,,0.026773117440709093,0.10095880300777371,0.0626730237634523,0.120113245342234,21.547000026702882,21.148165664672852,20.27760618209839,0.014526411252646865,0.03365941788832316,0.07803654997748977,0.07803654997748977,,,0.1596054487052605,0.16603049324740002,-0.006425044542139519,63.60707635975003,51.59245418717776,36.81534872855423,1.0122929287114026,0.028355673948469214,21.739999771118164,21.489999771118164,22.239999771118164,22.510000228881836,0.00548951673755093,0.016925929958949253,0.017383309705245716,0.02973465692505394,3.1666375268219027,,,,,,,,,,,,,,,,,,,22.510000228881836,19.103391236031715,-0.028876037846338187,0.14429947752525152,70.04942166610428,0.21015495741504267,0.00961367573409518,0.07339754392707504,0.07854047269958543,0.0,32195.0,693705.6658596992,0.25865442201595196,0.23076923076923078,,,,,,,,0.8230240549828178,0.5256849315068493,0.5008532423208191,0.6357388316151202,6.36,,,65.2,
WDMF,iShares Edge MSCI World Multifactor ETF,Unknown,,Spotlight ETP List,AUD,2026-08-14,56.20000076293945,,,,,,,,,,,,,,,,,,,,19.086533360311773,,,,,,,,-0.6603819732881889,0,0.25,,,,0.05,,0.04,0.06,,,0.02,5,0.3,,,,,,,,,,,,,,,,,,,,,,,1.658429,2026-07-01,,,,,,0.03025883756732739,0.09729131650482858,0.14587268238561246,0.14052272261735888,55.13049964904785,54.48427841186523,51.62430349349975,0.025203849367612552,0.03736347631347381,0.09483318191170098,0.09483318191170098,,,0.5631701265299682,0.45402138949057796,0.10914873703939026,27.074649724282228,99.14161192935121,95.03181434965897,0.9115043399847975,0.06124807667531223,56.16999816894531,55.11000061035156,,,0.006192538676285211,0.02494691854197304,,,,,,,,,,,,,,,,,,,,,,56.540000915527344,47.17016645736306,-0.0003537399617936643,0.19821498846843988,70.38562495317947,0.33837753948757915,0.005986863707484261,0.0845977042273919,0.08838106405192035,0.0,8679.3,478494.1456039809,0.4839690052428493,0.23076923076923078,,,,,,,,0.7869415807560137,0.7585616438356164,0.5008532423208191,0.5532646048109966,5.53,,,69.4,
WEMG,SPDR S&P Emerging Markets Carbon Aware ETF,Unknown,,Spotlight ETP List,AUD,2026-08-14,29.15999984741211,,,,,,,,,,,,,,,,,,,,9.903261607094812,,,,,,,,-0.6603819732881889,0,0.25,,,,0.05,,0.04,0.06,,,0.02,5,0.3,,,,,,,,,,,,,,,,,,,,,,,2.07664,2026-06-29,,,,,,0.0027586180588294873,0.06223033258954502,0.05008641728549579,0.10782441257413788,28.747500038146974,28.762700386047364,27.822115144729615,0.01156621915359124,0.011031632405857472,0.045211687624501895,0.045211687624501895,,,0.13058250964604667,0.08683382022146705,0.04374868942457963,14.309456559262827,82.40005493164062,83.4667460123698,0.7302208886843783,0.050239659918296875,28.83829432788784,28.573520305599082,29.260840707625913,29.685659128510842,0.008311746783093188,0.017416768206181786,0.006218733988800222,0.020827345474339336,0.7481861696568602,,,,,,,,,,,,,,,,,,,29.685659128510842,25.104308184309588,-0.020402417281113916,0.15836691097830413,54.93935535016447,0.28230827842577666,0.009707987591693168,0.13108390975125514,0.18431396602231553,0.0,3265.65,93879.27349957467,0.6317784078647627,0.23076923076923078,,,,,,,,0.5257731958762887,0.5205479452054795,0.5008532423208191,0.2972508591065292,2.97,,,51.7,
WGB,WAM Global Limited,Unknown,,Spotlight LIC List,AUD,2026-08-14,2.190000057220459,794714624.0,359599354.0,,,0.0,956943752.0,,,,,,,,,,,,,,0.7437634979319656,,,,,,,,-0.6603819732881889,0,0.25,,,,0.05,,0.04,0.06,,,0.02,5,0.3,,,,,,,,,0.0,0.0,0.0,,,,0.04851,0.059710003,,0.13,0.059699997,2.686,0.053399999999999996,2026-04-13,0.066,2026-04-13,0.05936072904262641,-0.005682880643588431,,,794714624.0,-0.009009000301245074,0.009174302896359121,-0.035795588605014306,-0.09164525426241543,2.212500035762787,2.1854000329971313,2.245867428779602,-0.0056497120348120156,0.00668070580495117,-0.02042301362409915,-0.02042301362409915,,,0.0048867160861014725,0.008109083515676603,-0.003222367429575131,13.07588745297834,28.571428571428573,26.785714285714295,0.3128272661764073,0.030184482105907504,2.1850000619888306,2.16571937188225,2.2087500393390656,2.2300000190734863,0.0068181751680769665,0.015582125026569155,0.003977268848044897,0.013636350336153933,0.5833333333333334,,,,,,,,,,,,,,,,,,,2.497647630377269,2.0195242135346803,-0.11917116693061836,0.08936552131413023,49.041254827696314,0.0360375913964022,0.01638072300695839,0.15590717628872888,0.18180558069132904,0.0,265068.2,586463.4019795776,0.5181963693434989,0.38461538461538464,,,,,,0.23106060606060605,,0.4054982817869416,0.25,0.5008532423208191,0.6013745704467354,6.01,,,39.52,
WHF,Whitefield Industrials Limited,Unknown,,Spotlight LIC List,AUD,2026-08-14,5.0,608913664.0,121297544.0,6968930.0,0.0,-6968930.0,722081349.0,,,,648820562.8560001,5.349,,,2.7288930401264024,5.265174899433779,,2.183114432101122,11.017838405036725,2.765268201778679,1.6980901335590555,Overvalued,-0.4542213919747195,0.053034979886755804,,-0.5633771135797756,1.203567681007345,-0.4469463596442642,-0.6603819732881889,2,0.25,2.0466697800948017,14750860.0,-0.077,-0.077,0.151,0.04,0.06,0.04906,0.04906,0.02,5,0.3,0.024224879276153015,,,0.9384932,,,0.01944,0.03262,1.0,0.89956003,0.82633,,28.859,28.75,0.21458,0.04328,,0.21,0.0418,1.1966001,0.039,2026-06-05,0.105,2026-06-05,0.041999999999999996,0.004784688995215282,0.05203475912639988,,599720448.0,0.03526962518721044,0.06293213916861884,-0.03915735744465221,-0.10029734206201579,4.878500008583069,4.752199993133545,4.989118058681488,0.022855337160792466,0.05003993483612135,0.0001767271141523974,0.0001767271141523974,,,0.06892004516287642,0.06209935560800984,0.006820689554866581,48.123199624671635,70.5881362968282,71.43941790057569,0.7755612169713774,0.08294105176334167,4.953739473999141,4.897528843424857,5.036872549756771,5.09248753562324,0.007266592942327506,0.018531248884724037,0.009393342843401214,0.020538631103405956,1.2926749740838663,,,,,,,,,,,,,,,,,,,5.61344571170422,4.460000038146973,-0.11106296784631764,0.11883401982915553,65.90099399881012,0.07393649970061271,0.014816934487362701,0.12154311359386162,0.15313090109586983,0.0,62008.5,302508.46778222325,0.44760563224964045,1.0,0.4375,0.35714285714285715,0.4375,0.3939393939393939,0.2755102040816326,0.8712121212121212,,0.5790378006872852,0.3116438356164384,0.5008532423208191,0.4742268041237113,4.74,40.9,,48.87,
WHI,Whitefield Income Limited,Unknown,,Spotlight LIC List,AUD,2026-08-14,1.2999999523162842,210407632.0,162476939.0,1093448.0,0.0,-1093448.0,,,,,214632036.419,1.321,,,,,,,,,0.4415034185311051,,,,,,,,-0.6603819732881888,0,0.25,,10835998.0,3.278,0.25,,0.04,0.06,,,0.02,5,0.3,0.05150002353526796,,,0.98031795,,,0.03663,0.055120002,1.0,0.88681,0.78906,,1.088,1.082,0.13774,0.00777,,0.07,0.054,,,2026-08-14,0.00583,2026-07-14,0.05384615582121908,-0.002848966273720756,0.2,,284191392.0,-0.001629463955171384,-0.0296321120391716,-0.05654786379420551,-0.01938370392663369,1.309245377779007,1.2959165263175965,1.3208358186483382,-0.005533975621079268,0.004694376015141444,-0.014260495215254188,-0.014260495215254188,,,-0.0006184292510464928,0.003065724255472275,-0.003684153506518768,19.942532614137352,28.58163016906361,17.860544716110155,0.4047666894144887,0.0581096633841187,1.2891661452217804,1.2701723996543341,1.3029003916463504,1.3120677033975245,0.009857066131617586,0.024445195854854666,0.0006915098604672903,0.00773245565836684,0.07015372030925095,,,,,,,,,,,,,,,,,,,1.5045185078337002,1.2233687107179425,-0.13460682670426682,0.0642744369457342,49.42663674045414,0.022027449184895853,0.016918163141661908,0.21867901493716974,0.20475719587375132,0.0,275880.1,361194.74574621016,0.2423202704664475,0.8461538461538461,,0.5714285714285714,,0.31313131313131315,0.4489795918367347,0.8333333333333334,,0.22852233676975942,0.23630136986301364,0.5008532423208191,0.4948453608247423,4.95,,,31.22,
WIRE,Global X Copper Miners ETF,Unknown,,Spotlight ETP List,AUD,2026-08-14,24.510000228881836,,,,,,,,,,,,,,,,,,,,8.32403791243889,,,,,,,,-0.6603819732881888,0,0.25,,,,0.05,,0.04,0.06,,,0.02,5,0.3,,,,,,,,,,,,,,,,,,,,,,,0.664878,2026-07-02,,,,,,0.10779818640886307,0.0696196313441837,-0.011547393331075129,0.7290008019202388,23.08700008392334,22.83121097564697,22.354126176834107,0.046043207464929736,0.05776253586767677,0.08033744765909279,0.08033744765909279,,,0.6348738465043482,0.438236268320716,0.1966375781836322,19.007337459796293,67.93477697498679,76.81160096334922,0.7051483011935129,0.22443864851455944,23.878837359242738,23.450000762939453,24.208869891791085,25.24588058903242,0.01122825107953514,0.028985460316683063,0.002437692513073203,0.04537809473343754,0.21710349152382202,,,,,,,,,,,,,,,,,,,28.130434541405588,13.793372222274208,-0.14149923340204562,0.7508408552574026,57.10028424323545,0.6384073478951562,0.026435087286929265,0.42535235233413177,0.45861748252909057,0.0,207156.75,4782627.904635286,2.074708489737003,0.23076923076923078,,,,,,,,0.04810996563573888,0.06849315068493156,0.5008532423208191,0.9175257731958762,9.18,,,18.9,
WLE,WAM Leaders Limited,Unknown,,Spotlight LIC List,AUD,2026-08-14,1.350000023841858,1925288576.0,1380135164.0,,,0.0,1875229908.0,,,,,,,,,,,,,,0.4584843441580697,,,,,,,,-0.6603819732881889,0,0.25,,,,0.05,,0.04,0.06,,,0.02,5,0.3,,,,,,,,,0.0,0.0,0.0,,,,0.0401,0.01874,,0.1,0.0688,1.0341,0.0616,2026-11-17,0.048,2026-04-15,0.07407407276587888,0.0766580343877744,,,1925288576.0,-0.02545452117919922,0.011320743513260512,0.005488409104692504,0.0678925283951537,1.379749995470047,1.3584000062942505,1.3188183516263963,-0.028809539570177067,-0.013545327466425006,0.01606110631239166,0.01606110631239166,,,-0.0031077020443521786,0.0043169645572495915,-0.00742466660160177,21.262665954171084,6.25,15.00000000000002,-0.019308443606042686,0.05547674012408796,1.3314302225873833,1.3145320460564054,1.3452928776862048,1.356828554048742,0.0063953810281708184,0.019005960214778597,0.003949883713255292,0.012558597202203313,0.6176150718552296,,,,,,,,,,,,,,,,,,,1.4149999618530273,1.2128254853744511,-0.053003484449716476,0.10485807689379634,38.50015136696527,0.01939081508191328,0.014470757163357948,0.16606596584800923,0.14305338574835866,0.0,1088685.5,1502113.8136933057,0.4564030998801251,0.38461538461538464,,,,,,0.23106060606060605,,0.3694158075601375,0.327054794520548,0.5008532423208191,0.7663230240549829,7.66,,,39.83,
WMA,WAM Alternative Assets Limited,Unknown,,Spotlight LIC List,AUD,2026-08-14,1.0,195472336.0,197446793.0,282829.0,0.0,-282829.0,,47966005.0,,,228445939.50100002,1.157,,,-3.3756140991311976,1.1430986846391693,,-2.7004912793049582,3.3594624860022395,0.8868939174124749,0.33961802671181107,Overvalued,-4.375614099131198,0.1430986846391693,,-3.7004912793049582,2.3594624860022395,-0.11310608258752508,-0.6603819732881889,2,0.25,-2.531710574348398,-6860304.0,0.326,0.25,0.131,0.04,0.06,0.04786,0.04786,0.02,5,0.3,-0.035096035277339704,,,0.8556612,,,0.025009999,0.035269998,1.0,0.84265,0.56964,,0.055,0.053,0.0732,0.13979,,0.06,0.060599998,1.3869001,0.0461,2026-04-14,0.03,2026-04-14,0.06,-0.009900957422473914,,,194737856.0,0.0,0.010204071702683226,-0.003963410831292036,0.03602525740725149,0.9902500092983246,0.983700008392334,0.9779450914263725,-0.00025246125648470397,0.006404392691533367,0.012326784209109265,0.012326784209109265,,,0.001576601705915892,0.0016813113098233016,-0.00010470960390740946,17.12201952647961,50.0,61.11111111111112,0.492009965348739,0.031597016471621886,0.9807242108688491,0.9727969111813715,0.9919021802046066,1.0017366957753413,0.009369493513676386,0.01737686685823534,0.0019213844944845628,0.011855238510644215,0.2050681279281502,,,,,,,,,,,,,,,,,,,1.0181818015471436,0.9309090971946716,-0.02767854617670218,0.06347656556386028,51.06844116202411,0.01322223586192301,0.013355793671264883,0.1389397396945048,0.1777743779139643,0.0,139167.0,137810.12304401994,0.27988990537491704,1.0,0.052083333333333336,0.11224489795918367,0.052083333333333336,0.4949494949494949,0.29591836734693877,0.6515151515151515,,0.4828178694158075,0.3681506849315068,0.5008532423208191,0.3316151202749141,3.32,11.44,,45.96,
WMI,WAM Microcap Limited,Unknown,,Spotlight LIC List,AUD,2026-08-14,1.4199999570846558,426226080.0,281337346.0,,,0.0,,16673900.0,,,,,,,,,,,,,0.48225758335594726,,,,,,,,-0.6603819732881889,0,0.25,,,,0.05,,0.04,0.06,,,0.02,5,0.3,,,,,,,,,0.0,0.0,0.0,,,,0.05926,0.0069999998,,0.11,0.0706,0.7043,0.064,2026-05-15,0.0535,2026-05-15,0.07746479107354097,0.09723500104165686,,,426226080.0,-0.04391895701538606,-0.04391895701538606,-0.11236841495214445,-0.044092658396333695,1.461250013113022,1.447000002861023,1.5146546059846877,-0.03165101854231245,-0.022114748406858897,-0.06579364281328959,-0.06579364281328959,,,-0.004355516872742049,0.0031215661850250973,-0.007477083057767146,20.521701773849212,12.903215882679579,9.677411912009665,0.14564294022835753,0.08931956530712062,1.399999976158142,1.3799999952316284,1.4349205891117265,1.4535099152569584,0.010600696889943285,0.024734959409867665,0.014078182187801536,0.027215515506798987,1.3280430837671895,,,,,,,,,,,,,,,,,,,1.7332263129362966,1.3650000095367432,-0.1836034617684491,0.03663000144099149,41.39445288494973,0.03096723293324314,0.021884970860839948,0.27292237411734765,0.23476421276215204,0.0,286018.2,417944.09850056295,0.49081749496879523,0.38461538461538464,,,,,,0.23106060606060605,,0.14089347079037806,0.12328767123287676,0.5008532423208191,0.5309278350515464,5.31,,,24.45,
WMX,WAM Income Maximiser Limited,Unknown,,Spotlight LIC List,AUD,2026-08-14,1.6699999570846558,,,,,,,,,,,,,,,,,,,,0.5671620900339,,,,,,,,-0.6603819732881888,0,0.25,,,,0.05,,0.04,0.06,,,0.02,5,0.3,,,,,,,,,0.0,0.0,0.0,,,,0.05606,0.0,,,,,,,0.0063,2026-07-17,,,,,,-0.022561765712719173,0.041664526019116854,0.05636818333684679,0.04840900710289864,1.6995000004768372,1.6853928470611572,1.5968956637382508,-0.014416033041293908,-0.006166452387047494,0.04891007618819332,0.04891007618819332,,,-0.0031001315052212597,0.0011317206825872139,-0.004231852187808473,29.043305077025032,36.842059032422405,38.59644279587109,0.2218061752193886,0.05182010439183052,1.6589948014736817,1.6399999856948853,1.6763012510502002,1.6874107754177314,0.009555314207901698,0.020895503055387555,0.0007768947886335974,0.007409446838661022,0.08130499654225393,,,,,,,,,,,,,,,,,,,1.7684604444516885,1.4507159888286285,-0.052848505845083604,0.15460225517246307,45.54594093993029,0.02642091307616973,0.015773679897502925,0.15153100702362365,0.13315198502894016,0.0,530682.3,901894.5691030491,0.22004693655105947,0.23076923076923078,,,,,,0.23106060606060605,,0.4243986254295533,0.2688356164383562,0.5008532423208191,0.6924398625429553,6.92,,,40.84,
WOT,Wotso,Real Estate,,Spotlight A-REITS  List,AUD,2026-08-14,0.5849999785423279,93903760.0,160519253.751059,,,0.0,401542000.0,,,,,,,,,,,,,,0.1986765383389972,,,,,,,,-0.6603819732881889,0,0.25,,,,0.05,,0.04,0.06,,,0.02,5,0.3,,,,,,,,,,,,,,,,,,,,,,,0.0135,2026-03-01,,,,,93903760.0,0.06363630156871825,-0.11363643136891177,0.17301905965895248,-0.038344352653249314,0.5517499923706055,0.5575999987125396,0.5832250501215458,0.060262775951954506,0.04913913180246232,0.0030432993583047185,0.0030432993583047185,,,0.008621443012965302,0.0021329377796560234,0.0064885052333092785,21.418998049220214,94.44444812374458,94.44444812374458,0.8420209552863259,0.1761961512022119,0.5799999833106995,0.574999988079071,0.5880515053868294,0.5984593213804866,0.008547000709448131,0.017094001418896262,0.0052162853956082686,0.023007424498879523,0.6103059509334097,,,,,,,,,,,,,,,,,,,0.6899999976158142,0.44999998807907104,-0.152173941212025,0.2999999867545231,64.75930940976764,0.007912076886079226,0.013524918250072628,0.38348224096743533,0.3880452239385562,0.0,4973.55,2744.156174554825,0.1387532316475538,0.38461538461538464,,,,,,,,0.05841924398625431,0.36130136986301364,0.5008532423208191,0.037800687285223365,0.38,,,26.69,
WPR,Waypoint REIT,Real Estate,,Spotlight A-REITS  List,AUD,2026-08-14,2.490000009536743,1639214592.0,653073547.0,17000000.0,933000000.0,916000000.0,2880500000.0,,,,10449176.752,0.016,,,0.3053595165201405,0.016265868190252237,,0.2442876132161124,2.8980565973406067,1.3355369196793656,0.8456488897512594,Overvalued,-0.8773656564856994,-0.9934675228401793,,-0.9018925251885596,0.16387814708473886,-0.46363979334769634,-0.6603819732881889,1,0.25,0.22901963739010536,66037500.0,,0.05,0.811,0.04,0.06,0.08866,0.08866,0.02,5,0.3,0.04028606158235078,,,156.87498,,,0.03352,0.106750004,1.0,1.3835601,1.22236,49.258,0.604,0.423,0.01096,0.54284,,0.17,0.0677,0.55189997,0.0782,2026-06-29,0.0425,2026-06-29,0.06827309210799079,0.008465171462197846,0.2,,4437879808.0,0.016460889199236384,0.04262083210552836,0.019206162972150942,0.023464866568337017,2.4855000138282777,2.4488234233856203,2.430063315629959,-0.006236163802781247,0.008647665251148018,0.016434433096208068,0.016434433096208068,,,0.015664719066921684,0.01935583047472229,-0.003691111407800606,14.775894375273769,36.36363636363637,51.51515151515152,0.3339751534986529,0.03756162968493179,2.461086441029392,2.4213890097296393,2.4806614318805496,2.49586879690042,0.0036087398694698842,0.019680574217621222,0.0043163575493231085,0.010473185421275443,1.1960844243276454,,,,,,,,,,,,,,,,,,,2.6378702324910526,2.2510698162823766,-0.0636385375645625,0.09725607386509871,49.0029800582862,0.045677199782389856,0.018492793219962268,0.12220194818744812,0.1516353303010965,0.0,954970.1,2373578.196755592,0.27696603009546683,0.9230769230769231,0.28125,0.5,0.28125,0.0,0.7448979591836735,0.9621212121212122,,0.5738831615120275,0.18835616438356162,0.5008532423208191,0.8333333333333334,8.33,31.88,,45.56,
WQG,WCM Global Growth Limited,Unknown,,Spotlight LIC List,AUD,2026-08-14,2.0999999046325684,558753472.0,276610625.0,469342016.0,0.0,-469342016.0,,54324000.0,,,513389320.0,1.856,,,3.2404933052480205,1.9251244359481763,,2.5923946441984165,2.1781219748305904,4.071138452003494,0.7131978237063044,Undervalued,0.5430921201946441,-0.0832740364885824,,0.2344736961557154,0.03720098749799272,0.9386374461363656,-0.6603819732881889,3,0.25,2.4303699789360156,37551124.0,-0.481,-0.1,0.522,0.04,0.06,0.07132,0.07132,0.02,5,0.3,0.06720517344722647,,,1.0883621,,,0.09009,0.111219995,1.0,0.90436,0.61225,,135.001,134.957,0.045050003,0.060890004,,0.09,0.0421,0.4253,0.044500000000000005,2026-06-10,0.0221,2026-06-10,0.04285714480341706,0.01798443713579723,-0.1,,-9539803.0,0.03448272622135784,0.1301319225734665,0.12644552211701265,0.1846312777083563,2.044499957561493,1.9723101782798766,1.8813448160886765,0.027145976142386896,0.06474119930976308,0.1162227608006896,0.1162227608006896,,,0.029813158973742038,0.02781082213709399,0.0020023368366480464,16.001196181338543,90.9090909090909,93.93939393939392,0.9718323419289189,0.05753309752233247,2.0965435178970133,2.0799999237060547,,,0.0016458985202476924,0.009523800873701953,,,,,,,,,,,,,,,,,,,,,,2.109999895095825,1.5913223914174155,-0.004739332208735791,0.31965710779829215,61.380927608918256,0.042141897580660385,0.020067571187834813,0.23522081445809773,0.2395033423908455,0.0,258155.5,527798.9087942659,0.5793596228027257,1.0,0.5833333333333334,0.6428571428571429,0.5833333333333334,0.16161616161616166,0.7755102040816326,0.6893939393939394,,0.19759450171821302,0.1523972602739726,0.5008532423208191,0.5756013745704467,5.76,55.9,,27.73,
WRLD,Betashares Managed Risk Global Shares Complex ETF,Unknown,,Spotlight ETP List,AUD,2026-08-14,24.110000610351562,,,,,,,,,,,,,,,,,,,,8.188190831308157,,,,,,,,-0.6603819732881889,0,0.25,,,,0.05,,0.04,0.06,,,0.02,5,0.3,,,,,,,,,,,,,,,,,,,,,,,0.063209,2026-01-01,,,,,,0.013025268202878415,0.05931460315877368,0.10850577518857762,0.10448495414108994,23.72500009536743,23.604800148010256,22.58729299545288,0.016227629649590902,0.02140244607764208,0.06741434731489182,0.06741434731489182,,,0.1781714601417157,0.13125762631111015,0.046913833830605545,22.436136603241863,86.02160020345045,90.68106680230028,0.7781690717278246,0.058337289436220574,23.96500015258789,23.650000254313152,24.200000762939453,,0.006014120866567558,0.019079234524818318,0.003732897150954418,,0.6206887479940018,,,,,,,,,,,,,,,,,,,24.239999771118164,20.8799991607666,-0.005363001732429651,0.15469356223223008,60.85350253161092,0.14701462798809192,0.006097661728178124,0.11827621714880492,0.0953328094481023,0.0,1896.95,45005.13893090725,0.29860448513126103,0.23076923076923078,,,,,,,,0.604810996563574,0.7534246575342466,0.5008532423208191,0.19931271477663232,1.99,,,61.08,
WVOL,iShares Edge MSCI World Minimum Volatility ETF,Unknown,,Spotlight ETP List,AUD,2026-08-14,46.529998779296875,,,,,,,,,,,,,,,,,,,,15.802426368327783,,,,,,,,-0.6603819732881889,0,0.25,,,,0.05,,0.04,0.06,,,0.02,5,0.3,,,,,,,,,,,,,,,,,,,,,,,0.659741,2026-07-01,,,,,,0.03865811471568903,0.08176210105205661,0.05763715645889933,0.07962847036059695,45.798500061035156,45.36612632751465,44.23993839263916,0.020775788239719484,0.030504558896976564,0.05673745711586431,0.05673745711586431,,,0.36955964984995404,0.2971748623216574,0.07238478752829663,29.52800945546512,98.46150234604019,96.53773449537528,0.9166755198125474,0.04986083235479246,46.16999816894531,45.82249927520752,,,0.012406456279244653,0.01983958769609584,,,,,,,,,,,,,,,,,,,,,,46.77000045776367,42.368753426668384,-0.000427634329012494,0.10340749299869434,72.2784126156743,0.24705697618825836,0.005284641201887879,0.06973567786115734,0.07187067290548071,0.0,5961.05,273007.14878883364,0.19157395921584228,0.23076923076923078,,,,,,,,0.8298969072164948,0.7842465753424658,0.5008532423208191,0.4536082474226804,4.54,,,71.98,
WWWW,ETFS US Technology ETF,Unknown,,Spotlight ETP List,AUD,2026-08-14,14.720000267028809,,,,,,,,,,,,,,,,,,,,4.999177443885656,,,,,,,,-0.6603819732881889,0,0.25,,,,0.05,,0.04,0.06,,,0.02,5,0.3,,,,,,,,,,,,,,,,,,,,,,,0.089783,2026-06-30,,,,,,0.011548918016987209,0.05220652534898118,0.26978141193461225,0.19867372227519953,14.403500127792359,14.477511558532715,13.248588581085205,0.033776527317250116,0.028491690931990776,0.12389333038697914,0.12389333038697914,,,0.109948783546157,0.04555617301305955,0.06439261053309744,20.39599329950981,100.0,96.93486842033145,0.8488371994763103,0.09682604770350456,14.736276944478353,14.420000076293945,14.946226119995117,,0.010323935211548596,0.0315648258020071,0.0037760762509033165,,0.36575939053543355,,,,,,,,,,,,,,,,,,,14.946226119995117,11.080479621887207,-0.0037618711386377957,0.34380467736347997,65.29087656238505,0.10015098020814314,0.006726056272594693,0.22039094465429113,0.20014500040819191,0.0,422.7,6088.35950401783,0.2993340090944818,0.23076923076923078,,,,,,,,0.2233676975945017,0.7174657534246576,0.5008532423208191,0.054982817869415807,0.55,,,43.01,
WXHG,SPDR S&P World ex Australia Carbon Aware (Hedged) ETF,Unknown,,Spotlight ETP List,AUD,2026-08-14,29.59000015258789,,,,,,,,,,,,,,,,,,,,10.04929746222409,,,,,,,,-0.6603819732881889,0,0.25,,,,0.05,,0.04,0.06,,,0.02,5,0.3,,,,,,,,,,,,,,,,,,,,,,,2.029915,2026-06-29,,,,,,0.047669073616234625,0.09441272217056618,0.1294801627388844,0.2036486966948865,28.81649990081787,28.45610252380371,26.947254972457884,0.037252945101778234,0.05038978421747187,0.10920386585565978,0.10920386585565978,,,0.3794505114381117,0.27975637536103476,0.09969413607707694,22.59774663756997,100.0,92.9093815178267,0.9365332662055372,0.08533815859118994,28.543280146979424,28.219999313354492,,,0.045055847111706945,0.055871532632827785,,,,,,,,,,,,,,,,,,,,,,29.889999389648438,24.208512016116412,0.0,0.23468965666909525,71.34698198785914,0.24474009023608526,0.008188025936221468,0.13893836373232846,0.12216274138038014,0.0,16421.95,473223.12054623605,0.7766471624431478,0.23076923076923078,,,,,,,,0.48453608247422686,0.6164383561643836,0.5008532423208191,0.5498281786941581,5.5,,,52.24,
WXOZ,SPDR S&P World ex Australia Carbon Aware ETF,Unknown,,Spotlight ETP List,AUD,2026-08-14,51.75,,,,,,,,,,,,,,,,,,,,17.575232882336223,,,,,,,,-0.6603819732881889,0,0.25,,,,0.05,,0.04,0.06,,,0.02,5,0.3,,,,,,,,,,,,,,,,,,,,,,,3.000624,2026-06-29,,,,,,0.04002401343090978,0.10294704833703316,0.12385061778430506,0.1003062996777897,50.37000026702881,49.85710807800293,47.89726947784424,0.031764958213066574,0.042378975118141815,0.08503056201863024,0.08503056201863024,,,0.6142651369895162,0.45975139523632,0.1545137417531962,24.450428045135,98.95837610516905,96.90621204434306,0.892258699550434,0.08097961434500285,50.98500061035156,50.439998626708984,,,0.018953253554267205,0.029440110795776513,,,,,,,,,,,,,,,,,,,,,,52.0,43.26486715555781,-0.0005768996018630235,0.20120561179227048,73.97069439006829,0.3477953779290076,0.006692233399264526,0.08920129099650156,0.08645506329094067,0.0,21631.1,1089558.5127761269,0.5068661564438945,0.23076923076923078,,,,,,,,0.7697594501718213,0.720890410958904,0.5008532423208191,0.7164948453608248,7.16,,,67.69,
WYNC,iShares World Equity High Income Complex ETF,Unknown,,Spotlight ETP List,AUD,2026-08-14,26.34000015258789,,,,,,,,,,,,,,,,,,,,8.945538875410701,,,,,,,,-0.6603819732881889,0,0.25,,,,0.05,,0.04,0.06,,,0.02,5,0.3,,,,,,,,,,,,,,,,,,,,,,,,,,,,,,0.02723730874748642,,,,25.868000030517578,,,0.020565934257966267,,,,,,0.2038319295617903,0.1549428703250697,0.0488890592367206,43.837824603513475,98.8371835134224,95.4457079695736,0.9296450982488099,0.047867261471831034,26.31999969482422,26.155000686645508,,,0.0030303001841675177,0.009280262705488823,,,,,,,,,,,,,,,,,,,,,,26.40999984741211,25.239999771118164,-0.0003786531215302924,0.04595878993388447,73.70162172289251,0.10118795383550168,0.003832877094607131,0.07016409391524835,,0.0,5174.85,133863.0199579239,0.15823584557214623,0.23076923076923078,,,,,,,,0.8281786941580755,0.845890410958904,0.5008532423208191,0.32989690721649484,3.3,,,73.44,
XALG,Alphinity Global Equity Fund - Active ETF,Unknown,,Spotlight ETP List,AUD,2026-08-14,10.4399995803833,,,,,,,,,,,,,,,,,,,,3.5456120563619127,,,,,,,,-0.6603819732881889,0,0.25,,,,0.05,,0.04,0.06,,,0.02,5,0.3,,,,,,,,,,,,,,,,,,,,,,,0.250885,2026-07-01,,,,,,0.004324851268506125,0.06669987523908616,0.07635817589156746,-0.020238176774921124,10.33199987411499,10.331645069122315,10.149565205574035,0.011420822356548399,0.011455556143381562,0.02960073634741578,0.02960073634741578,,,0.033064710299450795,0.019091515093871865,0.01397319520557893,18.5144197118423,97.49994039529838,89.9999205270645,0.7727743476606669,0.04186912169158918,10.343537330627441,10.225210673268018,10.456961164855358,10.56876948650923,0.010187797184771618,0.021510922497607814,0.0006661584418450199,0.011365519560946877,0.0653878782393481,,,,,,,,,,,,,,,,,,,10.95887557564382,9.073792457580566,-0.04643503458599918,0.151668374400038,56.86812952191135,0.06274162592920188,0.006003983452092903,0.12234228944861879,0.11684692807342838,0.0,2889.35,29852.763836274145,0.3405987657836336,0.23076923076923078,,,,,,,,0.570446735395189,0.7568493150684932,0.5008532423208191,0.16494845360824742,1.65,,,59.62,
XARO,Ardea Real Outcome Bond Complex ETF,Unknown,,Spotlight ETP List,AUD,2026-08-14,25.25,,,,,,,,,,,,,,,,,,,,8.57535517447323,,,,,,,,-0.6603819732881889,0,0.25,,,,0.05,,0.04,0.06,,,0.02,5,0.3,,,,,,,,,,,,,,,,,,,,,,,0.122637,2026-03-31,,,,,,0.004769508742494821,0.017303834952711927,0.012217480873909947,0.046075048420627374,25.20749979019165,25.058799934387206,24.830221405029295,0.0028761637233878368,0.008827268378273523,0.01811418731550707,0.01811418731550707,,,0.053007952269133796,0.057060576025116924,-0.0040526237559831285,23.82545243803661,86.36414866962018,75.75781220649135,0.9346730696809947,0.006616843609609133,25.100204981849558,24.828350087767706,25.293333053588867,,0.007112171673750366,0.01786592510325333,0.0005273879185613462,,0.07415286676892682,,,,,,,,,,,,,,,,,,,25.309999465942383,24.05828853953629,-0.0011852540470118633,0.05078134070515916,63.291572187548155,0.0818781503382491,0.0032388507956608685,0.023317424675687776,0.033660764909826175,0.0,7824.65,197239.8632333231,0.011375503957481891,0.23076923076923078,,,,,,,,0.9432989690721649,0.8784246575342466,0.5008532423208191,0.3900343642611684,3.9,,,79.43,
XASG,Alphinity Global Sustainable Equity Fund - Active ETF,Unknown,,Spotlight ETP List,AUD,2026-08-14,6.900000095367432,,,,,,,,,,,,,,,,,,,,2.343364416699995,,,,,,,,-0.660381973288189,0,0.25,,,,0.05,,0.04,0.06,,,0.02,5,0.3,,,,,,,,,,,,,,,,,,,,,,,0.00991,2026-07-01,,,,,,-0.00862068138659311,0.04694316248650754,0.0630499010917267,-0.021271312875714155,6.94000015258789,6.870155601501465,6.767748217582703,-0.00576369687910494,0.004344078299979737,0.019541489064432982,0.019541489064432982,,,-0.001388373311266733,0.009168404933530593,-0.010556778244797326,28.466407320895488,26.666624281168442,26.666624281168442,0.3285013427015058,0.03360782509843911,6.8888946981991035,6.732232397252863,6.9647657475329625,7.019000363349915,0.0016094778282371564,0.024314158810983984,0.009386326271069717,0.017246415411266196,5.831907781762026,,,,,,,,,,,,,,,,,,,7.2097344398498535,6.10131302654967,-0.04296057601933978,0.13090412921649808,45.98843185088715,0.010789659221190606,0.0015637187060960536,0.07774925684680462,0.0945409644969531,0.0,724.8,5030.112110595703,0.12070275648241356,0.23076923076923078,,,,,,,,0.8109965635738832,0.9417808219178082,0.5008532423208191,0.05326460481099656,0.53,,,75.06,
XGOV,VanEck 10+ Year Australian Government Bond ETF,Unknown,,Spotlight ETP List,AUD,2026-08-14,49.81999969482422,,,,,,,,,,,,,,,,,,,,16.919769987139233,,,,,,,,-0.6603819732881889,0,0.25,,,,0.05,,0.04,0.06,,,0.02,5,0.3,,,,,,,,,,,,,,,,,,,,,,,0.18,2026-08-03,,,,,,-0.0015930434096298463,0.02814990727980704,0.0012060699230656002,-0.005347143364790918,49.652327919006346,49.830887985229495,49.32072452545166,0.0029741066379622705,-0.0006198715178044045,0.009717511577948645,0.009717511577948645,,,0.0005482799653080406,-0.016669418371824087,0.017217698337132128,8.542411929995291,65.01109035037918,64.43975057875936,0.700235645592273,0.014853032931101306,49.71076944323072,49.18839033611537,50.226663789211166,51.22857666015625,0.0017917629557597696,0.01228130341998131,0.008567561419420678,0.028686294075935915,4.781637767361774,,,,,,,,,,,,,,,,,,,51.22857666015625,47.749991666797435,-0.02788633837267629,0.042932103204712524,51.75366125113452,0.21247418433612186,0.004266549951631348,0.064958643986685,0.08491883928076421,0.0,21221.9,1053716.737864361,0.21649523818378913,0.23076923076923078,,,,,,,,0.8419243986254296,0.821917808219178,0.5008532423208191,0.711340206185567,7.11,,,73.46,
XMET,Betashares Energy Transition Metals ETF,Unknown,,Spotlight ETP List,AUD,2026-08-14,15.420000076293945,,,,,,,,,,,,,,,,,,,,5.236909997806925,,,,,,,,-0.6603819732881889,0,0.25,,,,0.05,,0.04,0.06,,,0.02,5,0.3,,,,,,,,,,,,,,,,,,,,,,,0.543692,2026-07-01,,,,,,0.0818377146212168,-0.05259959490071808,-0.024821867829817545,0.5016432793745988,14.15499997138977,14.595731182098389,14.800748333930969,0.06464145003771504,0.03249364535484989,0.018191739688998565,0.018191739688998565,,,0.2635193726814773,0.039299718704788336,0.22421965397668897,23.28567058564756,75.09880707769658,87.54967606153923,0.776568515838742,0.2337267126797804,14.986025799774442,14.557027190575747,15.192316232656367,16.186258030550658,0.005572255922381843,0.0340393174941239,0.008116558746458221,0.07407155662450458,1.45660193277498,,,,,,,,,,,,,,,,,,,18.364990225729475,9.51509024070133,-0.17941694988157153,0.5837999759961765,58.39976452654805,0.39574393454355705,0.026260381058897768,0.3258526062610898,0.37652229047145347,0.0,50558.4,715654.1505535126,1.9048460814754287,0.23076923076923078,,,,,,,,0.09965635738831613,0.07191780821917804,0.5008532423208191,0.6408934707903781,6.41,,,21.31,
XX20,First Sentier ex-20 Australian Share Fund Active ETF,Unknown,,Spotlight ETP List,AUD,2026-08-14,1.3700000047683716,,,,,,,,,,,,,,,,,,,,0.46527669821460627,,,,,,,,-0.6603819732881888,0,0.25,,,,0.05,,0.04,0.06,,,0.02,5,0.3,,,,,,,,,,,,,,,,,,,,,,,0.017643,2026-07-01,,,,,,0.08267718161451065,0.14311934843104157,0.06458444666572527,,1.2942500054836272,1.2724816942214965,,0.06239134183831707,0.08056564290398227,,,,,0.02705523042325164,0.019090061130696303,0.007965169292555339,35.99415904414349,100.0,98.80952482320835,0.9425669681888572,0.14097604729436733,1.3350000381469727,1.3211621046066284,1.4417354530758328,1.4641236066818237,0.02909088134765625,0.03915483301336115,0.04853487496424207,0.06481716849587181,1.6683879179945282,,,,,,,,,,,,,,,,,,,1.4789127111434937,1.084536075592041,-0.07026291028572507,0.26782320196162823,81.85592058483454,0.009482667857117636,0.006896485714267372,0.18931137156852493,0.193533731284491,0.0,42946.3,55583.2490105015,0.2182640364854368,0.23076923076923078,,,,,,,,0.30927835051546393,0.7054794520547945,0.5008532423208191,0.22852233676975944,2.29,,,46.58,
YANK,Betashares Strong Us Dollar Complex ETF,Unknown,,Spotlight ETP List,AUD,2026-08-14,10.289999961853027,,,,,,,,,,,,,,,,,,,,3.4946694819091357,,,,,,,,-0.660381973288189,0,0.25,,,,0.05,,0.04,0.06,,,0.02,5,0.3,,,,,,,,,,,,,,,,,,,,,,,0.475409,2025-07-01,,,,,,-0.020000003633044994,0.047861535808043865,0.01881183893140137,-0.16747570811670232,10.38600001335144,10.46419994354248,10.756674966812135,-0.009243216962738554,-0.016647233675705198,-0.04338468963680253,-0.04338468963680253,,,-0.06322184113786022,-0.044357111640323604,-0.01886472949753662,16.824491912518475,15.384709435254129,10.25655446738965,0.2923144999342669,0.044505836757082376,10.266666730244955,10.107500076293945,10.411999893188476,10.529999732971191,0.002267563818714579,0.017735654639032417,0.011856164410857658,0.023323593003682072,5.2285912806540535,,,,,,,,,,,,,,,,,,,12.739999771118164,9.600000381469727,-0.19230768079127725,0.07187495343387318,43.41093280046722,0.06355389801196909,0.006176277769443673,0.1350415938235337,0.14482842481743433,0.0,4437.55,46088.394359247686,-0.7428080406867125,0.23076923076923078,,,,,,,,0.5017182130584192,0.75,0.5008532423208191,0.2027491408934708,2.03,,,56.35,
YMAX,Betashares Australian Top 20 Equities Yield Maximiser Complex ETF,Unknown,,Spotlight ETP List,AUD,2026-08-14,7.570000171661377,,,,,,,,,,,,,,,,,,,,2.5709085205077087,,,,,,,,-0.6603819732881888,0,0.25,,,,0.05,,0.04,0.06,,,0.02,5,0.3,,,,,,,,,,,,,,,,,,,,,,,0.050236,2026-08-03,,,,,,0.016082049135952126,0.057680155125436006,0.017434494204770168,0.038095196774609486,7.542205095291138,7.421538009643554,7.268850753307342,-0.0016182118264601586,0.014614517910419567,0.035927200236183676,0.035927200236183676,,,0.052651080332856814,0.06325939075589324,-0.010608310423036421,20.691337673521137,27.132633185105274,46.766961300143265,0.4667563664564435,0.04867734522280584,7.528961993501954,7.4318250147559555,7.639302702249263,7.690000057220459,0.00013787732768492957,0.013037874145675867,0.014515602841357066,0.021248319117401673,105.27911357933627,,,,,,,,,,,,,,,,,,,7.690000057220459,6.811844934543461,-0.020806221875366404,0.10542742563370178,51.56407341212646,0.07128778587809766,0.009467169175538715,0.07799561499716688,0.087227307481839,0.0,123919.7,934627.7927469491,0.7507914837308013,0.23076923076923078,,,,,,,,0.8092783505154639,0.5308219178082192,0.5008532423208191,0.6941580756013745,6.94,,,64.71,
ZILR,Ziller Global Fund Active ETF,Unknown,,Spotlight ETP List,AUD,2026-08-14,4.300000190734863,,,,,,,,,,,,,,,,,,,,1.4603575796377857,,,,,,,,-0.6603819732881888,0,0.25,,,,0.05,,0.04,0.06,,,0.02,5,0.3,,,,,,,,,,,,,,,,,,,,,,,0.5863,2026-06-29,,,,,,-0.04867252015929313,0.008469338195470577,,,4.358500123023987,4.4246948623657225,,-0.013422032955808572,-0.028181530141536015,,,,,-0.04959541613801388,-0.04525322381196269,-0.004342192326051195,28.91153497138751,0.0,0.0,0.285361218421359,0.06253312126117747,4.253764584007289,4.2024736404418945,4.304744213819504,4.411492347717285,0.01075246620388466,0.022680592085346306,0.0011032611335372422,0.025928407450458286,0.10260540350628167,,,,,,,,,,,,,,,,,,,4.78000020980835,3.9480440616607666,-0.10041840962444881,0.08914696076771866,31.344210579764038,0.015921138849998566,0.0037025902659966322,0.12364611144579205,0.3599829872260158,0.0,1725.45,7520.374037271738,0.474447171213486,0.23076923076923078,,,,,,,,0.563573883161512,0.8493150684931507,0.5008532423208191,0.07216494845360824,0.72,,,61.62,
ZYAU,Global X S&P/ASX 200 High Dividend ETF,Unknown,,Spotlight ETP List,AUD,2026-08-14,10.460000038146973,,,,,,,,,,,,,,,,,,,,3.5524045723609436,,,,,,,,-0.6603819732881889,0,0.25,,,,0.05,,0.04,0.06,,,0.02,5,0.3,,,,,,,,,,,,,,,,,,,,,,,0.121599,2026-07-02,,,,,,0.021547528521727255,0.026869409404800315,0.051466808315286716,0.1379151333745634,10.426750040054321,10.271938438415527,9.969181156158447,0.0003117237019181207,0.015387735013006498,0.0462243730752816,0.0462243730752816,,,0.06230969091716965,0.07695470358782266,-0.014645012670653018,34.06488134231738,35.48401982409347,43.30944393788182,0.5065413325264193,0.047654464997627204,10.377658062448969,10.213823171012686,10.459112329233328,10.56127107598924,0.005018431562349812,0.020726474385223098,0.002791181515411855,0.012585883698231187,0.5561860275932352,,,,,,,,,,,,,,,,,,,10.838836356558874,8.993666552945134,-0.03771955198268995,0.15970502617314564,53.227742186826205,0.08940898615293527,0.008572289888483223,0.09740693311965476,0.08784311340089224,0.0,20315.4,211823.59776371956,0.714484142280611,0.23076923076923078,,,,,,,,0.7199312714776632,0.5941780821917808,0.5008532423208191,0.40378006872852235,4.04,,,62.28,
ZYUS,Global X S&P 500 High Yield Low Volatility ETF,Unknown,,Spotlight ETP List,AUD,2026-08-14,14.8100004196167,,,,,,,,,,,,,,,,,,,,5.029743118111318,,,,,,,,-0.6603819732881889,0,0.25,,,,0.05,,0.04,0.06,,,0.02,5,0.3,,,,,,,,,,,,,,,,,,,,,,,0.22678,2026-07-02,,,,,,0.018317534732443796,0.11347097372288961,0.03766703147457107,0.05109879314602783,14.926999950408936,14.690131244659424,14.151934032440186,0.005560412591187003,0.021774412964397305,0.0606324333108621,0.0606324333108621,,,0.03880925977622951,0.06830273082917497,-0.02949347105294546,14.093147853514173,45.833366447056456,26.388899926796608,0.6278508665935182,0.04349139539949589,14.804638052319232,14.680000305175781,15.170000076293945,15.375,0.013681690435117473,0.021985337686476366,0.01065954996484557,0.024317106299295146,0.7791105942205193,,,,,,,,,,,,,,,,,,,15.399999618530273,13.24342308988707,-0.02532463631876747,0.13339278878311744,57.07700779615911,0.15926255830874797,0.010610430105277366,0.14815820949421812,0.15873633932875797,0.0,4673.2,69756.85616825103,-0.018018260678779312,0.23076923076923078,,,,,,,,0.436426116838488,0.47089041095890416,0.5008532423208191,0.25773195876288657,2.58,,,46.44,
